<?xml version="1.0" encoding="UTF-8"?>
<gpx creator="StravaGPX" version="1.1" xmlns="http://www.topografix.com/GPX/1/1" xmlns:xsi="http://www.w3.org/2001/XMLSchema-instance" xsi:schemaLocation="http://www.topografix.com/GPX/1/1 http://www.topografix.com/GPX/1/1/gpx.xsd">
 <trk>
  <name>Morning Ride</name>
  <type>cycling</type>
  <trkseg>
   <trkpt lat="-36.8465350" lon="-70.6765950">
    <ele>1269.6</ele>
   </trkpt>
   <trkpt lat="-36.8461730" lon="-70.6765030">
    <ele>1270.0</ele>
   </trkpt>
   <trkpt lat="-36.8460700" lon="-70.6764870">
    <ele>1270.0</ele>
   </trkpt>
   <trkpt lat="-36.8456620" lon="-70.6764200">
    <ele>1270.6</ele>
   </trkpt>
   <trkpt lat="-36.8452860" lon="-70.6763510">
    <ele>1270.6</ele>
   </trkpt>
   <trkpt lat="-36.8451950" lon="-70.6763310">
    <ele>1270.4</ele>
   </trkpt>
   <trkpt lat="-36.8451690" lon="-70.6763240">
    <ele>1270.4</ele>
   </trkpt>
   <trkpt lat="-36.8451420" lon="-70.6763100">
    <ele>1270.4</ele>
   </trkpt>
   <trkpt lat="-36.8451000" lon="-70.6763020">
    <ele>1270.2</ele>
   </trkpt>
   <trkpt lat="-36.8449950" lon="-70.6762650">
    <ele>1270.2</ele>
   </trkpt>
   <trkpt lat="-36.8448900" lon="-70.6762200">
    <ele>1270.0</ele>
   </trkpt>
   <trkpt lat="-36.8446160" lon="-70.6760520">
    <ele>1269.2</ele>
   </trkpt>
   <trkpt lat="-36.8443880" lon="-70.6756340">
    <ele>1266.2</ele>
   </trkpt>
   <trkpt lat="-36.8441890" lon="-70.6752320">
    <ele>1262.4</ele>
   </trkpt>
   <trkpt lat="-36.8440150" lon="-70.6748170">
    <ele>1260.2</ele>
   </trkpt>
   <trkpt lat="-36.8439410" lon="-70.6742900">
    <ele>1256.4</ele>
   </trkpt>
   <trkpt lat="-36.8439530" lon="-70.6737960">
    <ele>1252.2</ele>
   </trkpt>
   <trkpt lat="-36.8439390" lon="-70.6736370">
    <ele>1250.4</ele>
   </trkpt>
   <trkpt lat="-36.8439200" lon="-70.6735890">
    <ele>1250.0</ele>
   </trkpt>
   <trkpt lat="-36.8438970" lon="-70.6735560">
    <ele>1249.6</ele>
   </trkpt>
   <trkpt lat="-36.8438600" lon="-70.6735300">
    <ele>1249.4</ele>
   </trkpt>
   <trkpt lat="-36.8438150" lon="-70.6735160">
    <ele>1249.4</ele>
   </trkpt>
   <trkpt lat="-36.8437690" lon="-70.6735130">
    <ele>1249.4</ele>
   </trkpt>
   <trkpt lat="-36.8436710" lon="-70.6735040">
    <ele>1249.6</ele>
   </trkpt>
   <trkpt lat="-36.8435830" lon="-70.6734960">
    <ele>1250.6</ele>
   </trkpt>
   <trkpt lat="-36.8435410" lon="-70.6735110">
    <ele>1251.0</ele>
   </trkpt>
   <trkpt lat="-36.8435100" lon="-70.6735320">
    <ele>1251.4</ele>
   </trkpt>
   <trkpt lat="-36.8434420" lon="-70.6735840">
    <ele>1251.6</ele>
   </trkpt>
   <trkpt lat="-36.8433510" lon="-70.6736770">
    <ele>1252.6</ele>
   </trkpt>
   <trkpt lat="-36.8433290" lon="-70.6737200">
    <ele>1253.0</ele>
   </trkpt>
   <trkpt lat="-36.8432780" lon="-70.6738210">
    <ele>1254.2</ele>
   </trkpt>
   <trkpt lat="-36.8432700" lon="-70.6738500">
    <ele>1254.6</ele>
   </trkpt>
   <trkpt lat="-36.8432440" lon="-70.6739120">
    <ele>1255.6</ele>
   </trkpt>
   <trkpt lat="-36.8432350" lon="-70.6739450">
    <ele>1256.2</ele>
   </trkpt>
   <trkpt lat="-36.8432180" lon="-70.6739730">
    <ele>1256.6</ele>
   </trkpt>
   <trkpt lat="-36.8431860" lon="-70.6740470">
    <ele>1257.4</ele>
   </trkpt>
   <trkpt lat="-36.8431650" lon="-70.6740720">
    <ele>1257.8</ele>
   </trkpt>
   <trkpt lat="-36.8431330" lon="-70.6741280">
    <ele>1258.6</ele>
   </trkpt>
   <trkpt lat="-36.8431240" lon="-70.6741620">
    <ele>1258.8</ele>
   </trkpt>
   <trkpt lat="-36.8431100" lon="-70.6741880">
    <ele>1259.0</ele>
   </trkpt>
   <trkpt lat="-36.8430610" lon="-70.6742900">
    <ele>1259.8</ele>
   </trkpt>
   <trkpt lat="-36.8430460" lon="-70.6743210">
    <ele>1260.4</ele>
   </trkpt>
   <trkpt lat="-36.8430290" lon="-70.6743460">
    <ele>1260.8</ele>
   </trkpt>
   <trkpt lat="-36.8429570" lon="-70.6744580">
    <ele>1262.4</ele>
   </trkpt>
   <trkpt lat="-36.8429410" lon="-70.6744900">
    <ele>1262.6</ele>
   </trkpt>
   <trkpt lat="-36.8428410" lon="-70.6746710">
    <ele>1265.6</ele>
   </trkpt>
   <trkpt lat="-36.8428270" lon="-70.6747030">
    <ele>1265.8</ele>
   </trkpt>
   <trkpt lat="-36.8428100" lon="-70.6747280">
    <ele>1266.0</ele>
   </trkpt>
   <trkpt lat="-36.8427900" lon="-70.6747490">
    <ele>1266.4</ele>
   </trkpt>
   <trkpt lat="-36.8427650" lon="-70.6747670">
    <ele>1267.0</ele>
   </trkpt>
   <trkpt lat="-36.8427400" lon="-70.6747910">
    <ele>1267.4</ele>
   </trkpt>
   <trkpt lat="-36.8426360" lon="-70.6748630">
    <ele>1269.8</ele>
   </trkpt>
   <trkpt lat="-36.8426040" lon="-70.6748720">
    <ele>1270.6</ele>
   </trkpt>
   <trkpt lat="-36.8425380" lon="-70.6748780">
    <ele>1271.0</ele>
   </trkpt>
   <trkpt lat="-36.8425060" lon="-70.6748710">
    <ele>1271.4</ele>
   </trkpt>
   <trkpt lat="-36.8424730" lon="-70.6748610">
    <ele>1271.6</ele>
   </trkpt>
   <trkpt lat="-36.8424410" lon="-70.6748420">
    <ele>1271.8</ele>
   </trkpt>
   <trkpt lat="-36.8424060" lon="-70.6748300">
    <ele>1272.2</ele>
   </trkpt>
   <trkpt lat="-36.8423760" lon="-70.6748120">
    <ele>1272.8</ele>
   </trkpt>
   <trkpt lat="-36.8423450" lon="-70.6747840">
    <ele>1273.2</ele>
   </trkpt>
   <trkpt lat="-36.8420800" lon="-70.6744620">
    <ele>1274.6</ele>
   </trkpt>
   <trkpt lat="-36.8419500" lon="-70.6742880">
    <ele>1275.2</ele>
   </trkpt>
   <trkpt lat="-36.8419130" lon="-70.6742560">
    <ele>1275.4</ele>
   </trkpt>
   <trkpt lat="-36.8418020" lon="-70.6741630">
    <ele>1275.8</ele>
   </trkpt>
   <trkpt lat="-36.8416690" lon="-70.6740970">
    <ele>1276.2</ele>
   </trkpt>
   <trkpt lat="-36.8413130" lon="-70.6739960">
    <ele>1278.0</ele>
   </trkpt>
   <trkpt lat="-36.8409160" lon="-70.6738930">
    <ele>1279.2</ele>
   </trkpt>
   <trkpt lat="-36.8405490" lon="-70.6737890">
    <ele>1281.0</ele>
   </trkpt>
   <trkpt lat="-36.8402010" lon="-70.6736690">
    <ele>1282.2</ele>
   </trkpt>
   <trkpt lat="-36.8398060" lon="-70.6735480">
    <ele>1283.2</ele>
   </trkpt>
   <trkpt lat="-36.8394640" lon="-70.6734820">
    <ele>1283.2</ele>
   </trkpt>
   <trkpt lat="-36.8390720" lon="-70.6733600">
    <ele>1284.2</ele>
   </trkpt>
   <trkpt lat="-36.8386960" lon="-70.6732520">
    <ele>1284.8</ele>
   </trkpt>
   <trkpt lat="-36.8386420" lon="-70.6732310">
    <ele>1285.0</ele>
   </trkpt>
   <trkpt lat="-36.8382450" lon="-70.6730970">
    <ele>1286.4</ele>
   </trkpt>
   <trkpt lat="-36.8380580" lon="-70.6730240">
    <ele>1287.0</ele>
   </trkpt>
   <trkpt lat="-36.8377020" lon="-70.6729090">
    <ele>1287.6</ele>
   </trkpt>
   <trkpt lat="-36.8373290" lon="-70.6728070">
    <ele>1288.0</ele>
   </trkpt>
   <trkpt lat="-36.8369590" lon="-70.6727150">
    <ele>1287.4</ele>
   </trkpt>
   <trkpt lat="-36.8366060" lon="-70.6725890">
    <ele>1288.4</ele>
   </trkpt>
   <trkpt lat="-36.8365440" lon="-70.6725890">
    <ele>1288.4</ele>
   </trkpt>
   <trkpt lat="-36.8364230" lon="-70.6726060">
    <ele>1288.6</ele>
   </trkpt>
   <trkpt lat="-36.8363640" lon="-70.6726320">
    <ele>1288.8</ele>
   </trkpt>
   <trkpt lat="-36.8359990" lon="-70.6728610">
    <ele>1287.8</ele>
   </trkpt>
   <trkpt lat="-36.8356140" lon="-70.6729810">
    <ele>1286.6</ele>
   </trkpt>
   <trkpt lat="-36.8352230" lon="-70.6730310">
    <ele>1286.6</ele>
   </trkpt>
   <trkpt lat="-36.8348280" lon="-70.6730610">
    <ele>1286.2</ele>
   </trkpt>
   <trkpt lat="-36.8344570" lon="-70.6730740">
    <ele>1286.6</ele>
   </trkpt>
   <trkpt lat="-36.8340370" lon="-70.6730970">
    <ele>1287.4</ele>
   </trkpt>
   <trkpt lat="-36.8336710" lon="-70.6731050">
    <ele>1288.6</ele>
   </trkpt>
   <trkpt lat="-36.8332810" lon="-70.6730960">
    <ele>1291.0</ele>
   </trkpt>
   <trkpt lat="-36.8328840" lon="-70.6730170">
    <ele>1291.4</ele>
   </trkpt>
   <trkpt lat="-36.8324830" lon="-70.6729270">
    <ele>1292.2</ele>
   </trkpt>
   <trkpt lat="-36.8320890" lon="-70.6728280">
    <ele>1293.0</ele>
   </trkpt>
   <trkpt lat="-36.8317300" lon="-70.6727290">
    <ele>1295.4</ele>
   </trkpt>
   <trkpt lat="-36.8313450" lon="-70.6725630">
    <ele>1298.2</ele>
   </trkpt>
   <trkpt lat="-36.8309970" lon="-70.6723790">
    <ele>1299.2</ele>
   </trkpt>
   <trkpt lat="-36.8306380" lon="-70.6722500">
    <ele>1299.6</ele>
   </trkpt>
   <trkpt lat="-36.8302520" lon="-70.6722100">
    <ele>1302.0</ele>
   </trkpt>
   <trkpt lat="-36.8298520" lon="-70.6721300">
    <ele>1306.6</ele>
   </trkpt>
   <trkpt lat="-36.8297480" lon="-70.6721160">
    <ele>1307.2</ele>
   </trkpt>
   <trkpt lat="-36.8293460" lon="-70.6721530">
    <ele>1308.2</ele>
   </trkpt>
   <trkpt lat="-36.8289520" lon="-70.6722170">
    <ele>1309.2</ele>
   </trkpt>
   <trkpt lat="-36.8285630" lon="-70.6722920">
    <ele>1307.8</ele>
   </trkpt>
   <trkpt lat="-36.8281480" lon="-70.6724230">
    <ele>1306.8</ele>
   </trkpt>
   <trkpt lat="-36.8277130" lon="-70.6725200">
    <ele>1306.4</ele>
   </trkpt>
   <trkpt lat="-36.8272900" lon="-70.6726090">
    <ele>1306.0</ele>
   </trkpt>
   <trkpt lat="-36.8268790" lon="-70.6726490">
    <ele>1305.4</ele>
   </trkpt>
   <trkpt lat="-36.8264680" lon="-70.6726150">
    <ele>1306.8</ele>
   </trkpt>
   <trkpt lat="-36.8260690" lon="-70.6725420">
    <ele>1308.0</ele>
   </trkpt>
   <trkpt lat="-36.8257090" lon="-70.6725240">
    <ele>1310.8</ele>
   </trkpt>
   <trkpt lat="-36.8254250" lon="-70.6726220">
    <ele>1312.2</ele>
   </trkpt>
   <trkpt lat="-36.8250990" lon="-70.6728650">
    <ele>1314.0</ele>
   </trkpt>
   <trkpt lat="-36.8247480" lon="-70.6730270">
    <ele>1313.2</ele>
   </trkpt>
   <trkpt lat="-36.8243230" lon="-70.6730960">
    <ele>1312.0</ele>
   </trkpt>
   <trkpt lat="-36.8239140" lon="-70.6731420">
    <ele>1311.4</ele>
   </trkpt>
   <trkpt lat="-36.8235450" lon="-70.6731510">
    <ele>1312.0</ele>
   </trkpt>
   <trkpt lat="-36.8231480" lon="-70.6731350">
    <ele>1314.4</ele>
   </trkpt>
   <trkpt lat="-36.8227630" lon="-70.6730760">
    <ele>1316.6</ele>
   </trkpt>
   <trkpt lat="-36.8227170" lon="-70.6730650">
    <ele>1316.8</ele>
   </trkpt>
   <trkpt lat="-36.8226730" lon="-70.6730560">
    <ele>1317.2</ele>
   </trkpt>
   <trkpt lat="-36.8225840" lon="-70.6730310">
    <ele>1318.0</ele>
   </trkpt>
   <trkpt lat="-36.8225400" lon="-70.6730270">
    <ele>1318.4</ele>
   </trkpt>
   <trkpt lat="-36.8224980" lon="-70.6730110">
    <ele>1318.8</ele>
   </trkpt>
   <trkpt lat="-36.8224060" lon="-70.6729870">
    <ele>1320.0</ele>
   </trkpt>
   <trkpt lat="-36.8222710" lon="-70.6729390">
    <ele>1321.4</ele>
   </trkpt>
   <trkpt lat="-36.8222280" lon="-70.6729190">
    <ele>1321.8</ele>
   </trkpt>
   <trkpt lat="-36.8221830" lon="-70.6729100">
    <ele>1322.4</ele>
   </trkpt>
   <trkpt lat="-36.8221390" lon="-70.6728940">
    <ele>1323.0</ele>
   </trkpt>
   <trkpt lat="-36.8221010" lon="-70.6728690">
    <ele>1323.6</ele>
   </trkpt>
   <trkpt lat="-36.8220610" lon="-70.6728560">
    <ele>1324.0</ele>
   </trkpt>
   <trkpt lat="-36.8220200" lon="-70.6728350">
    <ele>1324.6</ele>
   </trkpt>
   <trkpt lat="-36.8219840" lon="-70.6728070">
    <ele>1325.2</ele>
   </trkpt>
   <trkpt lat="-36.8219460" lon="-70.6727860">
    <ele>1326.0</ele>
   </trkpt>
   <trkpt lat="-36.8219110" lon="-70.6727720">
    <ele>1326.6</ele>
   </trkpt>
   <trkpt lat="-36.8218790" lon="-70.6727460">
    <ele>1327.2</ele>
   </trkpt>
   <trkpt lat="-36.8218460" lon="-70.6727230">
    <ele>1327.8</ele>
   </trkpt>
   <trkpt lat="-36.8218120" lon="-70.6727030">
    <ele>1328.4</ele>
   </trkpt>
   <trkpt lat="-36.8217800" lon="-70.6726740">
    <ele>1329.2</ele>
   </trkpt>
   <trkpt lat="-36.8217470" lon="-70.6726520">
    <ele>1329.6</ele>
   </trkpt>
   <trkpt lat="-36.8217120" lon="-70.6726370">
    <ele>1330.2</ele>
   </trkpt>
   <trkpt lat="-36.8216790" lon="-70.6726120">
    <ele>1330.8</ele>
   </trkpt>
   <trkpt lat="-36.8216150" lon="-70.6725640">
    <ele>1331.8</ele>
   </trkpt>
   <trkpt lat="-36.8215790" lon="-70.6725470">
    <ele>1332.4</ele>
   </trkpt>
   <trkpt lat="-36.8215450" lon="-70.6725210">
    <ele>1332.8</ele>
   </trkpt>
   <trkpt lat="-36.8214510" lon="-70.6724570">
    <ele>1334.4</ele>
   </trkpt>
   <trkpt lat="-36.8214170" lon="-70.6724390">
    <ele>1334.8</ele>
   </trkpt>
   <trkpt lat="-36.8213870" lon="-70.6724150">
    <ele>1335.2</ele>
   </trkpt>
   <trkpt lat="-36.8211620" lon="-70.6722480">
    <ele>1338.4</ele>
   </trkpt>
   <trkpt lat="-36.8211290" lon="-70.6722260">
    <ele>1338.8</ele>
   </trkpt>
   <trkpt lat="-36.8210050" lon="-70.6721220">
    <ele>1340.4</ele>
   </trkpt>
   <trkpt lat="-36.8207290" lon="-70.6718410">
    <ele>1342.8</ele>
   </trkpt>
   <trkpt lat="-36.8206980" lon="-70.6718110">
    <ele>1343.0</ele>
   </trkpt>
   <trkpt lat="-36.8205550" lon="-70.6716380">
    <ele>1344.6</ele>
   </trkpt>
   <trkpt lat="-36.8205240" lon="-70.6716100">
    <ele>1344.8</ele>
   </trkpt>
   <trkpt lat="-36.8204650" lon="-70.6715630">
    <ele>1345.0</ele>
   </trkpt>
   <trkpt lat="-36.8204420" lon="-70.6715350">
    <ele>1345.2</ele>
   </trkpt>
   <trkpt lat="-36.8204120" lon="-70.6715090">
    <ele>1345.2</ele>
   </trkpt>
   <trkpt lat="-36.8203430" lon="-70.6714590">
    <ele>1345.4</ele>
   </trkpt>
   <trkpt lat="-36.8202720" lon="-70.6714210">
    <ele>1345.4</ele>
   </trkpt>
   <trkpt lat="-36.8198880" lon="-70.6712910">
    <ele>1346.6</ele>
   </trkpt>
   <trkpt lat="-36.8195150" lon="-70.6711630">
    <ele>1347.2</ele>
   </trkpt>
   <trkpt lat="-36.8194090" lon="-70.6711200">
    <ele>1347.2</ele>
   </trkpt>
   <trkpt lat="-36.8189990" lon="-70.6710430">
    <ele>1346.0</ele>
   </trkpt>
   <trkpt lat="-36.8185690" lon="-70.6710210">
    <ele>1343.8</ele>
   </trkpt>
   <trkpt lat="-36.8181930" lon="-70.6710950">
    <ele>1343.6</ele>
   </trkpt>
   <trkpt lat="-36.8178460" lon="-70.6712120">
    <ele>1346.6</ele>
   </trkpt>
   <trkpt lat="-36.8174870" lon="-70.6712910">
    <ele>1349.4</ele>
   </trkpt>
   <trkpt lat="-36.8172870" lon="-70.6712800">
    <ele>1351.6</ele>
   </trkpt>
   <trkpt lat="-36.8171600" lon="-70.6712290">
    <ele>1353.2</ele>
   </trkpt>
   <trkpt lat="-36.8171300" lon="-70.6712070">
    <ele>1353.6</ele>
   </trkpt>
   <trkpt lat="-36.8171010" lon="-70.6711900">
    <ele>1354.0</ele>
   </trkpt>
   <trkpt lat="-36.8170220" lon="-70.6711260">
    <ele>1355.0</ele>
   </trkpt>
   <trkpt lat="-36.8169140" lon="-70.6710400">
    <ele>1356.2</ele>
   </trkpt>
   <trkpt lat="-36.8168670" lon="-70.6709910">
    <ele>1356.8</ele>
   </trkpt>
   <trkpt lat="-36.8168460" lon="-70.6709590">
    <ele>1357.2</ele>
   </trkpt>
   <trkpt lat="-36.8165870" lon="-70.6706340">
    <ele>1359.8</ele>
   </trkpt>
   <trkpt lat="-36.8163630" lon="-70.6704670">
    <ele>1362.0</ele>
   </trkpt>
   <trkpt lat="-36.8163300" lon="-70.6704590">
    <ele>1362.4</ele>
   </trkpt>
   <trkpt lat="-36.8162330" lon="-70.6704370">
    <ele>1363.4</ele>
   </trkpt>
   <trkpt lat="-36.8158660" lon="-70.6703830">
    <ele>1363.4</ele>
   </trkpt>
   <trkpt lat="-36.8155070" lon="-70.6703480">
    <ele>1361.2</ele>
   </trkpt>
   <trkpt lat="-36.8151160" lon="-70.6702480">
    <ele>1359.0</ele>
   </trkpt>
   <trkpt lat="-36.8150370" lon="-70.6701920">
    <ele>1358.2</ele>
   </trkpt>
   <trkpt lat="-36.8149670" lon="-70.6701180">
    <ele>1357.8</ele>
   </trkpt>
   <trkpt lat="-36.8146940" lon="-70.6698400">
    <ele>1357.0</ele>
   </trkpt>
   <trkpt lat="-36.8143630" lon="-70.6697480">
    <ele>1356.4</ele>
   </trkpt>
   <trkpt lat="-36.8143040" lon="-70.6697350">
    <ele>1356.8</ele>
   </trkpt>
   <trkpt lat="-36.8142430" lon="-70.6697300">
    <ele>1357.2</ele>
   </trkpt>
   <trkpt lat="-36.8138820" lon="-70.6696480">
    <ele>1359.0</ele>
   </trkpt>
   <trkpt lat="-36.8134810" lon="-70.6696230">
    <ele>1357.6</ele>
   </trkpt>
   <trkpt lat="-36.8130890" lon="-70.6696340">
    <ele>1357.6</ele>
   </trkpt>
   <trkpt lat="-36.8128330" lon="-70.6695170">
    <ele>1357.4</ele>
   </trkpt>
   <trkpt lat="-36.8125440" lon="-70.6692400">
    <ele>1359.0</ele>
   </trkpt>
   <trkpt lat="-36.8122080" lon="-70.6689610">
    <ele>1360.2</ele>
   </trkpt>
   <trkpt lat="-36.8121000" lon="-70.6688750">
    <ele>1361.0</ele>
   </trkpt>
   <trkpt lat="-36.8120620" lon="-70.6688550">
    <ele>1361.6</ele>
   </trkpt>
   <trkpt lat="-36.8118410" lon="-70.6687020">
    <ele>1364.6</ele>
   </trkpt>
   <trkpt lat="-36.8118090" lon="-70.6686890">
    <ele>1365.2</ele>
   </trkpt>
   <trkpt lat="-36.8116560" lon="-70.6686030">
    <ele>1367.8</ele>
   </trkpt>
   <trkpt lat="-36.8115530" lon="-70.6685350">
    <ele>1369.6</ele>
   </trkpt>
   <trkpt lat="-36.8115310" lon="-70.6685130">
    <ele>1370.4</ele>
   </trkpt>
   <trkpt lat="-36.8114210" lon="-70.6683860">
    <ele>1372.2</ele>
   </trkpt>
   <trkpt lat="-36.8113380" lon="-70.6681230">
    <ele>1374.6</ele>
   </trkpt>
   <trkpt lat="-36.8113170" lon="-70.6678200">
    <ele>1376.8</ele>
   </trkpt>
   <trkpt lat="-36.8113410" lon="-70.6675560">
    <ele>1379.0</ele>
   </trkpt>
   <trkpt lat="-36.8113440" lon="-70.6675160">
    <ele>1379.4</ele>
   </trkpt>
   <trkpt lat="-36.8113830" lon="-70.6670700">
    <ele>1382.0</ele>
   </trkpt>
   <trkpt lat="-36.8113770" lon="-70.6669130">
    <ele>1382.6</ele>
   </trkpt>
   <trkpt lat="-36.8113760" lon="-70.6668680">
    <ele>1382.8</ele>
   </trkpt>
   <trkpt lat="-36.8113690" lon="-70.6668230">
    <ele>1383.0</ele>
   </trkpt>
   <trkpt lat="-36.8113690" lon="-70.6667810">
    <ele>1383.2</ele>
   </trkpt>
   <trkpt lat="-36.8113420" lon="-70.6665000">
    <ele>1385.4</ele>
   </trkpt>
   <trkpt lat="-36.8113330" lon="-70.6664580">
    <ele>1385.6</ele>
   </trkpt>
   <trkpt lat="-36.8112710" lon="-70.6661900">
    <ele>1386.8</ele>
   </trkpt>
   <trkpt lat="-36.8112420" lon="-70.6660700">
    <ele>1387.6</ele>
   </trkpt>
   <trkpt lat="-36.8112310" lon="-70.6660360">
    <ele>1387.8</ele>
   </trkpt>
   <trkpt lat="-36.8111060" lon="-70.6655880">
    <ele>1392.4</ele>
   </trkpt>
   <trkpt lat="-36.8111040" lon="-70.6655540">
    <ele>1392.6</ele>
   </trkpt>
   <trkpt lat="-36.8110960" lon="-70.6655200">
    <ele>1393.0</ele>
   </trkpt>
   <trkpt lat="-36.8110550" lon="-70.6650450">
    <ele>1395.2</ele>
   </trkpt>
   <trkpt lat="-36.8110630" lon="-70.6648110">
    <ele>1396.6</ele>
   </trkpt>
   <trkpt lat="-36.8110650" lon="-70.6643420">
    <ele>1398.6</ele>
   </trkpt>
   <trkpt lat="-36.8110850" lon="-70.6638870">
    <ele>1401.4</ele>
   </trkpt>
   <trkpt lat="-36.8111180" lon="-70.6634210">
    <ele>1402.8</ele>
   </trkpt>
   <trkpt lat="-36.8111430" lon="-70.6629530">
    <ele>1403.8</ele>
   </trkpt>
   <trkpt lat="-36.8111620" lon="-70.6624700">
    <ele>1405.2</ele>
   </trkpt>
   <trkpt lat="-36.8112100" lon="-70.6620230">
    <ele>1407.8</ele>
   </trkpt>
   <trkpt lat="-36.8113300" lon="-70.6615680">
    <ele>1410.6</ele>
   </trkpt>
   <trkpt lat="-36.8113390" lon="-70.6615130">
    <ele>1410.6</ele>
   </trkpt>
   <trkpt lat="-36.8113330" lon="-70.6614500">
    <ele>1410.6</ele>
   </trkpt>
   <trkpt lat="-36.8113230" lon="-70.6613940">
    <ele>1410.8</ele>
   </trkpt>
   <trkpt lat="-36.8113060" lon="-70.6613370">
    <ele>1410.8</ele>
   </trkpt>
   <trkpt lat="-36.8112720" lon="-70.6612380">
    <ele>1411.2</ele>
   </trkpt>
   <trkpt lat="-36.8112510" lon="-70.6611920">
    <ele>1411.6</ele>
   </trkpt>
   <trkpt lat="-36.8110710" lon="-70.6607720">
    <ele>1414.2</ele>
   </trkpt>
   <trkpt lat="-36.8110290" lon="-70.6605080">
    <ele>1414.2</ele>
   </trkpt>
   <trkpt lat="-36.8109940" lon="-70.6600070">
    <ele>1414.2</ele>
   </trkpt>
   <trkpt lat="-36.8110340" lon="-70.6594940">
    <ele>1414.6</ele>
   </trkpt>
   <trkpt lat="-36.8111030" lon="-70.6591750">
    <ele>1414.4</ele>
   </trkpt>
   <trkpt lat="-36.8111100" lon="-70.6590840">
    <ele>1414.2</ele>
   </trkpt>
   <trkpt lat="-36.8111240" lon="-70.6586280">
    <ele>1413.2</ele>
   </trkpt>
   <trkpt lat="-36.8111880" lon="-70.6581690">
    <ele>1412.6</ele>
   </trkpt>
   <trkpt lat="-36.8113040" lon="-70.6576910">
    <ele>1411.4</ele>
   </trkpt>
   <trkpt lat="-36.8114270" lon="-70.6572240">
    <ele>1410.4</ele>
   </trkpt>
   <trkpt lat="-36.8115450" lon="-70.6567680">
    <ele>1410.4</ele>
   </trkpt>
   <trkpt lat="-36.8115520" lon="-70.6566770">
    <ele>1410.4</ele>
   </trkpt>
   <trkpt lat="-36.8115670" lon="-70.6561870">
    <ele>1411.6</ele>
   </trkpt>
   <trkpt lat="-36.8116280" lon="-70.6557450">
    <ele>1414.0</ele>
   </trkpt>
   <trkpt lat="-36.8117250" lon="-70.6554260">
    <ele>1416.0</ele>
   </trkpt>
   <trkpt lat="-36.8117490" lon="-70.6553780">
    <ele>1416.4</ele>
   </trkpt>
   <trkpt lat="-36.8117970" lon="-70.6552640">
    <ele>1416.6</ele>
   </trkpt>
   <trkpt lat="-36.8120410" lon="-70.6548610">
    <ele>1418.6</ele>
   </trkpt>
   <trkpt lat="-36.8121130" lon="-70.6547670">
    <ele>1419.0</ele>
   </trkpt>
   <trkpt lat="-36.8121870" lon="-70.6546750">
    <ele>1419.2</ele>
   </trkpt>
   <trkpt lat="-36.8124030" lon="-70.6542430">
    <ele>1420.6</ele>
   </trkpt>
   <trkpt lat="-36.8125560" lon="-70.6538210">
    <ele>1421.0</ele>
   </trkpt>
   <trkpt lat="-36.8127310" lon="-70.6533680">
    <ele>1421.2</ele>
   </trkpt>
   <trkpt lat="-36.8127620" lon="-70.6532340">
    <ele>1421.4</ele>
   </trkpt>
   <trkpt lat="-36.8127940" lon="-70.6529250">
    <ele>1423.4</ele>
   </trkpt>
   <trkpt lat="-36.8127960" lon="-70.6528660">
    <ele>1423.4</ele>
   </trkpt>
   <trkpt lat="-36.8128090" lon="-70.6528090">
    <ele>1423.6</ele>
   </trkpt>
   <trkpt lat="-36.8128090" lon="-70.6527500">
    <ele>1424.2</ele>
   </trkpt>
   <trkpt lat="-36.8128220" lon="-70.6526330">
    <ele>1425.2</ele>
   </trkpt>
   <trkpt lat="-36.8128200" lon="-70.6525750">
    <ele>1425.4</ele>
   </trkpt>
   <trkpt lat="-36.8128200" lon="-70.6522920">
    <ele>1427.2</ele>
   </trkpt>
   <trkpt lat="-36.8128300" lon="-70.6521810">
    <ele>1428.4</ele>
   </trkpt>
   <trkpt lat="-36.8129290" lon="-70.6517340">
    <ele>1429.6</ele>
   </trkpt>
   <trkpt lat="-36.8129730" lon="-70.6512940">
    <ele>1431.0</ele>
   </trkpt>
   <trkpt lat="-36.8129850" lon="-70.6512460">
    <ele>1431.4</ele>
   </trkpt>
   <trkpt lat="-36.8131250" lon="-70.6508240">
    <ele>1434.4</ele>
   </trkpt>
   <trkpt lat="-36.8131390" lon="-70.6507800">
    <ele>1434.8</ele>
   </trkpt>
   <trkpt lat="-36.8131590" lon="-70.6507390">
    <ele>1435.0</ele>
   </trkpt>
   <trkpt lat="-36.8132410" lon="-70.6505670">
    <ele>1435.8</ele>
   </trkpt>
   <trkpt lat="-36.8132670" lon="-70.6505290">
    <ele>1436.0</ele>
   </trkpt>
   <trkpt lat="-36.8132910" lon="-70.6504870">
    <ele>1436.2</ele>
   </trkpt>
   <trkpt lat="-36.8134690" lon="-70.6502020">
    <ele>1439.4</ele>
   </trkpt>
   <trkpt lat="-36.8135210" lon="-70.6501010">
    <ele>1440.8</ele>
   </trkpt>
   <trkpt lat="-36.8135760" lon="-70.6500030">
    <ele>1442.0</ele>
   </trkpt>
   <trkpt lat="-36.8136100" lon="-70.6499320">
    <ele>1442.6</ele>
   </trkpt>
   <trkpt lat="-36.8136940" lon="-70.6498140">
    <ele>1444.6</ele>
   </trkpt>
   <trkpt lat="-36.8137430" lon="-70.6497390">
    <ele>1445.2</ele>
   </trkpt>
   <trkpt lat="-36.8138000" lon="-70.6496310">
    <ele>1446.0</ele>
   </trkpt>
   <trkpt lat="-36.8138230" lon="-70.6496040">
    <ele>1446.2</ele>
   </trkpt>
   <trkpt lat="-36.8140600" lon="-70.6492540">
    <ele>1449.2</ele>
   </trkpt>
   <trkpt lat="-36.8142940" lon="-70.6489010">
    <ele>1451.2</ele>
   </trkpt>
   <trkpt lat="-36.8145160" lon="-70.6485370">
    <ele>1454.2</ele>
   </trkpt>
   <trkpt lat="-36.8146960" lon="-70.6482530">
    <ele>1456.0</ele>
   </trkpt>
   <trkpt lat="-36.8147720" lon="-70.6481370">
    <ele>1456.8</ele>
   </trkpt>
   <trkpt lat="-36.8148030" lon="-70.6481010">
    <ele>1457.0</ele>
   </trkpt>
   <trkpt lat="-36.8148580" lon="-70.6480290">
    <ele>1457.4</ele>
   </trkpt>
   <trkpt lat="-36.8151210" lon="-70.6476560">
    <ele>1459.2</ele>
   </trkpt>
   <trkpt lat="-36.8152380" lon="-70.6473860">
    <ele>1459.2</ele>
   </trkpt>
   <trkpt lat="-36.8152520" lon="-70.6473290">
    <ele>1459.2</ele>
   </trkpt>
   <trkpt lat="-36.8152720" lon="-70.6472180">
    <ele>1459.6</ele>
   </trkpt>
   <trkpt lat="-36.8153330" lon="-70.6467560">
    <ele>1460.4</ele>
   </trkpt>
   <trkpt lat="-36.8153490" lon="-70.6466990">
    <ele>1460.6</ele>
   </trkpt>
   <trkpt lat="-36.8153700" lon="-70.6466490">
    <ele>1460.8</ele>
   </trkpt>
   <trkpt lat="-36.8154110" lon="-70.6465520">
    <ele>1460.8</ele>
   </trkpt>
   <trkpt lat="-36.8156240" lon="-70.6462400">
    <ele>1463.6</ele>
   </trkpt>
   <trkpt lat="-36.8158550" lon="-70.6459990">
    <ele>1465.2</ele>
   </trkpt>
   <trkpt lat="-36.8158780" lon="-70.6459540">
    <ele>1465.2</ele>
   </trkpt>
   <trkpt lat="-36.8160080" lon="-70.6456800">
    <ele>1466.4</ele>
   </trkpt>
   <trkpt lat="-36.8160650" lon="-70.6452810">
    <ele>1470.2</ele>
   </trkpt>
   <trkpt lat="-36.8160570" lon="-70.6452350">
    <ele>1470.6</ele>
   </trkpt>
   <trkpt lat="-36.8160500" lon="-70.6449900">
    <ele>1472.6</ele>
   </trkpt>
   <trkpt lat="-36.8160530" lon="-70.6449470">
    <ele>1472.8</ele>
   </trkpt>
   <trkpt lat="-36.8160470" lon="-70.6449040">
    <ele>1473.6</ele>
   </trkpt>
   <trkpt lat="-36.8160400" lon="-70.6446390">
    <ele>1475.6</ele>
   </trkpt>
   <trkpt lat="-36.8160370" lon="-70.6443610">
    <ele>1476.8</ele>
   </trkpt>
   <trkpt lat="-36.8160310" lon="-70.6443150">
    <ele>1477.0</ele>
   </trkpt>
   <trkpt lat="-36.8160330" lon="-70.6442720">
    <ele>1477.6</ele>
   </trkpt>
   <trkpt lat="-36.8160310" lon="-70.6442250">
    <ele>1478.2</ele>
   </trkpt>
   <trkpt lat="-36.8160360" lon="-70.6439600">
    <ele>1480.0</ele>
   </trkpt>
   <trkpt lat="-36.8160520" lon="-70.6436750">
    <ele>1481.8</ele>
   </trkpt>
   <trkpt lat="-36.8160600" lon="-70.6436230">
    <ele>1482.0</ele>
   </trkpt>
   <trkpt lat="-36.8161190" lon="-70.6431650">
    <ele>1482.6</ele>
   </trkpt>
   <trkpt lat="-36.8161690" lon="-70.6426820">
    <ele>1482.8</ele>
   </trkpt>
   <trkpt lat="-36.8161510" lon="-70.6424420">
    <ele>1482.6</ele>
   </trkpt>
   <trkpt lat="-36.8161260" lon="-70.6423290">
    <ele>1482.8</ele>
   </trkpt>
   <trkpt lat="-36.8160940" lon="-70.6422790">
    <ele>1482.8</ele>
   </trkpt>
   <trkpt lat="-36.8160530" lon="-70.6422430">
    <ele>1482.8</ele>
   </trkpt>
   <trkpt lat="-36.8160050" lon="-70.6422300">
    <ele>1483.2</ele>
   </trkpt>
   <trkpt lat="-36.8159570" lon="-70.6422360">
    <ele>1483.2</ele>
   </trkpt>
   <trkpt lat="-36.8159080" lon="-70.6422530">
    <ele>1483.2</ele>
   </trkpt>
   <trkpt lat="-36.8158660" lon="-70.6422750">
    <ele>1482.8</ele>
   </trkpt>
   <trkpt lat="-36.8158240" lon="-70.6423070">
    <ele>1483.2</ele>
   </trkpt>
   <trkpt lat="-36.8157890" lon="-70.6423360">
    <ele>1483.2</ele>
   </trkpt>
   <trkpt lat="-36.8157560" lon="-70.6423660">
    <ele>1483.4</ele>
   </trkpt>
   <trkpt lat="-36.8156070" lon="-70.6424830">
    <ele>1484.8</ele>
   </trkpt>
   <trkpt lat="-36.8155670" lon="-70.6425060">
    <ele>1485.0</ele>
   </trkpt>
   <trkpt lat="-36.8153910" lon="-70.6426190">
    <ele>1486.6</ele>
   </trkpt>
   <trkpt lat="-36.8152270" lon="-70.6427300">
    <ele>1487.8</ele>
   </trkpt>
   <trkpt lat="-36.8151980" lon="-70.6427570">
    <ele>1488.2</ele>
   </trkpt>
   <trkpt lat="-36.8151620" lon="-70.6427750">
    <ele>1488.6</ele>
   </trkpt>
   <trkpt lat="-36.8148350" lon="-70.6429730">
    <ele>1491.8</ele>
   </trkpt>
   <trkpt lat="-36.8148000" lon="-70.6429900">
    <ele>1492.2</ele>
   </trkpt>
   <trkpt lat="-36.8145700" lon="-70.6431210">
    <ele>1494.0</ele>
   </trkpt>
   <trkpt lat="-36.8142130" lon="-70.6432160">
    <ele>1497.8</ele>
   </trkpt>
   <trkpt lat="-36.8138540" lon="-70.6431770">
    <ele>1500.8</ele>
   </trkpt>
   <trkpt lat="-36.8137030" lon="-70.6431190">
    <ele>1501.6</ele>
   </trkpt>
   <trkpt lat="-36.8135980" lon="-70.6430700">
    <ele>1501.8</ele>
   </trkpt>
   <trkpt lat="-36.8135590" lon="-70.6430540">
    <ele>1502.2</ele>
   </trkpt>
   <trkpt lat="-36.8132240" lon="-70.6428490">
    <ele>1504.6</ele>
   </trkpt>
   <trkpt lat="-36.8130300" lon="-70.6427410">
    <ele>1505.6</ele>
   </trkpt>
   <trkpt lat="-36.8126520" lon="-70.6426270">
    <ele>1507.6</ele>
   </trkpt>
   <trkpt lat="-36.8122750" lon="-70.6426050">
    <ele>1508.6</ele>
   </trkpt>
   <trkpt lat="-36.8120120" lon="-70.6425980">
    <ele>1509.8</ele>
   </trkpt>
   <trkpt lat="-36.8116180" lon="-70.6425750">
    <ele>1511.0</ele>
   </trkpt>
   <trkpt lat="-36.8115200" lon="-70.6425750">
    <ele>1511.0</ele>
   </trkpt>
   <trkpt lat="-36.8114680" lon="-70.6425860">
    <ele>1511.0</ele>
   </trkpt>
   <trkpt lat="-36.8114180" lon="-70.6425850">
    <ele>1511.0</ele>
   </trkpt>
   <trkpt lat="-36.8112250" lon="-70.6425930">
    <ele>1511.6</ele>
   </trkpt>
   <trkpt lat="-36.8110380" lon="-70.6425960">
    <ele>1512.6</ele>
   </trkpt>
   <trkpt lat="-36.8109890" lon="-70.6426110">
    <ele>1512.6</ele>
   </trkpt>
   <trkpt lat="-36.8108930" lon="-70.6426200">
    <ele>1512.8</ele>
   </trkpt>
   <trkpt lat="-36.8108380" lon="-70.6426150">
    <ele>1513.0</ele>
   </trkpt>
   <trkpt lat="-36.8104480" lon="-70.6426150">
    <ele>1515.0</ele>
   </trkpt>
   <trkpt lat="-36.8100800" lon="-70.6426200">
    <ele>1516.2</ele>
   </trkpt>
   <trkpt lat="-36.8097010" lon="-70.6426180">
    <ele>1516.2</ele>
   </trkpt>
   <trkpt lat="-36.8093140" lon="-70.6426360">
    <ele>1516.8</ele>
   </trkpt>
   <trkpt lat="-36.8092600" lon="-70.6426350">
    <ele>1517.2</ele>
   </trkpt>
   <trkpt lat="-36.8088900" lon="-70.6426430">
    <ele>1519.2</ele>
   </trkpt>
   <trkpt lat="-36.8085300" lon="-70.6426370">
    <ele>1522.2</ele>
   </trkpt>
   <trkpt lat="-36.8084930" lon="-70.6426390">
    <ele>1522.6</ele>
   </trkpt>
   <trkpt lat="-36.8083970" lon="-70.6426490">
    <ele>1523.0</ele>
   </trkpt>
   <trkpt lat="-36.8082480" lon="-70.6426510">
    <ele>1524.0</ele>
   </trkpt>
   <trkpt lat="-36.8079530" lon="-70.6426460">
    <ele>1525.4</ele>
   </trkpt>
   <trkpt lat="-36.8075910" lon="-70.6426650">
    <ele>1527.2</ele>
   </trkpt>
   <trkpt lat="-36.8075000" lon="-70.6426680">
    <ele>1527.8</ele>
   </trkpt>
   <trkpt lat="-36.8073580" lon="-70.6426720">
    <ele>1528.6</ele>
   </trkpt>
   <trkpt lat="-36.8072570" lon="-70.6426810">
    <ele>1529.0</ele>
   </trkpt>
   <trkpt lat="-36.8072080" lon="-70.6426760">
    <ele>1529.2</ele>
   </trkpt>
   <trkpt lat="-36.8068240" lon="-70.6426450">
    <ele>1530.4</ele>
   </trkpt>
   <trkpt lat="-36.8064470" lon="-70.6426540">
    <ele>1531.8</ele>
   </trkpt>
   <trkpt lat="-36.8060500" lon="-70.6426910">
    <ele>1534.0</ele>
   </trkpt>
   <trkpt lat="-36.8057940" lon="-70.6427330">
    <ele>1536.0</ele>
   </trkpt>
   <trkpt lat="-36.8054430" lon="-70.6428240">
    <ele>1539.8</ele>
   </trkpt>
   <trkpt lat="-36.8050530" lon="-70.6429070">
    <ele>1541.8</ele>
   </trkpt>
   <trkpt lat="-36.8046540" lon="-70.6430120">
    <ele>1543.0</ele>
   </trkpt>
   <trkpt lat="-36.8045190" lon="-70.6430740">
    <ele>1543.4</ele>
   </trkpt>
   <trkpt lat="-36.8041370" lon="-70.6431210">
    <ele>1546.4</ele>
   </trkpt>
   <trkpt lat="-36.8040950" lon="-70.6431120">
    <ele>1546.8</ele>
   </trkpt>
   <trkpt lat="-36.8040510" lon="-70.6431060">
    <ele>1547.2</ele>
   </trkpt>
   <trkpt lat="-36.8040090" lon="-70.6430910">
    <ele>1547.6</ele>
   </trkpt>
   <trkpt lat="-36.8036560" lon="-70.6429940">
    <ele>1549.0</ele>
   </trkpt>
   <trkpt lat="-36.8032840" lon="-70.6430380">
    <ele>1551.8</ele>
   </trkpt>
   <trkpt lat="-36.8030220" lon="-70.6430730">
    <ele>1553.4</ele>
   </trkpt>
   <trkpt lat="-36.8029750" lon="-70.6430680">
    <ele>1553.4</ele>
   </trkpt>
   <trkpt lat="-36.8025990" lon="-70.6429950">
    <ele>1553.0</ele>
   </trkpt>
   <trkpt lat="-36.8022500" lon="-70.6429060">
    <ele>1553.8</ele>
   </trkpt>
   <trkpt lat="-36.8020300" lon="-70.6428450">
    <ele>1554.8</ele>
   </trkpt>
   <trkpt lat="-36.8019840" lon="-70.6428400">
    <ele>1555.0</ele>
   </trkpt>
   <trkpt lat="-36.8019400" lon="-70.6428290">
    <ele>1555.0</ele>
   </trkpt>
   <trkpt lat="-36.8016900" lon="-70.6428050">
    <ele>1556.8</ele>
   </trkpt>
   <trkpt lat="-36.8012940" lon="-70.6427830">
    <ele>1558.6</ele>
   </trkpt>
   <trkpt lat="-36.8009800" lon="-70.6427490">
    <ele>1559.8</ele>
   </trkpt>
   <trkpt lat="-36.8005790" lon="-70.6426350">
    <ele>1560.2</ele>
   </trkpt>
   <trkpt lat="-36.8002140" lon="-70.6424540">
    <ele>1561.0</ele>
   </trkpt>
   <trkpt lat="-36.7998890" lon="-70.6422250">
    <ele>1562.0</ele>
   </trkpt>
   <trkpt lat="-36.7995970" lon="-70.6419510">
    <ele>1564.6</ele>
   </trkpt>
   <trkpt lat="-36.7995220" lon="-70.6418690">
    <ele>1565.0</ele>
   </trkpt>
   <trkpt lat="-36.7992510" lon="-70.6415010">
    <ele>1566.2</ele>
   </trkpt>
   <trkpt lat="-36.7990760" lon="-70.6411010">
    <ele>1567.8</ele>
   </trkpt>
   <trkpt lat="-36.7989650" lon="-70.6406670">
    <ele>1568.6</ele>
   </trkpt>
   <trkpt lat="-36.7988350" lon="-70.6402360">
    <ele>1569.2</ele>
   </trkpt>
   <trkpt lat="-36.7987670" lon="-70.6401040">
    <ele>1569.4</ele>
   </trkpt>
   <trkpt lat="-36.7987210" lon="-70.6400470">
    <ele>1569.2</ele>
   </trkpt>
   <trkpt lat="-36.7986690" lon="-70.6400100">
    <ele>1569.2</ele>
   </trkpt>
   <trkpt lat="-36.7986130" lon="-70.6399950">
    <ele>1569.0</ele>
   </trkpt>
   <trkpt lat="-36.7985570" lon="-70.6399970">
    <ele>1569.4</ele>
   </trkpt>
   <trkpt lat="-36.7982040" lon="-70.6400800">
    <ele>1569.2</ele>
   </trkpt>
   <trkpt lat="-36.7978480" lon="-70.6402640">
    <ele>1569.2</ele>
   </trkpt>
   <trkpt lat="-36.7977930" lon="-70.6402990">
    <ele>1569.2</ele>
   </trkpt>
   <trkpt lat="-36.7977440" lon="-70.6403460">
    <ele>1569.2</ele>
   </trkpt>
   <trkpt lat="-36.7977000" lon="-70.6404020">
    <ele>1569.4</ele>
   </trkpt>
   <trkpt lat="-36.7976320" lon="-70.6405300">
    <ele>1569.4</ele>
   </trkpt>
   <trkpt lat="-36.7976110" lon="-70.6406030">
    <ele>1569.8</ele>
   </trkpt>
   <trkpt lat="-36.7975070" lon="-70.6410340">
    <ele>1571.0</ele>
   </trkpt>
   <trkpt lat="-36.7973830" lon="-70.6415110">
    <ele>1573.0</ele>
   </trkpt>
   <trkpt lat="-36.7972350" lon="-70.6420000">
    <ele>1574.2</ele>
   </trkpt>
   <trkpt lat="-36.7970500" lon="-70.6423960">
    <ele>1576.0</ele>
   </trkpt>
   <trkpt lat="-36.7969370" lon="-70.6426660">
    <ele>1576.0</ele>
   </trkpt>
   <trkpt lat="-36.7968780" lon="-70.6431470">
    <ele>1577.0</ele>
   </trkpt>
   <trkpt lat="-36.7967690" lon="-70.6436600">
    <ele>1576.4</ele>
   </trkpt>
   <trkpt lat="-36.7966930" lon="-70.6438180">
    <ele>1575.8</ele>
   </trkpt>
   <trkpt lat="-36.7966330" lon="-70.6438540">
    <ele>1575.6</ele>
   </trkpt>
   <trkpt lat="-36.7965640" lon="-70.6438490">
    <ele>1575.4</ele>
   </trkpt>
   <trkpt lat="-36.7965020" lon="-70.6438170">
    <ele>1575.4</ele>
   </trkpt>
   <trkpt lat="-36.7964490" lon="-70.6437670">
    <ele>1575.4</ele>
   </trkpt>
   <trkpt lat="-36.7964090" lon="-70.6437100">
    <ele>1575.4</ele>
   </trkpt>
   <trkpt lat="-36.7963790" lon="-70.6436440">
    <ele>1575.4</ele>
   </trkpt>
   <trkpt lat="-36.7961660" lon="-70.6432020">
    <ele>1577.6</ele>
   </trkpt>
   <trkpt lat="-36.7959420" lon="-70.6428200">
    <ele>1578.8</ele>
   </trkpt>
   <trkpt lat="-36.7957260" lon="-70.6423910">
    <ele>1578.6</ele>
   </trkpt>
   <trkpt lat="-36.7954660" lon="-70.6419910">
    <ele>1578.4</ele>
   </trkpt>
   <trkpt lat="-36.7951830" lon="-70.6415830">
    <ele>1577.8</ele>
   </trkpt>
   <trkpt lat="-36.7948960" lon="-70.6411910">
    <ele>1577.4</ele>
   </trkpt>
   <trkpt lat="-36.7946340" lon="-70.6408100">
    <ele>1579.8</ele>
   </trkpt>
   <trkpt lat="-36.7943650" lon="-70.6404830">
    <ele>1581.8</ele>
   </trkpt>
   <trkpt lat="-36.7941110" lon="-70.6401550">
    <ele>1583.6</ele>
   </trkpt>
   <trkpt lat="-36.7938930" lon="-70.6397700">
    <ele>1584.8</ele>
   </trkpt>
   <trkpt lat="-36.7937040" lon="-70.6393470">
    <ele>1585.8</ele>
   </trkpt>
   <trkpt lat="-36.7936070" lon="-70.6391880">
    <ele>1586.4</ele>
   </trkpt>
   <trkpt lat="-36.7935290" lon="-70.6391070">
    <ele>1586.6</ele>
   </trkpt>
   <trkpt lat="-36.7934000" lon="-70.6390110">
    <ele>1587.4</ele>
   </trkpt>
   <trkpt lat="-36.7932100" lon="-70.6389010">
    <ele>1588.8</ele>
   </trkpt>
   <trkpt lat="-36.7931640" lon="-70.6388680">
    <ele>1588.8</ele>
   </trkpt>
   <trkpt lat="-36.7929350" lon="-70.6387260">
    <ele>1590.8</ele>
   </trkpt>
   <trkpt lat="-36.7928930" lon="-70.6386900">
    <ele>1590.8</ele>
   </trkpt>
   <trkpt lat="-36.7925930" lon="-70.6383780">
    <ele>1591.8</ele>
   </trkpt>
   <trkpt lat="-36.7925310" lon="-70.6382720">
    <ele>1592.0</ele>
   </trkpt>
   <trkpt lat="-36.7923560" lon="-70.6378230">
    <ele>1593.8</ele>
   </trkpt>
   <trkpt lat="-36.7922050" lon="-70.6374060">
    <ele>1595.0</ele>
   </trkpt>
   <trkpt lat="-36.7920820" lon="-70.6369250">
    <ele>1596.2</ele>
   </trkpt>
   <trkpt lat="-36.7920540" lon="-70.6366770">
    <ele>1595.6</ele>
   </trkpt>
   <trkpt lat="-36.7920310" lon="-70.6365940">
    <ele>1595.2</ele>
   </trkpt>
   <trkpt lat="-36.7919920" lon="-70.6365140">
    <ele>1594.8</ele>
   </trkpt>
   <trkpt lat="-36.7919330" lon="-70.6364490">
    <ele>1594.4</ele>
   </trkpt>
   <trkpt lat="-36.7918750" lon="-70.6364040">
    <ele>1593.8</ele>
   </trkpt>
   <trkpt lat="-36.7918140" lon="-70.6363760">
    <ele>1593.2</ele>
   </trkpt>
   <trkpt lat="-36.7917610" lon="-70.6363650">
    <ele>1592.8</ele>
   </trkpt>
   <trkpt lat="-36.7917070" lon="-70.6363650">
    <ele>1592.8</ele>
   </trkpt>
   <trkpt lat="-36.7915990" lon="-70.6363520">
    <ele>1592.8</ele>
   </trkpt>
   <trkpt lat="-36.7915440" lon="-70.6363580">
    <ele>1593.0</ele>
   </trkpt>
   <trkpt lat="-36.7914890" lon="-70.6363510">
    <ele>1593.2</ele>
   </trkpt>
   <trkpt lat="-36.7914360" lon="-70.6363380">
    <ele>1593.4</ele>
   </trkpt>
   <trkpt lat="-36.7913840" lon="-70.6363270">
    <ele>1593.4</ele>
   </trkpt>
   <trkpt lat="-36.7913320" lon="-70.6362960">
    <ele>1593.8</ele>
   </trkpt>
   <trkpt lat="-36.7912370" lon="-70.6362400">
    <ele>1594.6</ele>
   </trkpt>
   <trkpt lat="-36.7911940" lon="-70.6361970">
    <ele>1594.8</ele>
   </trkpt>
   <trkpt lat="-36.7911590" lon="-70.6361550">
    <ele>1595.2</ele>
   </trkpt>
   <trkpt lat="-36.7911200" lon="-70.6361160">
    <ele>1595.4</ele>
   </trkpt>
   <trkpt lat="-36.7910810" lon="-70.6360610">
    <ele>1595.8</ele>
   </trkpt>
   <trkpt lat="-36.7910100" lon="-70.6359530">
    <ele>1596.4</ele>
   </trkpt>
   <trkpt lat="-36.7908000" lon="-70.6356470">
    <ele>1597.2</ele>
   </trkpt>
   <trkpt lat="-36.7906710" lon="-70.6354390">
    <ele>1597.4</ele>
   </trkpt>
   <trkpt lat="-36.7904570" lon="-70.6350800">
    <ele>1598.4</ele>
   </trkpt>
   <trkpt lat="-36.7902470" lon="-70.6347120">
    <ele>1598.8</ele>
   </trkpt>
   <trkpt lat="-36.7902110" lon="-70.6346760">
    <ele>1599.0</ele>
   </trkpt>
   <trkpt lat="-36.7899420" lon="-70.6343560">
    <ele>1599.8</ele>
   </trkpt>
   <trkpt lat="-36.7898730" lon="-70.6342750">
    <ele>1599.6</ele>
   </trkpt>
   <trkpt lat="-36.7898430" lon="-70.6342330">
    <ele>1599.6</ele>
   </trkpt>
   <trkpt lat="-36.7898070" lon="-70.6341960">
    <ele>1600.0</ele>
   </trkpt>
   <trkpt lat="-36.7895270" lon="-70.6338610">
    <ele>1602.0</ele>
   </trkpt>
   <trkpt lat="-36.7892330" lon="-70.6335330">
    <ele>1601.6</ele>
   </trkpt>
   <trkpt lat="-36.7889480" lon="-70.6332300">
    <ele>1603.8</ele>
   </trkpt>
   <trkpt lat="-36.7886580" lon="-70.6329540">
    <ele>1603.8</ele>
   </trkpt>
   <trkpt lat="-36.7885240" lon="-70.6327610">
    <ele>1603.4</ele>
   </trkpt>
   <trkpt lat="-36.7883380" lon="-70.6323290">
    <ele>1603.8</ele>
   </trkpt>
   <trkpt lat="-36.7880570" lon="-70.6320350">
    <ele>1605.6</ele>
   </trkpt>
   <trkpt lat="-36.7877540" lon="-70.6317140">
    <ele>1607.2</ele>
   </trkpt>
   <trkpt lat="-36.7874770" lon="-70.6313960">
    <ele>1608.4</ele>
   </trkpt>
   <trkpt lat="-36.7872420" lon="-70.6311280">
    <ele>1608.8</ele>
   </trkpt>
   <trkpt lat="-36.7871130" lon="-70.6310170">
    <ele>1610.0</ele>
   </trkpt>
   <trkpt lat="-36.7870680" lon="-70.6309890">
    <ele>1610.8</ele>
   </trkpt>
   <trkpt lat="-36.7866850" lon="-70.6308410">
    <ele>1611.4</ele>
   </trkpt>
   <trkpt lat="-36.7864510" lon="-70.6308150">
    <ele>1612.6</ele>
   </trkpt>
   <trkpt lat="-36.7864040" lon="-70.6308230">
    <ele>1612.6</ele>
   </trkpt>
   <trkpt lat="-36.7859970" lon="-70.6308730">
    <ele>1613.2</ele>
   </trkpt>
   <trkpt lat="-36.7856270" lon="-70.6308780">
    <ele>1615.6</ele>
   </trkpt>
   <trkpt lat="-36.7854930" lon="-70.6309380">
    <ele>1616.2</ele>
   </trkpt>
   <trkpt lat="-36.7851870" lon="-70.6311860">
    <ele>1616.2</ele>
   </trkpt>
   <trkpt lat="-36.7848850" lon="-70.6313480">
    <ele>1617.0</ele>
   </trkpt>
   <trkpt lat="-36.7848350" lon="-70.6313470">
    <ele>1616.8</ele>
   </trkpt>
   <trkpt lat="-36.7847850" lon="-70.6313450">
    <ele>1617.6</ele>
   </trkpt>
   <trkpt lat="-36.7844390" lon="-70.6312280">
    <ele>1619.0</ele>
   </trkpt>
   <trkpt lat="-36.7840510" lon="-70.6311320">
    <ele>1620.4</ele>
   </trkpt>
   <trkpt lat="-36.7837080" lon="-70.6310370">
    <ele>1621.8</ele>
   </trkpt>
   <trkpt lat="-36.7834770" lon="-70.6309680">
    <ele>1624.2</ele>
   </trkpt>
   <trkpt lat="-36.7831740" lon="-70.6308680">
    <ele>1625.8</ele>
   </trkpt>
   <trkpt lat="-36.7831420" lon="-70.6308470">
    <ele>1626.0</ele>
   </trkpt>
   <trkpt lat="-36.7830720" lon="-70.6307980">
    <ele>1626.4</ele>
   </trkpt>
   <trkpt lat="-36.7829610" lon="-70.6307540">
    <ele>1627.2</ele>
   </trkpt>
   <trkpt lat="-36.7825750" lon="-70.6306440">
    <ele>1628.8</ele>
   </trkpt>
   <trkpt lat="-36.7821920" lon="-70.6305350">
    <ele>1630.6</ele>
   </trkpt>
   <trkpt lat="-36.7821520" lon="-70.6305230">
    <ele>1630.8</ele>
   </trkpt>
   <trkpt lat="-36.7821100" lon="-70.6305070">
    <ele>1631.0</ele>
   </trkpt>
   <trkpt lat="-36.7820650" lon="-70.6305000">
    <ele>1631.0</ele>
   </trkpt>
   <trkpt lat="-36.7816620" lon="-70.6304060">
    <ele>1632.0</ele>
   </trkpt>
   <trkpt lat="-36.7812750" lon="-70.6303280">
    <ele>1632.8</ele>
   </trkpt>
   <trkpt lat="-36.7808670" lon="-70.6302490">
    <ele>1632.8</ele>
   </trkpt>
   <trkpt lat="-36.7804710" lon="-70.6301770">
    <ele>1632.2</ele>
   </trkpt>
   <trkpt lat="-36.7801720" lon="-70.6301130">
    <ele>1633.4</ele>
   </trkpt>
   <trkpt lat="-36.7799470" lon="-70.6300210">
    <ele>1635.0</ele>
   </trkpt>
   <trkpt lat="-36.7796600" lon="-70.6297470">
    <ele>1636.6</ele>
   </trkpt>
   <trkpt lat="-36.7793390" lon="-70.6294530">
    <ele>1636.6</ele>
   </trkpt>
   <trkpt lat="-36.7792950" lon="-70.6294010">
    <ele>1636.8</ele>
   </trkpt>
   <trkpt lat="-36.7791960" lon="-70.6293100">
    <ele>1636.6</ele>
   </trkpt>
   <trkpt lat="-36.7788810" lon="-70.6290150">
    <ele>1637.8</ele>
   </trkpt>
   <trkpt lat="-36.7785520" lon="-70.6287170">
    <ele>1638.4</ele>
   </trkpt>
   <trkpt lat="-36.7782420" lon="-70.6284240">
    <ele>1639.2</ele>
   </trkpt>
   <trkpt lat="-36.7780680" lon="-70.6282670">
    <ele>1640.0</ele>
   </trkpt>
   <trkpt lat="-36.7779880" lon="-70.6281900">
    <ele>1640.0</ele>
   </trkpt>
   <trkpt lat="-36.7776760" lon="-70.6279050">
    <ele>1641.8</ele>
   </trkpt>
   <trkpt lat="-36.7774870" lon="-70.6277420">
    <ele>1643.0</ele>
   </trkpt>
   <trkpt lat="-36.7772400" lon="-70.6275460">
    <ele>1644.2</ele>
   </trkpt>
   <trkpt lat="-36.7769490" lon="-70.6272420">
    <ele>1645.6</ele>
   </trkpt>
   <trkpt lat="-36.7767970" lon="-70.6270730">
    <ele>1646.8</ele>
   </trkpt>
   <trkpt lat="-36.7765330" lon="-70.6267670">
    <ele>1647.6</ele>
   </trkpt>
   <trkpt lat="-36.7762180" lon="-70.6265000">
    <ele>1647.6</ele>
   </trkpt>
   <trkpt lat="-36.7758740" lon="-70.6262160">
    <ele>1647.2</ele>
   </trkpt>
   <trkpt lat="-36.7755590" lon="-70.6259590">
    <ele>1648.0</ele>
   </trkpt>
   <trkpt lat="-36.7752260" lon="-70.6257520">
    <ele>1649.2</ele>
   </trkpt>
   <trkpt lat="-36.7748700" lon="-70.6256030">
    <ele>1649.8</ele>
   </trkpt>
   <trkpt lat="-36.7745530" lon="-70.6253800">
    <ele>1651.8</ele>
   </trkpt>
   <trkpt lat="-36.7742510" lon="-70.6251150">
    <ele>1654.6</ele>
   </trkpt>
   <trkpt lat="-36.7739480" lon="-70.6248280">
    <ele>1655.6</ele>
   </trkpt>
   <trkpt lat="-36.7736520" lon="-70.6245000">
    <ele>1657.0</ele>
   </trkpt>
   <trkpt lat="-36.7733590" lon="-70.6241610">
    <ele>1657.6</ele>
   </trkpt>
   <trkpt lat="-36.7730750" lon="-70.6237930">
    <ele>1658.8</ele>
   </trkpt>
   <trkpt lat="-36.7728710" lon="-70.6234110">
    <ele>1660.6</ele>
   </trkpt>
   <trkpt lat="-36.7727190" lon="-70.6229780">
    <ele>1661.4</ele>
   </trkpt>
   <trkpt lat="-36.7725480" lon="-70.6225630">
    <ele>1662.6</ele>
   </trkpt>
   <trkpt lat="-36.7723360" lon="-70.6221610">
    <ele>1662.6</ele>
   </trkpt>
   <trkpt lat="-36.7721070" lon="-70.6217800">
    <ele>1662.6</ele>
   </trkpt>
   <trkpt lat="-36.7720620" lon="-70.6216410">
    <ele>1663.2</ele>
   </trkpt>
   <trkpt lat="-36.7720530" lon="-70.6215580">
    <ele>1663.2</ele>
   </trkpt>
   <trkpt lat="-36.7720490" lon="-70.6214720">
    <ele>1663.4</ele>
   </trkpt>
   <trkpt lat="-36.7720570" lon="-70.6213840">
    <ele>1663.4</ele>
   </trkpt>
   <trkpt lat="-36.7721820" lon="-70.6209820">
    <ele>1664.4</ele>
   </trkpt>
   <trkpt lat="-36.7721890" lon="-70.6209300">
    <ele>1664.6</ele>
   </trkpt>
   <trkpt lat="-36.7721870" lon="-70.6208820">
    <ele>1664.8</ele>
   </trkpt>
   <trkpt lat="-36.7721730" lon="-70.6208380">
    <ele>1664.8</ele>
   </trkpt>
   <trkpt lat="-36.7721490" lon="-70.6207880">
    <ele>1664.8</ele>
   </trkpt>
   <trkpt lat="-36.7721080" lon="-70.6207490">
    <ele>1664.8</ele>
   </trkpt>
   <trkpt lat="-36.7720590" lon="-70.6207190">
    <ele>1664.4</ele>
   </trkpt>
   <trkpt lat="-36.7720130" lon="-70.6207180">
    <ele>1664.4</ele>
   </trkpt>
   <trkpt lat="-36.7717980" lon="-70.6206990">
    <ele>1665.8</ele>
   </trkpt>
   <trkpt lat="-36.7717490" lon="-70.6206740">
    <ele>1665.8</ele>
   </trkpt>
   <trkpt lat="-36.7716280" lon="-70.6205900">
    <ele>1667.8</ele>
   </trkpt>
   <trkpt lat="-36.7715520" lon="-70.6205150">
    <ele>1668.0</ele>
   </trkpt>
   <trkpt lat="-36.7713080" lon="-70.6201370">
    <ele>1668.2</ele>
   </trkpt>
   <trkpt lat="-36.7711090" lon="-70.6197540">
    <ele>1667.8</ele>
   </trkpt>
   <trkpt lat="-36.7710750" lon="-70.6196990">
    <ele>1667.6</ele>
   </trkpt>
   <trkpt lat="-36.7710310" lon="-70.6196620">
    <ele>1667.6</ele>
   </trkpt>
   <trkpt lat="-36.7709750" lon="-70.6196510">
    <ele>1667.6</ele>
   </trkpt>
   <trkpt lat="-36.7709160" lon="-70.6196690">
    <ele>1667.6</ele>
   </trkpt>
   <trkpt lat="-36.7708590" lon="-70.6197010">
    <ele>1667.8</ele>
   </trkpt>
   <trkpt lat="-36.7707570" lon="-70.6197860">
    <ele>1667.0</ele>
   </trkpt>
   <trkpt lat="-36.7704800" lon="-70.6201560">
    <ele>1667.0</ele>
   </trkpt>
   <trkpt lat="-36.7702020" lon="-70.6204960">
    <ele>1668.2</ele>
   </trkpt>
   <trkpt lat="-36.7701510" lon="-70.6205410">
    <ele>1668.4</ele>
   </trkpt>
   <trkpt lat="-36.7700980" lon="-70.6205730">
    <ele>1668.6</ele>
   </trkpt>
   <trkpt lat="-36.7700450" lon="-70.6206010">
    <ele>1669.0</ele>
   </trkpt>
   <trkpt lat="-36.7699890" lon="-70.6206180">
    <ele>1669.6</ele>
   </trkpt>
   <trkpt lat="-36.7697660" lon="-70.6206480">
    <ele>1669.6</ele>
   </trkpt>
   <trkpt lat="-36.7694000" lon="-70.6206230">
    <ele>1670.4</ele>
   </trkpt>
   <trkpt lat="-36.7690570" lon="-70.6206520">
    <ele>1669.6</ele>
   </trkpt>
   <trkpt lat="-36.7689220" lon="-70.6207340">
    <ele>1670.4</ele>
   </trkpt>
   <trkpt lat="-36.7685620" lon="-70.6209330">
    <ele>1672.0</ele>
   </trkpt>
   <trkpt lat="-36.7684710" lon="-70.6209640">
    <ele>1672.8</ele>
   </trkpt>
   <trkpt lat="-36.7681120" lon="-70.6210100">
    <ele>1675.4</ele>
   </trkpt>
   <trkpt lat="-36.7680010" lon="-70.6210150">
    <ele>1677.0</ele>
   </trkpt>
   <trkpt lat="-36.7676350" lon="-70.6209860">
    <ele>1679.6</ele>
   </trkpt>
   <trkpt lat="-36.7672740" lon="-70.6209450">
    <ele>1682.0</ele>
   </trkpt>
   <trkpt lat="-36.7670360" lon="-70.6208920">
    <ele>1683.4</ele>
   </trkpt>
   <trkpt lat="-36.7670020" lon="-70.6208920">
    <ele>1683.8</ele>
   </trkpt>
   <trkpt lat="-36.7667320" lon="-70.6208410">
    <ele>1685.0</ele>
   </trkpt>
   <trkpt lat="-36.7663630" lon="-70.6207720">
    <ele>1687.8</ele>
   </trkpt>
   <trkpt lat="-36.7660170" lon="-70.6207340">
    <ele>1689.4</ele>
   </trkpt>
   <trkpt lat="-36.7656470" lon="-70.6207070">
    <ele>1690.4</ele>
   </trkpt>
   <trkpt lat="-36.7653290" lon="-70.6206800">
    <ele>1691.0</ele>
   </trkpt>
   <trkpt lat="-36.7649350" lon="-70.6206780">
    <ele>1694.0</ele>
   </trkpt>
   <trkpt lat="-36.7646480" lon="-70.6207750">
    <ele>1694.4</ele>
   </trkpt>
   <trkpt lat="-36.7642600" lon="-70.6207940">
    <ele>1695.8</ele>
   </trkpt>
   <trkpt lat="-36.7639020" lon="-70.6208300">
    <ele>1698.4</ele>
   </trkpt>
   <trkpt lat="-36.7635260" lon="-70.6208660">
    <ele>1699.6</ele>
   </trkpt>
   <trkpt lat="-36.7631710" lon="-70.6209550">
    <ele>1700.2</ele>
   </trkpt>
   <trkpt lat="-36.7629650" lon="-70.6209920">
    <ele>1701.4</ele>
   </trkpt>
   <trkpt lat="-36.7628790" lon="-70.6209740">
    <ele>1701.6</ele>
   </trkpt>
   <trkpt lat="-36.7627610" lon="-70.6209530">
    <ele>1704.0</ele>
   </trkpt>
   <trkpt lat="-36.7625950" lon="-70.6209070">
    <ele>1704.6</ele>
   </trkpt>
   <trkpt lat="-36.7625140" lon="-70.6208840">
    <ele>1704.8</ele>
   </trkpt>
   <trkpt lat="-36.7624720" lon="-70.6208770">
    <ele>1704.8</ele>
   </trkpt>
   <trkpt lat="-36.7620950" lon="-70.6208230">
    <ele>1706.0</ele>
   </trkpt>
   <trkpt lat="-36.7620050" lon="-70.6208210">
    <ele>1706.0</ele>
   </trkpt>
   <trkpt lat="-36.7619610" lon="-70.6208240">
    <ele>1706.6</ele>
   </trkpt>
   <trkpt lat="-36.7616600" lon="-70.6207880">
    <ele>1707.0</ele>
   </trkpt>
   <trkpt lat="-36.7615960" lon="-70.6207680">
    <ele>1707.8</ele>
   </trkpt>
   <trkpt lat="-36.7615740" lon="-70.6207620">
    <ele>1708.0</ele>
   </trkpt>
   <trkpt lat="-36.7615690" lon="-70.6207510">
    <ele>1708.4</ele>
   </trkpt>
   <trkpt lat="-36.7615660" lon="-70.6207460">
    <ele>1708.6</ele>
   </trkpt>
   <trkpt lat="-36.7615500" lon="-70.6207470">
    <ele>1708.6</ele>
   </trkpt>
   <trkpt lat="-36.7615280" lon="-70.6207400">
    <ele>1708.6</ele>
   </trkpt>
   <trkpt lat="-36.7615050" lon="-70.6207330">
    <ele>1708.6</ele>
   </trkpt>
   <trkpt lat="-36.7614770" lon="-70.6207150">
    <ele>1708.8</ele>
   </trkpt>
   <trkpt lat="-36.7614460" lon="-70.6207030">
    <ele>1709.0</ele>
   </trkpt>
   <trkpt lat="-36.7613360" lon="-70.6206700">
    <ele>1710.0</ele>
   </trkpt>
   <trkpt lat="-36.7612940" lon="-70.6206510">
    <ele>1710.4</ele>
   </trkpt>
   <trkpt lat="-36.7610810" lon="-70.6205760">
    <ele>1712.8</ele>
   </trkpt>
   <trkpt lat="-36.7609950" lon="-70.6205280">
    <ele>1713.2</ele>
   </trkpt>
   <trkpt lat="-36.7609490" lon="-70.6204920">
    <ele>1713.2</ele>
   </trkpt>
   <trkpt lat="-36.7606440" lon="-70.6201890">
    <ele>1713.2</ele>
   </trkpt>
   <trkpt lat="-36.7603780" lon="-70.6198320">
    <ele>1713.6</ele>
   </trkpt>
   <trkpt lat="-36.7601990" lon="-70.6196460">
    <ele>1714.4</ele>
   </trkpt>
   <trkpt lat="-36.7601480" lon="-70.6196190">
    <ele>1714.4</ele>
   </trkpt>
   <trkpt lat="-36.7600920" lon="-70.6195980">
    <ele>1714.6</ele>
   </trkpt>
   <trkpt lat="-36.7600300" lon="-70.6195910">
    <ele>1714.4</ele>
   </trkpt>
   <trkpt lat="-36.7599650" lon="-70.6195980">
    <ele>1714.0</ele>
   </trkpt>
   <trkpt lat="-36.7598980" lon="-70.6196150">
    <ele>1714.0</ele>
   </trkpt>
   <trkpt lat="-36.7598310" lon="-70.6196480">
    <ele>1714.4</ele>
   </trkpt>
   <trkpt lat="-36.7596100" lon="-70.6197590">
    <ele>1713.6</ele>
   </trkpt>
   <trkpt lat="-36.7592800" lon="-70.6199610">
    <ele>1714.4</ele>
   </trkpt>
   <trkpt lat="-36.7590080" lon="-70.6200210">
    <ele>1713.8</ele>
   </trkpt>
   <trkpt lat="-36.7589460" lon="-70.6200620">
    <ele>1713.6</ele>
   </trkpt>
   <trkpt lat="-36.7588840" lon="-70.6201180">
    <ele>1713.6</ele>
   </trkpt>
   <trkpt lat="-36.7588370" lon="-70.6201880">
    <ele>1713.6</ele>
   </trkpt>
   <trkpt lat="-36.7587310" lon="-70.6203150">
    <ele>1713.8</ele>
   </trkpt>
   <trkpt lat="-36.7586700" lon="-70.6203570">
    <ele>1713.6</ele>
   </trkpt>
   <trkpt lat="-36.7586040" lon="-70.6203860">
    <ele>1713.8</ele>
   </trkpt>
   <trkpt lat="-36.7585380" lon="-70.6203990">
    <ele>1713.8</ele>
   </trkpt>
   <trkpt lat="-36.7584680" lon="-70.6203970">
    <ele>1713.8</ele>
   </trkpt>
   <trkpt lat="-36.7580830" lon="-70.6204250">
    <ele>1713.2</ele>
   </trkpt>
   <trkpt lat="-36.7578040" lon="-70.6204460">
    <ele>1714.4</ele>
   </trkpt>
   <trkpt lat="-36.7577420" lon="-70.6204810">
    <ele>1714.8</ele>
   </trkpt>
   <trkpt lat="-36.7576870" lon="-70.6205320">
    <ele>1715.2</ele>
   </trkpt>
   <trkpt lat="-36.7576420" lon="-70.6205940">
    <ele>1715.6</ele>
   </trkpt>
   <trkpt lat="-36.7576070" lon="-70.6206590">
    <ele>1715.8</ele>
   </trkpt>
   <trkpt lat="-36.7574970" lon="-70.6208350">
    <ele>1716.0</ele>
   </trkpt>
   <trkpt lat="-36.7574410" lon="-70.6208740">
    <ele>1716.0</ele>
   </trkpt>
   <trkpt lat="-36.7573780" lon="-70.6208920">
    <ele>1716.2</ele>
   </trkpt>
   <trkpt lat="-36.7573140" lon="-70.6208990">
    <ele>1716.6</ele>
   </trkpt>
   <trkpt lat="-36.7571930" lon="-70.6208900">
    <ele>1717.4</ele>
   </trkpt>
   <trkpt lat="-36.7571360" lon="-70.6208710">
    <ele>1717.6</ele>
   </trkpt>
   <trkpt lat="-36.7569410" lon="-70.6207680">
    <ele>1718.6</ele>
   </trkpt>
   <trkpt lat="-36.7568000" lon="-70.6206760">
    <ele>1719.4</ele>
   </trkpt>
   <trkpt lat="-36.7567560" lon="-70.6206360">
    <ele>1719.6</ele>
   </trkpt>
   <trkpt lat="-36.7567020" lon="-70.6206050">
    <ele>1719.6</ele>
   </trkpt>
   <trkpt lat="-36.7563540" lon="-70.6203460">
    <ele>1721.0</ele>
   </trkpt>
   <trkpt lat="-36.7559900" lon="-70.6201080">
    <ele>1720.8</ele>
   </trkpt>
   <trkpt lat="-36.7556110" lon="-70.6199200">
    <ele>1720.8</ele>
   </trkpt>
   <trkpt lat="-36.7552150" lon="-70.6196770">
    <ele>1717.6</ele>
   </trkpt>
   <trkpt lat="-36.7548510" lon="-70.6195330">
    <ele>1718.8</ele>
   </trkpt>
   <trkpt lat="-36.7544710" lon="-70.6193670">
    <ele>1721.6</ele>
   </trkpt>
   <trkpt lat="-36.7543020" lon="-70.6193140">
    <ele>1721.8</ele>
   </trkpt>
   <trkpt lat="-36.7542360" lon="-70.6193320">
    <ele>1721.6</ele>
   </trkpt>
   <trkpt lat="-36.7541760" lon="-70.6193690">
    <ele>1721.6</ele>
   </trkpt>
   <trkpt lat="-36.7538070" lon="-70.6195840">
    <ele>1722.4</ele>
   </trkpt>
   <trkpt lat="-36.7536570" lon="-70.6196060">
    <ele>1722.4</ele>
   </trkpt>
   <trkpt lat="-36.7535850" lon="-70.6195920">
    <ele>1722.4</ele>
   </trkpt>
   <trkpt lat="-36.7532830" lon="-70.6194760">
    <ele>1722.8</ele>
   </trkpt>
   <trkpt lat="-36.7532210" lon="-70.6194790">
    <ele>1722.8</ele>
   </trkpt>
   <trkpt lat="-36.7531550" lon="-70.6195080">
    <ele>1722.8</ele>
   </trkpt>
   <trkpt lat="-36.7531070" lon="-70.6195610">
    <ele>1722.8</ele>
   </trkpt>
   <trkpt lat="-36.7530720" lon="-70.6196390">
    <ele>1722.8</ele>
   </trkpt>
   <trkpt lat="-36.7529450" lon="-70.6198980">
    <ele>1722.6</ele>
   </trkpt>
   <trkpt lat="-36.7528880" lon="-70.6199740">
    <ele>1722.4</ele>
   </trkpt>
   <trkpt lat="-36.7525780" lon="-70.6202200">
    <ele>1722.2</ele>
   </trkpt>
   <trkpt lat="-36.7522360" lon="-70.6204140">
    <ele>1720.2</ele>
   </trkpt>
   <trkpt lat="-36.7518760" lon="-70.6206150">
    <ele>1719.8</ele>
   </trkpt>
   <trkpt lat="-36.7515140" lon="-70.6208480">
    <ele>1718.6</ele>
   </trkpt>
   <trkpt lat="-36.7511630" lon="-70.6210230">
    <ele>1718.2</ele>
   </trkpt>
   <trkpt lat="-36.7507950" lon="-70.6212110">
    <ele>1715.6</ele>
   </trkpt>
   <trkpt lat="-36.7504380" lon="-70.6214010">
    <ele>1714.8</ele>
   </trkpt>
   <trkpt lat="-36.7500180" lon="-70.6215680">
    <ele>1714.6</ele>
   </trkpt>
   <trkpt lat="-36.7495880" lon="-70.6215470">
    <ele>1715.4</ele>
   </trkpt>
   <trkpt lat="-36.7491950" lon="-70.6213680">
    <ele>1715.4</ele>
   </trkpt>
   <trkpt lat="-36.7487920" lon="-70.6211910">
    <ele>1716.4</ele>
   </trkpt>
   <trkpt lat="-36.7484720" lon="-70.6209840">
    <ele>1715.8</ele>
   </trkpt>
   <trkpt lat="-36.7482140" lon="-70.6208060">
    <ele>1719.2</ele>
   </trkpt>
   <trkpt lat="-36.7478880" lon="-70.6205920">
    <ele>1723.8</ele>
   </trkpt>
   <trkpt lat="-36.7477630" lon="-70.6205050">
    <ele>1723.4</ele>
   </trkpt>
   <trkpt lat="-36.7477310" lon="-70.6205010">
    <ele>1723.6</ele>
   </trkpt>
   <trkpt lat="-36.7477040" lon="-70.6205100">
    <ele>1724.0</ele>
   </trkpt>
   <trkpt lat="-36.7476770" lon="-70.6205290">
    <ele>1725.0</ele>
   </trkpt>
   <trkpt lat="-36.7476540" lon="-70.6205610">
    <ele>1725.6</ele>
   </trkpt>
   <trkpt lat="-36.7476430" lon="-70.6206030">
    <ele>1726.2</ele>
   </trkpt>
   <trkpt lat="-36.7476460" lon="-70.6206490">
    <ele>1726.4</ele>
   </trkpt>
   <trkpt lat="-36.7476440" lon="-70.6206930">
    <ele>1726.6</ele>
   </trkpt>
   <trkpt lat="-36.7476460" lon="-70.6207400">
    <ele>1727.0</ele>
   </trkpt>
   <trkpt lat="-36.7476530" lon="-70.6207860">
    <ele>1727.2</ele>
   </trkpt>
   <trkpt lat="-36.7476630" lon="-70.6208330">
    <ele>1727.6</ele>
   </trkpt>
   <trkpt lat="-36.7478340" lon="-70.6212400">
    <ele>1728.6</ele>
   </trkpt>
   <trkpt lat="-36.7480180" lon="-70.6215470">
    <ele>1730.0</ele>
   </trkpt>
   <trkpt lat="-36.7480350" lon="-70.6216070">
    <ele>1730.2</ele>
   </trkpt>
   <trkpt lat="-36.7480400" lon="-70.6216730">
    <ele>1730.2</ele>
   </trkpt>
   <trkpt lat="-36.7480320" lon="-70.6217390">
    <ele>1730.2</ele>
   </trkpt>
   <trkpt lat="-36.7479950" lon="-70.6218600">
    <ele>1730.6</ele>
   </trkpt>
   <trkpt lat="-36.7479510" lon="-70.6219530">
    <ele>1731.0</ele>
   </trkpt>
   <trkpt lat="-36.7479240" lon="-70.6219850">
    <ele>1731.6</ele>
   </trkpt>
   <trkpt lat="-36.7478400" lon="-70.6220830">
    <ele>1732.8</ele>
   </trkpt>
   <trkpt lat="-36.7478180" lon="-70.6221160">
    <ele>1733.2</ele>
   </trkpt>
   <trkpt lat="-36.7477450" lon="-70.6222050">
    <ele>1734.6</ele>
   </trkpt>
   <trkpt lat="-36.7477160" lon="-70.6222330">
    <ele>1734.6</ele>
   </trkpt>
   <trkpt lat="-36.7476920" lon="-70.6222610">
    <ele>1734.8</ele>
   </trkpt>
   <trkpt lat="-36.7476700" lon="-70.6222900">
    <ele>1735.0</ele>
   </trkpt>
   <trkpt lat="-36.7476440" lon="-70.6223080">
    <ele>1735.6</ele>
   </trkpt>
   <trkpt lat="-36.7476140" lon="-70.6223300">
    <ele>1736.0</ele>
   </trkpt>
   <trkpt lat="-36.7475530" lon="-70.6223840">
    <ele>1736.4</ele>
   </trkpt>
   <trkpt lat="-36.7475180" lon="-70.6224050">
    <ele>1736.8</ele>
   </trkpt>
   <trkpt lat="-36.7474880" lon="-70.6224200">
    <ele>1737.2</ele>
   </trkpt>
   <trkpt lat="-36.7474230" lon="-70.6224300">
    <ele>1737.4</ele>
   </trkpt>
   <trkpt lat="-36.7473890" lon="-70.6224390">
    <ele>1737.6</ele>
   </trkpt>
   <trkpt lat="-36.7473540" lon="-70.6224480">
    <ele>1737.8</ele>
   </trkpt>
   <trkpt lat="-36.7472440" lon="-70.6224770">
    <ele>1738.4</ele>
   </trkpt>
   <trkpt lat="-36.7472080" lon="-70.6224870">
    <ele>1738.6</ele>
   </trkpt>
   <trkpt lat="-36.7471710" lon="-70.6224890">
    <ele>1739.0</ele>
   </trkpt>
   <trkpt lat="-36.7467890" lon="-70.6225020">
    <ele>1741.6</ele>
   </trkpt>
   <trkpt lat="-36.7463900" lon="-70.6224310">
    <ele>1743.4</ele>
   </trkpt>
   <trkpt lat="-36.7460270" lon="-70.6223570">
    <ele>1744.0</ele>
   </trkpt>
   <trkpt lat="-36.7456710" lon="-70.6222890">
    <ele>1743.0</ele>
   </trkpt>
   <trkpt lat="-36.7453160" lon="-70.6221930">
    <ele>1743.2</ele>
   </trkpt>
   <trkpt lat="-36.7451990" lon="-70.6221800">
    <ele>1743.6</ele>
   </trkpt>
   <trkpt lat="-36.7449300" lon="-70.6222500">
    <ele>1744.8</ele>
   </trkpt>
   <trkpt lat="-36.7445820" lon="-70.6224920">
    <ele>1747.0</ele>
   </trkpt>
   <trkpt lat="-36.7442150" lon="-70.6226900">
    <ele>1748.4</ele>
   </trkpt>
   <trkpt lat="-36.7438650" lon="-70.6228020">
    <ele>1748.8</ele>
   </trkpt>
   <trkpt lat="-36.7434460" lon="-70.6229440">
    <ele>1747.6</ele>
   </trkpt>
   <trkpt lat="-36.7432170" lon="-70.6229590">
    <ele>1746.0</ele>
   </trkpt>
   <trkpt lat="-36.7428340" lon="-70.6228670">
    <ele>1746.4</ele>
   </trkpt>
   <trkpt lat="-36.7427700" lon="-70.6228810">
    <ele>1746.2</ele>
   </trkpt>
   <trkpt lat="-36.7427130" lon="-70.6229080">
    <ele>1745.6</ele>
   </trkpt>
   <trkpt lat="-36.7425780" lon="-70.6230120">
    <ele>1746.8</ele>
   </trkpt>
   <trkpt lat="-36.7424130" lon="-70.6231350">
    <ele>1748.6</ele>
   </trkpt>
   <trkpt lat="-36.7423670" lon="-70.6231500">
    <ele>1749.0</ele>
   </trkpt>
   <trkpt lat="-36.7419880" lon="-70.6231220">
    <ele>1752.6</ele>
   </trkpt>
   <trkpt lat="-36.7416010" lon="-70.6230480">
    <ele>1756.0</ele>
   </trkpt>
   <trkpt lat="-36.7412140" lon="-70.6229190">
    <ele>1757.8</ele>
   </trkpt>
   <trkpt lat="-36.7408620" lon="-70.6228230">
    <ele>1759.6</ele>
   </trkpt>
   <trkpt lat="-36.7404690" lon="-70.6227230">
    <ele>1762.2</ele>
   </trkpt>
   <trkpt lat="-36.7401160" lon="-70.6226300">
    <ele>1764.4</ele>
   </trkpt>
   <trkpt lat="-36.7400320" lon="-70.6226040">
    <ele>1765.0</ele>
   </trkpt>
   <trkpt lat="-36.7399890" lon="-70.6225960">
    <ele>1765.2</ele>
   </trkpt>
   <trkpt lat="-36.7398270" lon="-70.6225650">
    <ele>1766.8</ele>
   </trkpt>
   <trkpt lat="-36.7397890" lon="-70.6225750">
    <ele>1766.8</ele>
   </trkpt>
   <trkpt lat="-36.7397510" lon="-70.6225960">
    <ele>1766.8</ele>
   </trkpt>
   <trkpt lat="-36.7397160" lon="-70.6226300">
    <ele>1767.0</ele>
   </trkpt>
   <trkpt lat="-36.7396850" lon="-70.6226730">
    <ele>1767.2</ele>
   </trkpt>
   <trkpt lat="-36.7396620" lon="-70.6227220">
    <ele>1767.4</ele>
   </trkpt>
   <trkpt lat="-36.7396570" lon="-70.6227810">
    <ele>1767.6</ele>
   </trkpt>
   <trkpt lat="-36.7396590" lon="-70.6228920">
    <ele>1767.8</ele>
   </trkpt>
   <trkpt lat="-36.7396670" lon="-70.6229460">
    <ele>1768.0</ele>
   </trkpt>
   <trkpt lat="-36.7396890" lon="-70.6229970">
    <ele>1768.4</ele>
   </trkpt>
   <trkpt lat="-36.7398880" lon="-70.6234180">
    <ele>1770.0</ele>
   </trkpt>
   <trkpt lat="-36.7400590" lon="-70.6238750">
    <ele>1771.2</ele>
   </trkpt>
   <trkpt lat="-36.7401190" lon="-70.6240870">
    <ele>1771.4</ele>
   </trkpt>
   <trkpt lat="-36.7401180" lon="-70.6244780">
    <ele>1771.6</ele>
   </trkpt>
   <trkpt lat="-36.7399760" lon="-70.6249480">
    <ele>1772.2</ele>
   </trkpt>
   <trkpt lat="-36.7397870" lon="-70.6253700">
    <ele>1774.2</ele>
   </trkpt>
   <trkpt lat="-36.7395500" lon="-70.6257710">
    <ele>1775.8</ele>
   </trkpt>
   <trkpt lat="-36.7392890" lon="-70.6261380">
    <ele>1778.4</ele>
   </trkpt>
   <trkpt lat="-36.7391050" lon="-70.6263290">
    <ele>1780.4</ele>
   </trkpt>
   <trkpt lat="-36.7388030" lon="-70.6266530">
    <ele>1782.6</ele>
   </trkpt>
   <trkpt lat="-36.7385950" lon="-70.6268250">
    <ele>1782.8</ele>
   </trkpt>
   <trkpt lat="-36.7385060" lon="-70.6268830">
    <ele>1783.4</ele>
   </trkpt>
   <trkpt lat="-36.7384650" lon="-70.6269190">
    <ele>1783.8</ele>
   </trkpt>
   <trkpt lat="-36.7382620" lon="-70.6271330">
    <ele>1785.8</ele>
   </trkpt>
   <trkpt lat="-36.7379950" lon="-70.6275340">
    <ele>1785.0</ele>
   </trkpt>
   <trkpt lat="-36.7379450" lon="-70.6275960">
    <ele>1785.2</ele>
   </trkpt>
   <trkpt lat="-36.7376330" lon="-70.6278330">
    <ele>1785.6</ele>
   </trkpt>
   <trkpt lat="-36.7372660" lon="-70.6279290">
    <ele>1784.0</ele>
   </trkpt>
   <trkpt lat="-36.7370440" lon="-70.6279390">
    <ele>1783.4</ele>
   </trkpt>
   <trkpt lat="-36.7366180" lon="-70.6279200">
    <ele>1784.2</ele>
   </trkpt>
   <trkpt lat="-36.7362320" lon="-70.6278710">
    <ele>1783.6</ele>
   </trkpt>
   <trkpt lat="-36.7358080" lon="-70.6278220">
    <ele>1784.8</ele>
   </trkpt>
   <trkpt lat="-36.7354360" lon="-70.6276320">
    <ele>1785.0</ele>
   </trkpt>
   <trkpt lat="-36.7353650" lon="-70.6276100">
    <ele>1785.2</ele>
   </trkpt>
   <trkpt lat="-36.7349680" lon="-70.6276110">
    <ele>1785.8</ele>
   </trkpt>
   <trkpt lat="-36.7345840" lon="-70.6276550">
    <ele>1787.2</ele>
   </trkpt>
   <trkpt lat="-36.7344020" lon="-70.6276560">
    <ele>1787.8</ele>
   </trkpt>
   <trkpt lat="-36.7341490" lon="-70.6276100">
    <ele>1787.8</ele>
   </trkpt>
   <trkpt lat="-36.7337630" lon="-70.6273950">
    <ele>1789.8</ele>
   </trkpt>
   <trkpt lat="-36.7334450" lon="-70.6271560">
    <ele>1789.4</ele>
   </trkpt>
   <trkpt lat="-36.7331010" lon="-70.6268480">
    <ele>1788.2</ele>
   </trkpt>
   <trkpt lat="-36.7330190" lon="-70.6268090">
    <ele>1787.6</ele>
   </trkpt>
   <trkpt lat="-36.7329360" lon="-70.6267880">
    <ele>1787.0</ele>
   </trkpt>
   <trkpt lat="-36.7328520" lon="-70.6267830">
    <ele>1787.0</ele>
   </trkpt>
   <trkpt lat="-36.7324500" lon="-70.6266820">
    <ele>1787.2</ele>
   </trkpt>
   <trkpt lat="-36.7320600" lon="-70.6264240">
    <ele>1787.8</ele>
   </trkpt>
   <trkpt lat="-36.7317870" lon="-70.6263360">
    <ele>1786.0</ele>
   </trkpt>
   <trkpt lat="-36.7316900" lon="-70.6263450">
    <ele>1785.8</ele>
   </trkpt>
   <trkpt lat="-36.7312720" lon="-70.6263990">
    <ele>1786.4</ele>
   </trkpt>
   <trkpt lat="-36.7308820" lon="-70.6262620">
    <ele>1786.2</ele>
   </trkpt>
   <trkpt lat="-36.7304620" lon="-70.6260990">
    <ele>1785.8</ele>
   </trkpt>
   <trkpt lat="-36.7300740" lon="-70.6259570">
    <ele>1787.0</ele>
   </trkpt>
   <trkpt lat="-36.7297020" lon="-70.6257940">
    <ele>1786.2</ele>
   </trkpt>
   <trkpt lat="-36.7293690" lon="-70.6256040">
    <ele>1785.4</ele>
   </trkpt>
   <trkpt lat="-36.7290040" lon="-70.6255120">
    <ele>1784.4</ele>
   </trkpt>
   <trkpt lat="-36.7285630" lon="-70.6253960">
    <ele>1783.6</ele>
   </trkpt>
   <trkpt lat="-36.7282160" lon="-70.6252320">
    <ele>1783.2</ele>
   </trkpt>
   <trkpt lat="-36.7278450" lon="-70.6250060">
    <ele>1782.6</ele>
   </trkpt>
   <trkpt lat="-36.7277700" lon="-70.6249880">
    <ele>1782.6</ele>
   </trkpt>
   <trkpt lat="-36.7276930" lon="-70.6249860">
    <ele>1782.6</ele>
   </trkpt>
   <trkpt lat="-36.7276180" lon="-70.6250110">
    <ele>1782.4</ele>
   </trkpt>
   <trkpt lat="-36.7275570" lon="-70.6250670">
    <ele>1782.2</ele>
   </trkpt>
   <trkpt lat="-36.7275160" lon="-70.6251380">
    <ele>1782.2</ele>
   </trkpt>
   <trkpt lat="-36.7274910" lon="-70.6252130">
    <ele>1782.0</ele>
   </trkpt>
   <trkpt lat="-36.7274810" lon="-70.6252880">
    <ele>1782.0</ele>
   </trkpt>
   <trkpt lat="-36.7274540" lon="-70.6256920">
    <ele>1784.8</ele>
   </trkpt>
   <trkpt lat="-36.7274490" lon="-70.6257550">
    <ele>1785.2</ele>
   </trkpt>
   <trkpt lat="-36.7273970" lon="-70.6261340">
    <ele>1787.4</ele>
   </trkpt>
   <trkpt lat="-36.7273760" lon="-70.6261960">
    <ele>1787.6</ele>
   </trkpt>
   <trkpt lat="-36.7271630" lon="-70.6266050">
    <ele>1788.8</ele>
   </trkpt>
   <trkpt lat="-36.7269140" lon="-70.6269940">
    <ele>1789.0</ele>
   </trkpt>
   <trkpt lat="-36.7266810" lon="-70.6273720">
    <ele>1790.8</ele>
   </trkpt>
   <trkpt lat="-36.7264380" lon="-70.6277470">
    <ele>1793.2</ele>
   </trkpt>
   <trkpt lat="-36.7261880" lon="-70.6281280">
    <ele>1795.8</ele>
   </trkpt>
   <trkpt lat="-36.7261160" lon="-70.6282120">
    <ele>1796.2</ele>
   </trkpt>
   <trkpt lat="-36.7260430" lon="-70.6282930">
    <ele>1797.2</ele>
   </trkpt>
   <trkpt lat="-36.7257870" lon="-70.6286340">
    <ele>1799.0</ele>
   </trkpt>
   <trkpt lat="-36.7255170" lon="-70.6288520">
    <ele>1799.0</ele>
   </trkpt>
   <trkpt lat="-36.7254010" lon="-70.6288870">
    <ele>1798.8</ele>
   </trkpt>
   <trkpt lat="-36.7253390" lon="-70.6288860">
    <ele>1798.8</ele>
   </trkpt>
   <trkpt lat="-36.7249270" lon="-70.6288070">
    <ele>1797.8</ele>
   </trkpt>
   <trkpt lat="-36.7245190" lon="-70.6287920">
    <ele>1796.6</ele>
   </trkpt>
   <trkpt lat="-36.7241080" lon="-70.6288750">
    <ele>1795.4</ele>
   </trkpt>
   <trkpt lat="-36.7237310" lon="-70.6288700">
    <ele>1796.0</ele>
   </trkpt>
   <trkpt lat="-36.7236560" lon="-70.6288500">
    <ele>1796.0</ele>
   </trkpt>
   <trkpt lat="-36.7235900" lon="-70.6288050">
    <ele>1796.2</ele>
   </trkpt>
   <trkpt lat="-36.7235390" lon="-70.6287380">
    <ele>1796.2</ele>
   </trkpt>
   <trkpt lat="-36.7235030" lon="-70.6286580">
    <ele>1796.4</ele>
   </trkpt>
   <trkpt lat="-36.7234840" lon="-70.6285680">
    <ele>1796.4</ele>
   </trkpt>
   <trkpt lat="-36.7233560" lon="-70.6280350">
    <ele>1795.4</ele>
   </trkpt>
   <trkpt lat="-36.7231790" lon="-70.6276240">
    <ele>1793.4</ele>
   </trkpt>
   <trkpt lat="-36.7231140" lon="-70.6275430">
    <ele>1794.0</ele>
   </trkpt>
   <trkpt lat="-36.7230300" lon="-70.6274760">
    <ele>1793.4</ele>
   </trkpt>
   <trkpt lat="-36.7226830" lon="-70.6272200">
    <ele>1791.6</ele>
   </trkpt>
   <trkpt lat="-36.7222790" lon="-70.6270370">
    <ele>1789.2</ele>
   </trkpt>
   <trkpt lat="-36.7218600" lon="-70.6269520">
    <ele>1785.4</ele>
   </trkpt>
   <trkpt lat="-36.7216670" lon="-70.6268720">
    <ele>1784.8</ele>
   </trkpt>
   <trkpt lat="-36.7215880" lon="-70.6268050">
    <ele>1784.4</ele>
   </trkpt>
   <trkpt lat="-36.7215160" lon="-70.6267230">
    <ele>1784.6</ele>
   </trkpt>
   <trkpt lat="-36.7214600" lon="-70.6266220">
    <ele>1784.0</ele>
   </trkpt>
   <trkpt lat="-36.7214320" lon="-70.6265030">
    <ele>1782.8</ele>
   </trkpt>
   <trkpt lat="-36.7214200" lon="-70.6263760">
    <ele>1782.2</ele>
   </trkpt>
   <trkpt lat="-36.7214350" lon="-70.6258300">
    <ele>1778.6</ele>
   </trkpt>
   <trkpt lat="-36.7214120" lon="-70.6252900">
    <ele>1777.0</ele>
   </trkpt>
   <trkpt lat="-36.7213390" lon="-70.6247260">
    <ele>1775.0</ele>
   </trkpt>
   <trkpt lat="-36.7211920" lon="-70.6243030">
    <ele>1772.2</ele>
   </trkpt>
   <trkpt lat="-36.7209800" lon="-70.6239280">
    <ele>1770.4</ele>
   </trkpt>
   <trkpt lat="-36.7207490" lon="-70.6235620">
    <ele>1767.6</ele>
   </trkpt>
   <trkpt lat="-36.7204380" lon="-70.6232830">
    <ele>1764.6</ele>
   </trkpt>
   <trkpt lat="-36.7201060" lon="-70.6230430">
    <ele>1761.4</ele>
   </trkpt>
   <trkpt lat="-36.7197960" lon="-70.6227840">
    <ele>1758.2</ele>
   </trkpt>
   <trkpt lat="-36.7194810" lon="-70.6225270">
    <ele>1755.2</ele>
   </trkpt>
   <trkpt lat="-36.7192450" lon="-70.6221980">
    <ele>1752.0</ele>
   </trkpt>
   <trkpt lat="-36.7192130" lon="-70.6220710">
    <ele>1750.4</ele>
   </trkpt>
   <trkpt lat="-36.7192170" lon="-70.6219410">
    <ele>1748.8</ele>
   </trkpt>
   <trkpt lat="-36.7192520" lon="-70.6218220">
    <ele>1747.6</ele>
   </trkpt>
   <trkpt lat="-36.7193130" lon="-70.6217170">
    <ele>1746.8</ele>
   </trkpt>
   <trkpt lat="-36.7193740" lon="-70.6216190">
    <ele>1746.4</ele>
   </trkpt>
   <trkpt lat="-36.7194070" lon="-70.6215120">
    <ele>1745.8</ele>
   </trkpt>
   <trkpt lat="-36.7194190" lon="-70.6213830">
    <ele>1745.0</ele>
   </trkpt>
   <trkpt lat="-36.7193920" lon="-70.6212500">
    <ele>1743.6</ele>
   </trkpt>
   <trkpt lat="-36.7193440" lon="-70.6211210">
    <ele>1742.2</ele>
   </trkpt>
   <trkpt lat="-36.7192470" lon="-70.6208410">
    <ele>1738.8</ele>
   </trkpt>
   <trkpt lat="-36.7192330" lon="-70.6206940">
    <ele>1736.4</ele>
   </trkpt>
   <trkpt lat="-36.7192430" lon="-70.6205420">
    <ele>1734.8</ele>
   </trkpt>
   <trkpt lat="-36.7192770" lon="-70.6203890">
    <ele>1733.8</ele>
   </trkpt>
   <trkpt lat="-36.7193820" lon="-70.6199110">
    <ele>1727.4</ele>
   </trkpt>
   <trkpt lat="-36.7194170" lon="-70.6194120">
    <ele>1722.2</ele>
   </trkpt>
   <trkpt lat="-36.7194470" lon="-70.6189390">
    <ele>1717.4</ele>
   </trkpt>
   <trkpt lat="-36.7194500" lon="-70.6183950">
    <ele>1709.0</ele>
   </trkpt>
   <trkpt lat="-36.7194380" lon="-70.6182990">
    <ele>1707.4</ele>
   </trkpt>
   <trkpt lat="-36.7194030" lon="-70.6182300">
    <ele>1706.2</ele>
   </trkpt>
   <trkpt lat="-36.7193480" lon="-70.6182010">
    <ele>1704.4</ele>
   </trkpt>
   <trkpt lat="-36.7192900" lon="-70.6182220">
    <ele>1703.2</ele>
   </trkpt>
   <trkpt lat="-36.7192440" lon="-70.6182800">
    <ele>1701.8</ele>
   </trkpt>
   <trkpt lat="-36.7192090" lon="-70.6183530">
    <ele>1700.8</ele>
   </trkpt>
   <trkpt lat="-36.7189550" lon="-70.6187910">
    <ele>1696.2</ele>
   </trkpt>
   <trkpt lat="-36.7186560" lon="-70.6192330">
    <ele>1690.2</ele>
   </trkpt>
   <trkpt lat="-36.7184830" lon="-70.6194590">
    <ele>1689.0</ele>
   </trkpt>
   <trkpt lat="-36.7182100" lon="-70.6197580">
    <ele>1686.4</ele>
   </trkpt>
   <trkpt lat="-36.7179110" lon="-70.6201730">
    <ele>1683.6</ele>
   </trkpt>
   <trkpt lat="-36.7178390" lon="-70.6202610">
    <ele>1683.2</ele>
   </trkpt>
   <trkpt lat="-36.7177100" lon="-70.6204120">
    <ele>1683.0</ele>
   </trkpt>
   <trkpt lat="-36.7175620" lon="-70.6208760">
    <ele>1684.4</ele>
   </trkpt>
   <trkpt lat="-36.7174750" lon="-70.6213690">
    <ele>1688.0</ele>
   </trkpt>
   <trkpt lat="-36.7174380" lon="-70.6214690">
    <ele>1688.0</ele>
   </trkpt>
   <trkpt lat="-36.7174290" lon="-70.6215170">
    <ele>1688.0</ele>
   </trkpt>
   <trkpt lat="-36.7174160" lon="-70.6215610">
    <ele>1688.2</ele>
   </trkpt>
   <trkpt lat="-36.7174140" lon="-70.6216080">
    <ele>1688.6</ele>
   </trkpt>
   <trkpt lat="-36.7174030" lon="-70.6216520">
    <ele>1689.0</ele>
   </trkpt>
   <trkpt lat="-36.7173840" lon="-70.6216920">
    <ele>1689.2</ele>
   </trkpt>
   <trkpt lat="-36.7173230" lon="-70.6217960">
    <ele>1690.6</ele>
   </trkpt>
   <trkpt lat="-36.7172980" lon="-70.6218150">
    <ele>1691.0</ele>
   </trkpt>
   <trkpt lat="-36.7172710" lon="-70.6218220">
    <ele>1691.4</ele>
   </trkpt>
   <trkpt lat="-36.7172420" lon="-70.6218130">
    <ele>1691.6</ele>
   </trkpt>
   <trkpt lat="-36.7172110" lon="-70.6217950">
    <ele>1692.0</ele>
   </trkpt>
   <trkpt lat="-36.7171950" lon="-70.6217580">
    <ele>1692.4</ele>
   </trkpt>
   <trkpt lat="-36.7171840" lon="-70.6217190">
    <ele>1692.8</ele>
   </trkpt>
   <trkpt lat="-36.7171880" lon="-70.6216790">
    <ele>1693.2</ele>
   </trkpt>
   <trkpt lat="-36.7171910" lon="-70.6216340">
    <ele>1693.6</ele>
   </trkpt>
   <trkpt lat="-36.7172030" lon="-70.6215900">
    <ele>1693.8</ele>
   </trkpt>
   <trkpt lat="-36.7172300" lon="-70.6214790">
    <ele>1694.8</ele>
   </trkpt>
   <trkpt lat="-36.7172250" lon="-70.6214420">
    <ele>1695.0</ele>
   </trkpt>
   <trkpt lat="-36.7172080" lon="-70.6212700">
    <ele>1696.4</ele>
   </trkpt>
   <trkpt lat="-36.7171980" lon="-70.6212300">
    <ele>1696.8</ele>
   </trkpt>
   <trkpt lat="-36.7171850" lon="-70.6211910">
    <ele>1697.0</ele>
   </trkpt>
   <trkpt lat="-36.7171650" lon="-70.6211580">
    <ele>1697.0</ele>
   </trkpt>
   <trkpt lat="-36.7171060" lon="-70.6210620">
    <ele>1697.4</ele>
   </trkpt>
   <trkpt lat="-36.7170830" lon="-70.6210400">
    <ele>1697.4</ele>
   </trkpt>
   <trkpt lat="-36.7169600" lon="-70.6209090">
    <ele>1698.4</ele>
   </trkpt>
   <trkpt lat="-36.7169350" lon="-70.6208840">
    <ele>1698.8</ele>
   </trkpt>
   <trkpt lat="-36.7167920" lon="-70.6207570">
    <ele>1700.0</ele>
   </trkpt>
   <trkpt lat="-36.7165440" lon="-70.6205670">
    <ele>1702.8</ele>
   </trkpt>
   <trkpt lat="-36.7165200" lon="-70.6205470">
    <ele>1703.2</ele>
   </trkpt>
   <trkpt lat="-36.7164740" lon="-70.6205140">
    <ele>1704.0</ele>
   </trkpt>
   <trkpt lat="-36.7164520" lon="-70.6205080">
    <ele>1704.2</ele>
   </trkpt>
   <trkpt lat="-36.7164240" lon="-70.6205060">
    <ele>1704.4</ele>
   </trkpt>
   <trkpt lat="-36.7163960" lon="-70.6204970">
    <ele>1704.8</ele>
   </trkpt>
   <trkpt lat="-36.7163690" lon="-70.6204860">
    <ele>1705.2</ele>
   </trkpt>
   <trkpt lat="-36.7163470" lon="-70.6204870">
    <ele>1705.4</ele>
   </trkpt>
   <trkpt lat="-36.7162930" lon="-70.6204890">
    <ele>1706.0</ele>
   </trkpt>
   <trkpt lat="-36.7162670" lon="-70.6204810">
    <ele>1706.4</ele>
   </trkpt>
   <trkpt lat="-36.7162370" lon="-70.6204850">
    <ele>1706.6</ele>
   </trkpt>
   <trkpt lat="-36.7161780" lon="-70.6204890">
    <ele>1707.4</ele>
   </trkpt>
   <trkpt lat="-36.7161500" lon="-70.6205010">
    <ele>1708.0</ele>
   </trkpt>
   <trkpt lat="-36.7160970" lon="-70.6205240">
    <ele>1709.0</ele>
   </trkpt>
   <trkpt lat="-36.7160710" lon="-70.6205380">
    <ele>1709.4</ele>
   </trkpt>
   <trkpt lat="-36.7160250" lon="-70.6205680">
    <ele>1710.0</ele>
   </trkpt>
   <trkpt lat="-36.7159990" lon="-70.6205750">
    <ele>1710.2</ele>
   </trkpt>
   <trkpt lat="-36.7159650" lon="-70.6205900">
    <ele>1710.6</ele>
   </trkpt>
   <trkpt lat="-36.7159340" lon="-70.6205970">
    <ele>1711.0</ele>
   </trkpt>
   <trkpt lat="-36.7159090" lon="-70.6205950">
    <ele>1711.4</ele>
   </trkpt>
   <trkpt lat="-36.7158880" lon="-70.6205840">
    <ele>1711.8</ele>
   </trkpt>
   <trkpt lat="-36.7158680" lon="-70.6205700">
    <ele>1712.2</ele>
   </trkpt>
   <trkpt lat="-36.7158510" lon="-70.6205470">
    <ele>1712.8</ele>
   </trkpt>
   <trkpt lat="-36.7158400" lon="-70.6205150">
    <ele>1713.2</ele>
   </trkpt>
   <trkpt lat="-36.7158270" lon="-70.6204840">
    <ele>1713.8</ele>
   </trkpt>
   <trkpt lat="-36.7158120" lon="-70.6204590">
    <ele>1714.0</ele>
   </trkpt>
   <trkpt lat="-36.7157980" lon="-70.6204250">
    <ele>1714.2</ele>
   </trkpt>
   <trkpt lat="-36.7157860" lon="-70.6203950">
    <ele>1714.2</ele>
   </trkpt>
   <trkpt lat="-36.7157710" lon="-70.6203690">
    <ele>1714.4</ele>
   </trkpt>
   <trkpt lat="-36.7156190" lon="-70.6201580">
    <ele>1716.4</ele>
   </trkpt>
   <trkpt lat="-36.7155950" lon="-70.6201400">
    <ele>1716.8</ele>
   </trkpt>
   <trkpt lat="-36.7155710" lon="-70.6201220">
    <ele>1717.0</ele>
   </trkpt>
   <trkpt lat="-36.7155460" lon="-70.6201130">
    <ele>1717.2</ele>
   </trkpt>
   <trkpt lat="-36.7155210" lon="-70.6201060">
    <ele>1717.4</ele>
   </trkpt>
   <trkpt lat="-36.7154730" lon="-70.6200910">
    <ele>1717.8</ele>
   </trkpt>
   <trkpt lat="-36.7154520" lon="-70.6200910">
    <ele>1718.2</ele>
   </trkpt>
   <trkpt lat="-36.7154330" lon="-70.6201010">
    <ele>1718.4</ele>
   </trkpt>
   <trkpt lat="-36.7154160" lon="-70.6201180">
    <ele>1718.6</ele>
   </trkpt>
   <trkpt lat="-36.7153810" lon="-70.6201680">
    <ele>1719.0</ele>
   </trkpt>
   <trkpt lat="-36.7153700" lon="-70.6202010">
    <ele>1719.4</ele>
   </trkpt>
   <trkpt lat="-36.7153490" lon="-70.6202630">
    <ele>1719.8</ele>
   </trkpt>
   <trkpt lat="-36.7153460" lon="-70.6203020">
    <ele>1720.0</ele>
   </trkpt>
   <trkpt lat="-36.7153470" lon="-70.6204090">
    <ele>1720.8</ele>
   </trkpt>
   <trkpt lat="-36.7153460" lon="-70.6204810">
    <ele>1721.4</ele>
   </trkpt>
   <trkpt lat="-36.7153360" lon="-70.6205850">
    <ele>1722.6</ele>
   </trkpt>
   <trkpt lat="-36.7153400" lon="-70.6206250">
    <ele>1723.0</ele>
   </trkpt>
   <trkpt lat="-36.7153470" lon="-70.6207300">
    <ele>1723.4</ele>
   </trkpt>
   <trkpt lat="-36.7153590" lon="-70.6208520">
    <ele>1723.8</ele>
   </trkpt>
   <trkpt lat="-36.7153520" lon="-70.6209300">
    <ele>1724.2</ele>
   </trkpt>
   <trkpt lat="-36.7153350" lon="-70.6209940">
    <ele>1725.0</ele>
   </trkpt>
   <trkpt lat="-36.7153160" lon="-70.6210180">
    <ele>1725.4</ele>
   </trkpt>
   <trkpt lat="-36.7152920" lon="-70.6210440">
    <ele>1725.6</ele>
   </trkpt>
   <trkpt lat="-36.7152650" lon="-70.6210610">
    <ele>1725.8</ele>
   </trkpt>
   <trkpt lat="-36.7152390" lon="-70.6210640">
    <ele>1726.0</ele>
   </trkpt>
   <trkpt lat="-36.7152140" lon="-70.6210620">
    <ele>1726.2</ele>
   </trkpt>
   <trkpt lat="-36.7151860" lon="-70.6210540">
    <ele>1726.6</ele>
   </trkpt>
   <trkpt lat="-36.7151630" lon="-70.6210380">
    <ele>1727.0</ele>
   </trkpt>
   <trkpt lat="-36.7151440" lon="-70.6210160">
    <ele>1727.4</ele>
   </trkpt>
   <trkpt lat="-36.7151290" lon="-70.6209880">
    <ele>1727.8</ele>
   </trkpt>
   <trkpt lat="-36.7151190" lon="-70.6209580">
    <ele>1728.2</ele>
   </trkpt>
   <trkpt lat="-36.7151130" lon="-70.6209280">
    <ele>1728.4</ele>
   </trkpt>
   <trkpt lat="-36.7151120" lon="-70.6208920">
    <ele>1728.6</ele>
   </trkpt>
   <trkpt lat="-36.7151190" lon="-70.6207840">
    <ele>1729.6</ele>
   </trkpt>
   <trkpt lat="-36.7151190" lon="-70.6207470">
    <ele>1729.8</ele>
   </trkpt>
   <trkpt lat="-36.7151260" lon="-70.6207110">
    <ele>1730.2</ele>
   </trkpt>
   <trkpt lat="-36.7151300" lon="-70.6206720">
    <ele>1730.6</ele>
   </trkpt>
   <trkpt lat="-36.7151260" lon="-70.6206360">
    <ele>1731.2</ele>
   </trkpt>
   <trkpt lat="-36.7151220" lon="-70.6206050">
    <ele>1731.4</ele>
   </trkpt>
   <trkpt lat="-36.7151120" lon="-70.6205750">
    <ele>1731.8</ele>
   </trkpt>
   <trkpt lat="-36.7151040" lon="-70.6205410">
    <ele>1732.0</ele>
   </trkpt>
   <trkpt lat="-36.7150940" lon="-70.6205140">
    <ele>1732.2</ele>
   </trkpt>
   <trkpt lat="-36.7150460" lon="-70.6204020">
    <ele>1733.8</ele>
   </trkpt>
   <trkpt lat="-36.7149900" lon="-70.6202840">
    <ele>1735.0</ele>
   </trkpt>
   <trkpt lat="-36.7149640" lon="-70.6202010">
    <ele>1736.0</ele>
   </trkpt>
   <trkpt lat="-36.7149630" lon="-70.6201660">
    <ele>1736.2</ele>
   </trkpt>
   <trkpt lat="-36.7149670" lon="-70.6200920">
    <ele>1736.4</ele>
   </trkpt>
   <trkpt lat="-36.7149770" lon="-70.6200620">
    <ele>1736.6</ele>
   </trkpt>
   <trkpt lat="-36.7149910" lon="-70.6200330">
    <ele>1736.8</ele>
   </trkpt>
   <trkpt lat="-36.7150000" lon="-70.6199970">
    <ele>1737.0</ele>
   </trkpt>
   <trkpt lat="-36.7150170" lon="-70.6199700">
    <ele>1737.4</ele>
   </trkpt>
   <trkpt lat="-36.7151440" lon="-70.6197730">
    <ele>1738.4</ele>
   </trkpt>
   <trkpt lat="-36.7151620" lon="-70.6197450">
    <ele>1738.4</ele>
   </trkpt>
   <trkpt lat="-36.7151950" lon="-70.6196830">
    <ele>1738.8</ele>
   </trkpt>
   <trkpt lat="-36.7152060" lon="-70.6196510">
    <ele>1739.2</ele>
   </trkpt>
   <trkpt lat="-36.7152340" lon="-70.6195590">
    <ele>1740.2</ele>
   </trkpt>
   <trkpt lat="-36.7152350" lon="-70.6195270">
    <ele>1740.6</ele>
   </trkpt>
   <trkpt lat="-36.7152340" lon="-70.6194920">
    <ele>1741.0</ele>
   </trkpt>
   <trkpt lat="-36.7152280" lon="-70.6194580">
    <ele>1741.4</ele>
   </trkpt>
   <trkpt lat="-36.7152210" lon="-70.6194300">
    <ele>1741.8</ele>
   </trkpt>
   <trkpt lat="-36.7152080" lon="-70.6194010">
    <ele>1742.2</ele>
   </trkpt>
   <trkpt lat="-36.7151910" lon="-70.6193760">
    <ele>1742.6</ele>
   </trkpt>
   <trkpt lat="-36.7151710" lon="-70.6193540">
    <ele>1743.0</ele>
   </trkpt>
   <trkpt lat="-36.7151490" lon="-70.6193360">
    <ele>1743.4</ele>
   </trkpt>
   <trkpt lat="-36.7151320" lon="-70.6193120">
    <ele>1743.8</ele>
   </trkpt>
   <trkpt lat="-36.7151170" lon="-70.6192860">
    <ele>1744.2</ele>
   </trkpt>
   <trkpt lat="-36.7151080" lon="-70.6192530">
    <ele>1744.4</ele>
   </trkpt>
   <trkpt lat="-36.7151040" lon="-70.6192180">
    <ele>1744.8</ele>
   </trkpt>
   <trkpt lat="-36.7151030" lon="-70.6191920">
    <ele>1745.2</ele>
   </trkpt>
   <trkpt lat="-36.7151060" lon="-70.6191220">
    <ele>1745.6</ele>
   </trkpt>
   <trkpt lat="-36.7151150" lon="-70.6190870">
    <ele>1745.8</ele>
   </trkpt>
   <trkpt lat="-36.7151620" lon="-70.6189980">
    <ele>1746.2</ele>
   </trkpt>
   <trkpt lat="-36.7153540" lon="-70.6188690">
    <ele>1746.6</ele>
   </trkpt>
   <trkpt lat="-36.7154040" lon="-70.6188400">
    <ele>1747.2</ele>
   </trkpt>
   <trkpt lat="-36.7154330" lon="-70.6188220">
    <ele>1747.4</ele>
   </trkpt>
   <trkpt lat="-36.7156700" lon="-70.6187210">
    <ele>1750.0</ele>
   </trkpt>
   <trkpt lat="-36.7156980" lon="-70.6187170">
    <ele>1750.2</ele>
   </trkpt>
   <trkpt lat="-36.7157880" lon="-70.6187140">
    <ele>1751.0</ele>
   </trkpt>
   <trkpt lat="-36.7158120" lon="-70.6187080">
    <ele>1751.2</ele>
   </trkpt>
   <trkpt lat="-36.7158370" lon="-70.6186880">
    <ele>1751.4</ele>
   </trkpt>
   <trkpt lat="-36.7158420" lon="-70.6186560">
    <ele>1751.4</ele>
   </trkpt>
   <trkpt lat="-36.7158270" lon="-70.6186260">
    <ele>1751.8</ele>
   </trkpt>
   <trkpt lat="-36.7158080" lon="-70.6186020">
    <ele>1752.2</ele>
   </trkpt>
   <trkpt lat="-36.7157850" lon="-70.6185860">
    <ele>1752.4</ele>
   </trkpt>
   <trkpt lat="-36.7157570" lon="-70.6185890">
    <ele>1752.6</ele>
   </trkpt>
   <trkpt lat="-36.7157350" lon="-70.6185840">
    <ele>1753.0</ele>
   </trkpt>
   <trkpt lat="-36.7156580" lon="-70.6185790">
    <ele>1754.2</ele>
   </trkpt>
   <trkpt lat="-36.7156310" lon="-70.6185810">
    <ele>1754.4</ele>
   </trkpt>
   <trkpt lat="-36.7155530" lon="-70.6185800">
    <ele>1755.4</ele>
   </trkpt>
   <trkpt lat="-36.7155280" lon="-70.6185760">
    <ele>1755.6</ele>
   </trkpt>
   <trkpt lat="-36.7155010" lon="-70.6185850">
    <ele>1756.2</ele>
   </trkpt>
   <trkpt lat="-36.7154710" lon="-70.6185950">
    <ele>1756.4</ele>
   </trkpt>
   <trkpt lat="-36.7154460" lon="-70.6185910">
    <ele>1756.8</ele>
   </trkpt>
   <trkpt lat="-36.7154150" lon="-70.6185940">
    <ele>1757.2</ele>
   </trkpt>
   <trkpt lat="-36.7153550" lon="-70.6185930">
    <ele>1758.0</ele>
   </trkpt>
   <trkpt lat="-36.7153250" lon="-70.6185900">
    <ele>1758.4</ele>
   </trkpt>
   <trkpt lat="-36.7152890" lon="-70.6186050">
    <ele>1758.8</ele>
   </trkpt>
   <trkpt lat="-36.7152570" lon="-70.6186100">
    <ele>1759.2</ele>
   </trkpt>
   <trkpt lat="-36.7152290" lon="-70.6186040">
    <ele>1759.6</ele>
   </trkpt>
   <trkpt lat="-36.7151990" lon="-70.6186190">
    <ele>1760.2</ele>
   </trkpt>
   <trkpt lat="-36.7151690" lon="-70.6186350">
    <ele>1760.6</ele>
   </trkpt>
   <trkpt lat="-36.7151300" lon="-70.6186460">
    <ele>1760.8</ele>
   </trkpt>
   <trkpt lat="-36.7150940" lon="-70.6186390">
    <ele>1761.2</ele>
   </trkpt>
   <trkpt lat="-36.7150590" lon="-70.6186480">
    <ele>1761.4</ele>
   </trkpt>
   <trkpt lat="-36.7150180" lon="-70.6186480">
    <ele>1761.8</ele>
   </trkpt>
   <trkpt lat="-36.7149830" lon="-70.6186560">
    <ele>1762.2</ele>
   </trkpt>
   <trkpt lat="-36.7147260" lon="-70.6187200">
    <ele>1763.6</ele>
   </trkpt>
   <trkpt lat="-36.7146990" lon="-70.6187550">
    <ele>1763.8</ele>
   </trkpt>
   <trkpt lat="-36.7146490" lon="-70.6188290">
    <ele>1764.0</ele>
   </trkpt>
   <trkpt lat="-36.7146340" lon="-70.6188770">
    <ele>1764.0</ele>
   </trkpt>
   <trkpt lat="-36.7146270" lon="-70.6189350">
    <ele>1764.0</ele>
   </trkpt>
   <trkpt lat="-36.7146300" lon="-70.6189950">
    <ele>1764.0</ele>
   </trkpt>
   <trkpt lat="-36.7146410" lon="-70.6190580">
    <ele>1764.0</ele>
   </trkpt>
   <trkpt lat="-36.7146570" lon="-70.6191810">
    <ele>1764.4</ele>
   </trkpt>
   <trkpt lat="-36.7146350" lon="-70.6194410">
    <ele>1765.0</ele>
   </trkpt>
   <trkpt lat="-36.7145860" lon="-70.6195560">
    <ele>1765.6</ele>
   </trkpt>
   <trkpt lat="-36.7143800" lon="-70.6199540">
    <ele>1766.8</ele>
   </trkpt>
   <trkpt lat="-36.7143540" lon="-70.6200120">
    <ele>1767.2</ele>
   </trkpt>
   <trkpt lat="-36.7141460" lon="-70.6203490">
    <ele>1770.6</ele>
   </trkpt>
   <trkpt lat="-36.7141120" lon="-70.6204160">
    <ele>1770.6</ele>
   </trkpt>
   <trkpt lat="-36.7139030" lon="-70.6208660">
    <ele>1770.4</ele>
   </trkpt>
   <trkpt lat="-36.7137100" lon="-70.6213370">
    <ele>1768.6</ele>
   </trkpt>
   <trkpt lat="-36.7135150" lon="-70.6218890">
    <ele>1766.4</ele>
   </trkpt>
   <trkpt lat="-36.7133830" lon="-70.6223410">
    <ele>1763.6</ele>
   </trkpt>
   <trkpt lat="-36.7132190" lon="-70.6228060">
    <ele>1760.8</ele>
   </trkpt>
   <trkpt lat="-36.7130300" lon="-70.6232700">
    <ele>1757.4</ele>
   </trkpt>
   <trkpt lat="-36.7128830" lon="-70.6237390">
    <ele>1754.6</ele>
   </trkpt>
   <trkpt lat="-36.7127930" lon="-70.6241900">
    <ele>1753.2</ele>
   </trkpt>
   <trkpt lat="-36.7127050" lon="-70.6246310">
    <ele>1750.6</ele>
   </trkpt>
   <trkpt lat="-36.7125770" lon="-70.6252050">
    <ele>1746.4</ele>
   </trkpt>
   <trkpt lat="-36.7124800" lon="-70.6256380">
    <ele>1743.8</ele>
   </trkpt>
   <trkpt lat="-36.7123230" lon="-70.6262150">
    <ele>1742.2</ele>
   </trkpt>
   <trkpt lat="-36.7121870" lon="-70.6266720">
    <ele>1737.4</ele>
   </trkpt>
   <trkpt lat="-36.7120020" lon="-70.6271020">
    <ele>1733.4</ele>
   </trkpt>
   <trkpt lat="-36.7117780" lon="-70.6275470">
    <ele>1729.2</ele>
   </trkpt>
   <trkpt lat="-36.7115650" lon="-70.6280010">
    <ele>1724.8</ele>
   </trkpt>
   <trkpt lat="-36.7113910" lon="-70.6284830">
    <ele>1722.8</ele>
   </trkpt>
   <trkpt lat="-36.7112570" lon="-70.6290090">
    <ele>1719.2</ele>
   </trkpt>
   <trkpt lat="-36.7112330" lon="-70.6295780">
    <ele>1716.0</ele>
   </trkpt>
   <trkpt lat="-36.7112610" lon="-70.6297700">
    <ele>1714.8</ele>
   </trkpt>
   <trkpt lat="-36.7113860" lon="-70.6303220">
    <ele>1709.6</ele>
   </trkpt>
   <trkpt lat="-36.7115040" lon="-70.6308640">
    <ele>1705.2</ele>
   </trkpt>
   <trkpt lat="-36.7116750" lon="-70.6313500">
    <ele>1700.8</ele>
   </trkpt>
   <trkpt lat="-36.7117640" lon="-70.6314840">
    <ele>1699.2</ele>
   </trkpt>
   <trkpt lat="-36.7120630" lon="-70.6318370">
    <ele>1693.8</ele>
   </trkpt>
   <trkpt lat="-36.7122510" lon="-70.6320630">
    <ele>1691.0</ele>
   </trkpt>
   <trkpt lat="-36.7123170" lon="-70.6321940">
    <ele>1690.0</ele>
   </trkpt>
   <trkpt lat="-36.7123670" lon="-70.6323360">
    <ele>1688.4</ele>
   </trkpt>
   <trkpt lat="-36.7123940" lon="-70.6325020">
    <ele>1686.6</ele>
   </trkpt>
   <trkpt lat="-36.7123940" lon="-70.6326620">
    <ele>1684.4</ele>
   </trkpt>
   <trkpt lat="-36.7123100" lon="-70.6331660">
    <ele>1680.0</ele>
   </trkpt>
   <trkpt lat="-36.7122500" lon="-70.6333320">
    <ele>1678.8</ele>
   </trkpt>
   <trkpt lat="-36.7121680" lon="-70.6334780">
    <ele>1678.0</ele>
   </trkpt>
   <trkpt lat="-36.7119780" lon="-70.6338950">
    <ele>1675.4</ele>
   </trkpt>
   <trkpt lat="-36.7119460" lon="-70.6340370">
    <ele>1674.6</ele>
   </trkpt>
   <trkpt lat="-36.7119380" lon="-70.6341770">
    <ele>1674.2</ele>
   </trkpt>
   <trkpt lat="-36.7119500" lon="-70.6343170">
    <ele>1673.8</ele>
   </trkpt>
   <trkpt lat="-36.7120450" lon="-70.6347060">
    <ele>1673.2</ele>
   </trkpt>
   <trkpt lat="-36.7120490" lon="-70.6348310">
    <ele>1673.0</ele>
   </trkpt>
   <trkpt lat="-36.7120120" lon="-70.6349540">
    <ele>1672.4</ele>
   </trkpt>
   <trkpt lat="-36.7119510" lon="-70.6350580">
    <ele>1671.6</ele>
   </trkpt>
   <trkpt lat="-36.7118780" lon="-70.6351320">
    <ele>1671.4</ele>
   </trkpt>
   <trkpt lat="-36.7117900" lon="-70.6351620">
    <ele>1671.2</ele>
   </trkpt>
   <trkpt lat="-36.7117060" lon="-70.6351490">
    <ele>1670.8</ele>
   </trkpt>
   <trkpt lat="-36.7116330" lon="-70.6350950">
    <ele>1671.0</ele>
   </trkpt>
   <trkpt lat="-36.7115770" lon="-70.6350170">
    <ele>1671.0</ele>
   </trkpt>
   <trkpt lat="-36.7114940" lon="-70.6348280">
    <ele>1670.8</ele>
   </trkpt>
   <trkpt lat="-36.7114760" lon="-70.6347130">
    <ele>1670.6</ele>
   </trkpt>
   <trkpt lat="-36.7114080" lon="-70.6343400">
    <ele>1668.0</ele>
   </trkpt>
   <trkpt lat="-36.7113610" lon="-70.6342290">
    <ele>1667.0</ele>
   </trkpt>
   <trkpt lat="-36.7112910" lon="-70.6341230">
    <ele>1665.8</ele>
   </trkpt>
   <trkpt lat="-36.7109560" lon="-70.6337140">
    <ele>1661.8</ele>
   </trkpt>
   <trkpt lat="-36.7106790" lon="-70.6334160">
    <ele>1659.4</ele>
   </trkpt>
   <trkpt lat="-36.7103560" lon="-70.6331680">
    <ele>1655.4</ele>
   </trkpt>
   <trkpt lat="-36.7099830" lon="-70.6329920">
    <ele>1650.2</ele>
   </trkpt>
   <trkpt lat="-36.7095650" lon="-70.6329020">
    <ele>1646.8</ele>
   </trkpt>
   <trkpt lat="-36.7091440" lon="-70.6328950">
    <ele>1643.0</ele>
   </trkpt>
   <trkpt lat="-36.7087180" lon="-70.6328970">
    <ele>1638.8</ele>
   </trkpt>
   <trkpt lat="-36.7084470" lon="-70.6328560">
    <ele>1636.4</ele>
   </trkpt>
   <trkpt lat="-36.7083270" lon="-70.6328010">
    <ele>1635.0</ele>
   </trkpt>
   <trkpt lat="-36.7079990" lon="-70.6326740">
    <ele>1630.4</ele>
   </trkpt>
   <trkpt lat="-36.7078930" lon="-70.6326910">
    <ele>1629.2</ele>
   </trkpt>
   <trkpt lat="-36.7077960" lon="-70.6327380">
    <ele>1628.2</ele>
   </trkpt>
   <trkpt lat="-36.7077130" lon="-70.6328140">
    <ele>1627.4</ele>
   </trkpt>
   <trkpt lat="-36.7076340" lon="-70.6328910">
    <ele>1626.8</ele>
   </trkpt>
   <trkpt lat="-36.7075580" lon="-70.6329550">
    <ele>1626.0</ele>
   </trkpt>
   <trkpt lat="-36.7075170" lon="-70.6330230">
    <ele>1624.4</ele>
   </trkpt>
   <trkpt lat="-36.7075040" lon="-70.6330830">
    <ele>1623.2</ele>
   </trkpt>
   <trkpt lat="-36.7075160" lon="-70.6331360">
    <ele>1621.8</ele>
   </trkpt>
   <trkpt lat="-36.7075500" lon="-70.6331680">
    <ele>1621.0</ele>
   </trkpt>
   <trkpt lat="-36.7075940" lon="-70.6331660">
    <ele>1620.4</ele>
   </trkpt>
   <trkpt lat="-36.7076280" lon="-70.6331380">
    <ele>1620.4</ele>
   </trkpt>
   <trkpt lat="-36.7076620" lon="-70.6330880">
    <ele>1620.4</ele>
   </trkpt>
   <trkpt lat="-36.7076920" lon="-70.6330460">
    <ele>1620.2</ele>
   </trkpt>
   <trkpt lat="-36.7077390" lon="-70.6329990">
    <ele>1620.0</ele>
   </trkpt>
   <trkpt lat="-36.7078650" lon="-70.6329170">
    <ele>1620.0</ele>
   </trkpt>
   <trkpt lat="-36.7079450" lon="-70.6328990">
    <ele>1619.8</ele>
   </trkpt>
   <trkpt lat="-36.7080250" lon="-70.6329180">
    <ele>1619.6</ele>
   </trkpt>
   <trkpt lat="-36.7081010" lon="-70.6329710">
    <ele>1619.2</ele>
   </trkpt>
   <trkpt lat="-36.7081620" lon="-70.6330560">
    <ele>1618.8</ele>
   </trkpt>
   <trkpt lat="-36.7083210" lon="-70.6332110">
    <ele>1618.2</ele>
   </trkpt>
   <trkpt lat="-36.7084160" lon="-70.6332660">
    <ele>1617.6</ele>
   </trkpt>
   <trkpt lat="-36.7088230" lon="-70.6334470">
    <ele>1615.8</ele>
   </trkpt>
   <trkpt lat="-36.7092160" lon="-70.6336230">
    <ele>1614.0</ele>
   </trkpt>
   <trkpt lat="-36.7095620" lon="-70.6338320">
    <ele>1612.2</ele>
   </trkpt>
   <trkpt lat="-36.7098260" lon="-70.6341420">
    <ele>1610.8</ele>
   </trkpt>
   <trkpt lat="-36.7100730" lon="-70.6345160">
    <ele>1607.4</ele>
   </trkpt>
   <trkpt lat="-36.7101890" lon="-70.6347750">
    <ele>1604.0</ele>
   </trkpt>
   <trkpt lat="-36.7101910" lon="-70.6348580">
    <ele>1603.0</ele>
   </trkpt>
   <trkpt lat="-36.7101650" lon="-70.6349430">
    <ele>1602.0</ele>
   </trkpt>
   <trkpt lat="-36.7101160" lon="-70.6350100">
    <ele>1601.0</ele>
   </trkpt>
   <trkpt lat="-36.7100450" lon="-70.6350430">
    <ele>1599.6</ele>
   </trkpt>
   <trkpt lat="-36.7099630" lon="-70.6350440">
    <ele>1598.4</ele>
   </trkpt>
   <trkpt lat="-36.7098760" lon="-70.6350200">
    <ele>1597.0</ele>
   </trkpt>
   <trkpt lat="-36.7096730" lon="-70.6349880">
    <ele>1594.2</ele>
   </trkpt>
   <trkpt lat="-36.7095610" lon="-70.6350130">
    <ele>1593.0</ele>
   </trkpt>
   <trkpt lat="-36.7091800" lon="-70.6350610">
    <ele>1589.0</ele>
   </trkpt>
   <trkpt lat="-36.7087400" lon="-70.6350740">
    <ele>1584.8</ele>
   </trkpt>
   <trkpt lat="-36.7082850" lon="-70.6350990">
    <ele>1581.0</ele>
   </trkpt>
   <trkpt lat="-36.7080180" lon="-70.6350520">
    <ele>1578.4</ele>
   </trkpt>
   <trkpt lat="-36.7079100" lon="-70.6349950">
    <ele>1577.8</ele>
   </trkpt>
   <trkpt lat="-36.7078270" lon="-70.6349120">
    <ele>1577.4</ele>
   </trkpt>
   <trkpt lat="-36.7077730" lon="-70.6348070">
    <ele>1576.0</ele>
   </trkpt>
   <trkpt lat="-36.7077300" lon="-70.6346930">
    <ele>1574.6</ele>
   </trkpt>
   <trkpt lat="-36.7076720" lon="-70.6346070">
    <ele>1573.2</ele>
   </trkpt>
   <trkpt lat="-36.7076170" lon="-70.6345490">
    <ele>1572.4</ele>
   </trkpt>
   <trkpt lat="-36.7075590" lon="-70.6345220">
    <ele>1571.4</ele>
   </trkpt>
   <trkpt lat="-36.7074890" lon="-70.6345290">
    <ele>1570.4</ele>
   </trkpt>
   <trkpt lat="-36.7074230" lon="-70.6345730">
    <ele>1569.8</ele>
   </trkpt>
   <trkpt lat="-36.7072810" lon="-70.6346720">
    <ele>1568.8</ele>
   </trkpt>
   <trkpt lat="-36.7071920" lon="-70.6346900">
    <ele>1568.2</ele>
   </trkpt>
   <trkpt lat="-36.7067740" lon="-70.6347410">
    <ele>1565.2</ele>
   </trkpt>
   <trkpt lat="-36.7064630" lon="-70.6347620">
    <ele>1561.2</ele>
   </trkpt>
   <trkpt lat="-36.7063680" lon="-70.6347270">
    <ele>1559.6</ele>
   </trkpt>
   <trkpt lat="-36.7062880" lon="-70.6346600">
    <ele>1557.6</ele>
   </trkpt>
   <trkpt lat="-36.7062290" lon="-70.6345660">
    <ele>1556.0</ele>
   </trkpt>
   <trkpt lat="-36.7059900" lon="-70.6341810">
    <ele>1552.8</ele>
   </trkpt>
   <trkpt lat="-36.7057830" lon="-70.6337960">
    <ele>1550.6</ele>
   </trkpt>
   <trkpt lat="-36.7055330" lon="-70.6333530">
    <ele>1548.8</ele>
   </trkpt>
   <trkpt lat="-36.7054870" lon="-70.6332760">
    <ele>1548.6</ele>
   </trkpt>
   <trkpt lat="-36.7054350" lon="-70.6332210">
    <ele>1548.2</ele>
   </trkpt>
   <trkpt lat="-36.7053800" lon="-70.6332050">
    <ele>1547.8</ele>
   </trkpt>
   <trkpt lat="-36.7053290" lon="-70.6332210">
    <ele>1547.6</ele>
   </trkpt>
   <trkpt lat="-36.7052890" lon="-70.6332700">
    <ele>1547.4</ele>
   </trkpt>
   <trkpt lat="-36.7052690" lon="-70.6333310">
    <ele>1547.4</ele>
   </trkpt>
   <trkpt lat="-36.7052580" lon="-70.6333900">
    <ele>1547.4</ele>
   </trkpt>
   <trkpt lat="-36.7052700" lon="-70.6334470">
    <ele>1547.6</ele>
   </trkpt>
   <trkpt lat="-36.7052950" lon="-70.6334950">
    <ele>1547.8</ele>
   </trkpt>
   <trkpt lat="-36.7053250" lon="-70.6335400">
    <ele>1548.0</ele>
   </trkpt>
   <trkpt lat="-36.7053590" lon="-70.6335830">
    <ele>1548.4</ele>
   </trkpt>
   <trkpt lat="-36.7053840" lon="-70.6336320">
    <ele>1548.8</ele>
   </trkpt>
   <trkpt lat="-36.7054290" lon="-70.6337290">
    <ele>1549.2</ele>
   </trkpt>
   <trkpt lat="-36.7054950" lon="-70.6341740">
    <ele>1549.2</ele>
   </trkpt>
   <trkpt lat="-36.7055940" lon="-70.6346200">
    <ele>1550.6</ele>
   </trkpt>
   <trkpt lat="-36.7056250" lon="-70.6347600">
    <ele>1552.0</ele>
   </trkpt>
   <trkpt lat="-36.7056370" lon="-70.6347940">
    <ele>1552.4</ele>
   </trkpt>
   <trkpt lat="-36.7056430" lon="-70.6348280">
    <ele>1552.6</ele>
   </trkpt>
   <trkpt lat="-36.7056660" lon="-70.6349020">
    <ele>1553.2</ele>
   </trkpt>
   <trkpt lat="-36.7057020" lon="-70.6350390">
    <ele>1554.6</ele>
   </trkpt>
   <trkpt lat="-36.7057170" lon="-70.6350670">
    <ele>1554.8</ele>
   </trkpt>
   <trkpt lat="-36.7057410" lon="-70.6351210">
    <ele>1556.0</ele>
   </trkpt>
   <trkpt lat="-36.7057590" lon="-70.6351490">
    <ele>1556.4</ele>
   </trkpt>
   <trkpt lat="-36.7058390" lon="-70.6352780">
    <ele>1558.4</ele>
   </trkpt>
   <trkpt lat="-36.7058520" lon="-70.6353080">
    <ele>1558.8</ele>
   </trkpt>
   <trkpt lat="-36.7058700" lon="-70.6353360">
    <ele>1559.0</ele>
   </trkpt>
   <trkpt lat="-36.7059010" lon="-70.6353960">
    <ele>1559.8</ele>
   </trkpt>
   <trkpt lat="-36.7059280" lon="-70.6354660">
    <ele>1561.0</ele>
   </trkpt>
   <trkpt lat="-36.7059540" lon="-70.6355400">
    <ele>1561.0</ele>
   </trkpt>
   <trkpt lat="-36.7059830" lon="-70.6356070">
    <ele>1561.4</ele>
   </trkpt>
   <trkpt lat="-36.7060370" lon="-70.6356890">
    <ele>1562.2</ele>
   </trkpt>
   <trkpt lat="-36.7061810" lon="-70.6358880">
    <ele>1564.2</ele>
   </trkpt>
   <trkpt lat="-36.7063420" lon="-70.6360340">
    <ele>1565.2</ele>
   </trkpt>
   <trkpt lat="-36.7063750" lon="-70.6360490">
    <ele>1565.2</ele>
   </trkpt>
   <trkpt lat="-36.7064020" lon="-70.6360730">
    <ele>1565.2</ele>
   </trkpt>
   <trkpt lat="-36.7064810" lon="-70.6361390">
    <ele>1565.6</ele>
   </trkpt>
   <trkpt lat="-36.7065040" lon="-70.6361710">
    <ele>1565.6</ele>
   </trkpt>
   <trkpt lat="-36.7065280" lon="-70.6362030">
    <ele>1565.6</ele>
   </trkpt>
   <trkpt lat="-36.7065460" lon="-70.6362440">
    <ele>1565.8</ele>
   </trkpt>
   <trkpt lat="-36.7065570" lon="-70.6362870">
    <ele>1565.8</ele>
   </trkpt>
   <trkpt lat="-36.7065610" lon="-70.6363280">
    <ele>1566.2</ele>
   </trkpt>
   <trkpt lat="-36.7065580" lon="-70.6363720">
    <ele>1566.4</ele>
   </trkpt>
   <trkpt lat="-36.7065290" lon="-70.6364950">
    <ele>1567.2</ele>
   </trkpt>
   <trkpt lat="-36.7064940" lon="-70.6366160">
    <ele>1568.0</ele>
   </trkpt>
   <trkpt lat="-36.7064940" lon="-70.6366580">
    <ele>1568.4</ele>
   </trkpt>
   <trkpt lat="-36.7065030" lon="-70.6366960">
    <ele>1568.4</ele>
   </trkpt>
   <trkpt lat="-36.7065260" lon="-70.6367740">
    <ele>1569.4</ele>
   </trkpt>
   <trkpt lat="-36.7065460" lon="-70.6368050">
    <ele>1569.6</ele>
   </trkpt>
   <trkpt lat="-36.7065630" lon="-70.6368420">
    <ele>1569.8</ele>
   </trkpt>
   <trkpt lat="-36.7065910" lon="-70.6369120">
    <ele>1570.2</ele>
   </trkpt>
   <trkpt lat="-36.7065920" lon="-70.6369490">
    <ele>1570.4</ele>
   </trkpt>
   <trkpt lat="-36.7065840" lon="-70.6369820">
    <ele>1570.6</ele>
   </trkpt>
   <trkpt lat="-36.7065650" lon="-70.6370020">
    <ele>1570.6</ele>
   </trkpt>
   <trkpt lat="-36.7065380" lon="-70.6370090">
    <ele>1570.8</ele>
   </trkpt>
   <trkpt lat="-36.7065090" lon="-70.6370050">
    <ele>1571.2</ele>
   </trkpt>
   <trkpt lat="-36.7064860" lon="-70.6369910">
    <ele>1571.6</ele>
   </trkpt>
   <trkpt lat="-36.7064650" lon="-70.6369720">
    <ele>1572.0</ele>
   </trkpt>
   <trkpt lat="-36.7064500" lon="-70.6369510">
    <ele>1572.6</ele>
   </trkpt>
   <trkpt lat="-36.7063990" lon="-70.6368860">
    <ele>1574.4</ele>
   </trkpt>
   <trkpt lat="-36.7063820" lon="-70.6368660">
    <ele>1574.8</ele>
   </trkpt>
   <trkpt lat="-36.7063640" lon="-70.6368460">
    <ele>1575.2</ele>
   </trkpt>
   <trkpt lat="-36.7063480" lon="-70.6368140">
    <ele>1575.6</ele>
   </trkpt>
   <trkpt lat="-36.7063350" lon="-70.6367830">
    <ele>1575.8</ele>
   </trkpt>
   <trkpt lat="-36.7062970" lon="-70.6366990">
    <ele>1576.6</ele>
   </trkpt>
   <trkpt lat="-36.7062880" lon="-70.6366670">
    <ele>1577.0</ele>
   </trkpt>
   <trkpt lat="-36.7062790" lon="-70.6366360">
    <ele>1577.2</ele>
   </trkpt>
   <trkpt lat="-36.7062550" lon="-70.6365750">
    <ele>1578.0</ele>
   </trkpt>
   <trkpt lat="-36.7062450" lon="-70.6365400">
    <ele>1578.6</ele>
   </trkpt>
   <trkpt lat="-36.7062310" lon="-70.6365140">
    <ele>1579.0</ele>
   </trkpt>
   <trkpt lat="-36.7062210" lon="-70.6364840">
    <ele>1579.4</ele>
   </trkpt>
   <trkpt lat="-36.7062110" lon="-70.6364500">
    <ele>1579.8</ele>
   </trkpt>
   <trkpt lat="-36.7061930" lon="-70.6364260">
    <ele>1580.2</ele>
   </trkpt>
   <trkpt lat="-36.7061800" lon="-70.6364000">
    <ele>1580.8</ele>
   </trkpt>
   <trkpt lat="-36.7061720" lon="-70.6363690">
    <ele>1581.2</ele>
   </trkpt>
   <trkpt lat="-36.7061570" lon="-70.6363470">
    <ele>1581.8</ele>
   </trkpt>
   <trkpt lat="-36.7061370" lon="-70.6363290">
    <ele>1582.2</ele>
   </trkpt>
   <trkpt lat="-36.7061230" lon="-70.6363030">
    <ele>1582.6</ele>
   </trkpt>
   <trkpt lat="-36.7061090" lon="-70.6362820">
    <ele>1583.2</ele>
   </trkpt>
   <trkpt lat="-36.7060890" lon="-70.6362650">
    <ele>1583.6</ele>
   </trkpt>
   <trkpt lat="-36.7060490" lon="-70.6362370">
    <ele>1584.2</ele>
   </trkpt>
   <trkpt lat="-36.7060290" lon="-70.6362280">
    <ele>1584.6</ele>
   </trkpt>
   <trkpt lat="-36.7059880" lon="-70.6362070">
    <ele>1585.2</ele>
   </trkpt>
   <trkpt lat="-36.7059680" lon="-70.6361910">
    <ele>1585.6</ele>
   </trkpt>
   <trkpt lat="-36.7059460" lon="-70.6361800">
    <ele>1586.0</ele>
   </trkpt>
   <trkpt lat="-36.7059260" lon="-70.6361640">
    <ele>1586.2</ele>
   </trkpt>
   <trkpt lat="-36.7058310" lon="-70.6361090">
    <ele>1587.8</ele>
   </trkpt>
   <trkpt lat="-36.7058070" lon="-70.6361130">
    <ele>1588.2</ele>
   </trkpt>
   <trkpt lat="-36.7057840" lon="-70.6361150">
    <ele>1588.6</ele>
   </trkpt>
   <trkpt lat="-36.7057620" lon="-70.6361050">
    <ele>1589.2</ele>
   </trkpt>
   <trkpt lat="-36.7057430" lon="-70.6360890">
    <ele>1589.6</ele>
   </trkpt>
   <trkpt lat="-36.7057220" lon="-70.6360800">
    <ele>1590.0</ele>
   </trkpt>
   <trkpt lat="-36.7057000" lon="-70.6360730">
    <ele>1590.2</ele>
   </trkpt>
   <trkpt lat="-36.7056800" lon="-70.6360590">
    <ele>1590.6</ele>
   </trkpt>
   <trkpt lat="-36.7056580" lon="-70.6360500">
    <ele>1591.0</ele>
   </trkpt>
   <trkpt lat="-36.7056380" lon="-70.6360370">
    <ele>1591.4</ele>
   </trkpt>
   <trkpt lat="-36.7056010" lon="-70.6360070">
    <ele>1592.2</ele>
   </trkpt>
   <trkpt lat="-36.7055810" lon="-70.6360040">
    <ele>1592.6</ele>
   </trkpt>
   <trkpt lat="-36.7055410" lon="-70.6359900">
    <ele>1593.4</ele>
   </trkpt>
   <trkpt lat="-36.7054980" lon="-70.6359720">
    <ele>1594.2</ele>
   </trkpt>
   <trkpt lat="-36.7054780" lon="-70.6359580">
    <ele>1594.4</ele>
   </trkpt>
   <trkpt lat="-36.7054410" lon="-70.6359420">
    <ele>1595.2</ele>
   </trkpt>
   <trkpt lat="-36.7053660" lon="-70.6358950">
    <ele>1596.6</ele>
   </trkpt>
   <trkpt lat="-36.7053480" lon="-70.6358850">
    <ele>1597.0</ele>
   </trkpt>
   <trkpt lat="-36.7053320" lon="-70.6358680">
    <ele>1597.2</ele>
   </trkpt>
   <trkpt lat="-36.7053150" lon="-70.6358540">
    <ele>1597.4</ele>
   </trkpt>
   <trkpt lat="-36.7052980" lon="-70.6358460">
    <ele>1597.6</ele>
   </trkpt>
   <trkpt lat="-36.7052770" lon="-70.6358380">
    <ele>1598.0</ele>
   </trkpt>
   <trkpt lat="-36.7052540" lon="-70.6358230">
    <ele>1598.4</ele>
   </trkpt>
   <trkpt lat="-36.7052350" lon="-70.6358090">
    <ele>1598.6</ele>
   </trkpt>
   <trkpt lat="-36.7052210" lon="-70.6357860">
    <ele>1598.8</ele>
   </trkpt>
   <trkpt lat="-36.7052120" lon="-70.6357630">
    <ele>1599.2</ele>
   </trkpt>
   <trkpt lat="-36.7051870" lon="-70.6357190">
    <ele>1600.0</ele>
   </trkpt>
   <trkpt lat="-36.7051770" lon="-70.6357000">
    <ele>1600.4</ele>
   </trkpt>
   <trkpt lat="-36.7051570" lon="-70.6356410">
    <ele>1601.2</ele>
   </trkpt>
   <trkpt lat="-36.7051420" lon="-70.6356200">
    <ele>1601.4</ele>
   </trkpt>
   <trkpt lat="-36.7051310" lon="-70.6355980">
    <ele>1601.8</ele>
   </trkpt>
   <trkpt lat="-36.7051150" lon="-70.6355810">
    <ele>1602.2</ele>
   </trkpt>
   <trkpt lat="-36.7050970" lon="-70.6355590">
    <ele>1602.6</ele>
   </trkpt>
   <trkpt lat="-36.7050830" lon="-70.6355390">
    <ele>1603.0</ele>
   </trkpt>
   <trkpt lat="-36.7050490" lon="-70.6355030">
    <ele>1603.8</ele>
   </trkpt>
   <trkpt lat="-36.7050120" lon="-70.6354700">
    <ele>1604.2</ele>
   </trkpt>
   <trkpt lat="-36.7049980" lon="-70.6354460">
    <ele>1604.4</ele>
   </trkpt>
   <trkpt lat="-36.7049800" lon="-70.6354290">
    <ele>1604.6</ele>
   </trkpt>
   <trkpt lat="-36.7049590" lon="-70.6354140">
    <ele>1605.0</ele>
   </trkpt>
   <trkpt lat="-36.7049440" lon="-70.6353900">
    <ele>1605.4</ele>
   </trkpt>
   <trkpt lat="-36.7049220" lon="-70.6353740">
    <ele>1605.6</ele>
   </trkpt>
   <trkpt lat="-36.7049030" lon="-70.6353540">
    <ele>1605.8</ele>
   </trkpt>
   <trkpt lat="-36.7048820" lon="-70.6353400">
    <ele>1606.0</ele>
   </trkpt>
   <trkpt lat="-36.7048610" lon="-70.6353240">
    <ele>1606.2</ele>
   </trkpt>
   <trkpt lat="-36.7048420" lon="-70.6353060">
    <ele>1606.6</ele>
   </trkpt>
   <trkpt lat="-36.7048230" lon="-70.6352900">
    <ele>1606.8</ele>
   </trkpt>
   <trkpt lat="-36.7047900" lon="-70.6352540">
    <ele>1607.2</ele>
   </trkpt>
   <trkpt lat="-36.7047590" lon="-70.6352160">
    <ele>1607.8</ele>
   </trkpt>
   <trkpt lat="-36.7047520" lon="-70.6351810">
    <ele>1608.2</ele>
   </trkpt>
   <trkpt lat="-36.7047470" lon="-70.6351470">
    <ele>1608.4</ele>
   </trkpt>
   <trkpt lat="-36.7047350" lon="-70.6351200">
    <ele>1608.8</ele>
   </trkpt>
   <trkpt lat="-36.7047190" lon="-70.6350970">
    <ele>1609.2</ele>
   </trkpt>
   <trkpt lat="-36.7047030" lon="-70.6350760">
    <ele>1609.6</ele>
   </trkpt>
   <trkpt lat="-36.7046260" lon="-70.6349620">
    <ele>1611.6</ele>
   </trkpt>
   <trkpt lat="-36.7046140" lon="-70.6349360">
    <ele>1612.0</ele>
   </trkpt>
   <trkpt lat="-36.7045980" lon="-70.6349140">
    <ele>1612.4</ele>
   </trkpt>
   <trkpt lat="-36.7045820" lon="-70.6348920">
    <ele>1612.8</ele>
   </trkpt>
   <trkpt lat="-36.7045510" lon="-70.6348480">
    <ele>1613.2</ele>
   </trkpt>
   <trkpt lat="-36.7044940" lon="-70.6347460">
    <ele>1614.8</ele>
   </trkpt>
   <trkpt lat="-36.7044850" lon="-70.6347210">
    <ele>1615.0</ele>
   </trkpt>
   <trkpt lat="-36.7044690" lon="-70.6346970">
    <ele>1615.2</ele>
   </trkpt>
   <trkpt lat="-36.7044530" lon="-70.6346740">
    <ele>1615.6</ele>
   </trkpt>
   <trkpt lat="-36.7044440" lon="-70.6346480">
    <ele>1616.0</ele>
   </trkpt>
   <trkpt lat="-36.7044330" lon="-70.6346140">
    <ele>1616.2</ele>
   </trkpt>
   <trkpt lat="-36.7044280" lon="-70.6345800">
    <ele>1616.2</ele>
   </trkpt>
   <trkpt lat="-36.7044160" lon="-70.6345470">
    <ele>1616.6</ele>
   </trkpt>
   <trkpt lat="-36.7043970" lon="-70.6345220">
    <ele>1617.0</ele>
   </trkpt>
   <trkpt lat="-36.7043840" lon="-70.6344920">
    <ele>1617.6</ele>
   </trkpt>
   <trkpt lat="-36.7043800" lon="-70.6344600">
    <ele>1618.0</ele>
   </trkpt>
   <trkpt lat="-36.7043700" lon="-70.6344290">
    <ele>1618.4</ele>
   </trkpt>
   <trkpt lat="-36.7043520" lon="-70.6344020">
    <ele>1618.8</ele>
   </trkpt>
   <trkpt lat="-36.7043420" lon="-70.6343720">
    <ele>1619.2</ele>
   </trkpt>
   <trkpt lat="-36.7043310" lon="-70.6343400">
    <ele>1619.6</ele>
   </trkpt>
   <trkpt lat="-36.7043190" lon="-70.6343060">
    <ele>1619.8</ele>
   </trkpt>
   <trkpt lat="-36.7042990" lon="-70.6342840">
    <ele>1620.2</ele>
   </trkpt>
   <trkpt lat="-36.7042750" lon="-70.6342740">
    <ele>1620.4</ele>
   </trkpt>
   <trkpt lat="-36.7042560" lon="-70.6342730">
    <ele>1620.8</ele>
   </trkpt>
   <trkpt lat="-36.7042320" lon="-70.6342820">
    <ele>1621.2</ele>
   </trkpt>
   <trkpt lat="-36.7042160" lon="-70.6342960">
    <ele>1621.6</ele>
   </trkpt>
   <trkpt lat="-36.7042100" lon="-70.6343260">
    <ele>1621.8</ele>
   </trkpt>
   <trkpt lat="-36.7042130" lon="-70.6343570">
    <ele>1622.2</ele>
   </trkpt>
   <trkpt lat="-36.7042120" lon="-70.6343870">
    <ele>1622.4</ele>
   </trkpt>
   <trkpt lat="-36.7042170" lon="-70.6344240">
    <ele>1622.8</ele>
   </trkpt>
   <trkpt lat="-36.7042290" lon="-70.6344970">
    <ele>1623.6</ele>
   </trkpt>
   <trkpt lat="-36.7042620" lon="-70.6346220">
    <ele>1624.6</ele>
   </trkpt>
   <trkpt lat="-36.7042770" lon="-70.6346610">
    <ele>1624.6</ele>
   </trkpt>
   <trkpt lat="-36.7042820" lon="-70.6347060">
    <ele>1624.8</ele>
   </trkpt>
   <trkpt lat="-36.7043480" lon="-70.6350870">
    <ele>1626.6</ele>
   </trkpt>
   <trkpt lat="-36.7043650" lon="-70.6351290">
    <ele>1626.8</ele>
   </trkpt>
   <trkpt lat="-36.7043760" lon="-70.6351700">
    <ele>1626.8</ele>
   </trkpt>
   <trkpt lat="-36.7043940" lon="-70.6352030">
    <ele>1626.8</ele>
   </trkpt>
   <trkpt lat="-36.7044210" lon="-70.6352730">
    <ele>1626.8</ele>
   </trkpt>
   <trkpt lat="-36.7044190" lon="-70.6353150">
    <ele>1627.2</ele>
   </trkpt>
   <trkpt lat="-36.7044100" lon="-70.6353520">
    <ele>1627.4</ele>
   </trkpt>
   <trkpt lat="-36.7043880" lon="-70.6353770">
    <ele>1627.8</ele>
   </trkpt>
   <trkpt lat="-36.7043640" lon="-70.6353870">
    <ele>1628.0</ele>
   </trkpt>
   <trkpt lat="-36.7043370" lon="-70.6353780">
    <ele>1628.4</ele>
   </trkpt>
   <trkpt lat="-36.7043120" lon="-70.6353660">
    <ele>1628.8</ele>
   </trkpt>
   <trkpt lat="-36.7042930" lon="-70.6353360">
    <ele>1629.2</ele>
   </trkpt>
   <trkpt lat="-36.7042800" lon="-70.6353000">
    <ele>1629.6</ele>
   </trkpt>
   <trkpt lat="-36.7042680" lon="-70.6352640">
    <ele>1630.2</ele>
   </trkpt>
   <trkpt lat="-36.7042640" lon="-70.6352230">
    <ele>1630.8</ele>
   </trkpt>
   <trkpt lat="-36.7042550" lon="-70.6351860">
    <ele>1631.4</ele>
   </trkpt>
   <trkpt lat="-36.7042450" lon="-70.6351530">
    <ele>1631.6</ele>
   </trkpt>
   <trkpt lat="-36.7041930" lon="-70.6350270">
    <ele>1632.4</ele>
   </trkpt>
   <trkpt lat="-36.7040960" lon="-70.6348380">
    <ele>1634.6</ele>
   </trkpt>
   <trkpt lat="-36.7040860" lon="-70.6348050">
    <ele>1634.8</ele>
   </trkpt>
   <trkpt lat="-36.7040720" lon="-70.6347740">
    <ele>1635.0</ele>
   </trkpt>
   <trkpt lat="-36.7040460" lon="-70.6346960">
    <ele>1636.0</ele>
   </trkpt>
   <trkpt lat="-36.7040340" lon="-70.6346570">
    <ele>1636.2</ele>
   </trkpt>
   <trkpt lat="-36.7040270" lon="-70.6346260">
    <ele>1636.6</ele>
   </trkpt>
   <trkpt lat="-36.7040060" lon="-70.6345710">
    <ele>1637.6</ele>
   </trkpt>
   <trkpt lat="-36.7039860" lon="-70.6345420">
    <ele>1638.0</ele>
   </trkpt>
   <trkpt lat="-36.7039500" lon="-70.6344880">
    <ele>1638.8</ele>
   </trkpt>
   <trkpt lat="-36.7039360" lon="-70.6344600">
    <ele>1639.2</ele>
   </trkpt>
   <trkpt lat="-36.7039260" lon="-70.6344260">
    <ele>1639.8</ele>
   </trkpt>
   <trkpt lat="-36.7039020" lon="-70.6343620">
    <ele>1640.4</ele>
   </trkpt>
   <trkpt lat="-36.7038840" lon="-70.6343280">
    <ele>1641.0</ele>
   </trkpt>
   <trkpt lat="-36.7038550" lon="-70.6343010">
    <ele>1641.4</ele>
   </trkpt>
   <trkpt lat="-36.7038310" lon="-70.6342770">
    <ele>1641.6</ele>
   </trkpt>
   <trkpt lat="-36.7038130" lon="-70.6342500">
    <ele>1641.8</ele>
   </trkpt>
   <trkpt lat="-36.7037980" lon="-70.6342240">
    <ele>1642.2</ele>
   </trkpt>
   <trkpt lat="-36.7037740" lon="-70.6342070">
    <ele>1642.6</ele>
   </trkpt>
   <trkpt lat="-36.7036630" lon="-70.6341030">
    <ele>1644.4</ele>
   </trkpt>
   <trkpt lat="-36.7035840" lon="-70.6340230">
    <ele>1645.4</ele>
   </trkpt>
   <trkpt lat="-36.7035590" lon="-70.6340070">
    <ele>1645.8</ele>
   </trkpt>
   <trkpt lat="-36.7035360" lon="-70.6339840">
    <ele>1646.2</ele>
   </trkpt>
   <trkpt lat="-36.7034880" lon="-70.6339420">
    <ele>1646.8</ele>
   </trkpt>
   <trkpt lat="-36.7034650" lon="-70.6339200">
    <ele>1647.0</ele>
   </trkpt>
   <trkpt lat="-36.7034420" lon="-70.6339070">
    <ele>1647.2</ele>
   </trkpt>
   <trkpt lat="-36.7034160" lon="-70.6338910">
    <ele>1647.4</ele>
   </trkpt>
   <trkpt lat="-36.7033880" lon="-70.6338790">
    <ele>1647.6</ele>
   </trkpt>
   <trkpt lat="-36.7033610" lon="-70.6338550">
    <ele>1647.8</ele>
   </trkpt>
   <trkpt lat="-36.7032770" lon="-70.6337930">
    <ele>1648.6</ele>
   </trkpt>
   <trkpt lat="-36.7032470" lon="-70.6337680">
    <ele>1649.0</ele>
   </trkpt>
   <trkpt lat="-36.7031000" lon="-70.6336800">
    <ele>1650.2</ele>
   </trkpt>
   <trkpt lat="-36.7029300" lon="-70.6335530">
    <ele>1651.4</ele>
   </trkpt>
   <trkpt lat="-36.7029040" lon="-70.6335120">
    <ele>1651.8</ele>
   </trkpt>
   <trkpt lat="-36.7027050" lon="-70.6332390">
    <ele>1652.8</ele>
   </trkpt>
   <trkpt lat="-36.7026640" lon="-70.6332070">
    <ele>1652.8</ele>
   </trkpt>
   <trkpt lat="-36.7023010" lon="-70.6330670">
    <ele>1656.0</ele>
   </trkpt>
   <trkpt lat="-36.7021400" lon="-70.6329320">
    <ele>1655.2</ele>
   </trkpt>
   <trkpt lat="-36.7020680" lon="-70.6328520">
    <ele>1655.0</ele>
   </trkpt>
   <trkpt lat="-36.7018530" lon="-70.6326120">
    <ele>1657.4</ele>
   </trkpt>
   <trkpt lat="-36.7018220" lon="-70.6325790">
    <ele>1657.6</ele>
   </trkpt>
   <trkpt lat="-36.7017610" lon="-70.6325090">
    <ele>1657.8</ele>
   </trkpt>
   <trkpt lat="-36.7014690" lon="-70.6322250">
    <ele>1660.0</ele>
   </trkpt>
   <trkpt lat="-36.7014350" lon="-70.6321990">
    <ele>1660.0</ele>
   </trkpt>
   <trkpt lat="-36.7011310" lon="-70.6319260">
    <ele>1663.0</ele>
   </trkpt>
   <trkpt lat="-36.7008110" lon="-70.6316500">
    <ele>1665.6</ele>
   </trkpt>
   <trkpt lat="-36.7007050" lon="-70.6315680">
    <ele>1666.8</ele>
   </trkpt>
   <trkpt lat="-36.7006740" lon="-70.6315490">
    <ele>1667.2</ele>
   </trkpt>
   <trkpt lat="-36.7005620" lon="-70.6314710">
    <ele>1668.6</ele>
   </trkpt>
   <trkpt lat="-36.7005340" lon="-70.6314560">
    <ele>1668.8</ele>
   </trkpt>
   <trkpt lat="-36.7005110" lon="-70.6314350">
    <ele>1669.0</ele>
   </trkpt>
   <trkpt lat="-36.7004310" lon="-70.6313780">
    <ele>1670.0</ele>
   </trkpt>
   <trkpt lat="-36.7003820" lon="-70.6313420">
    <ele>1670.4</ele>
   </trkpt>
   <trkpt lat="-36.7003620" lon="-70.6313170">
    <ele>1670.6</ele>
   </trkpt>
   <trkpt lat="-36.7003170" lon="-70.6312710">
    <ele>1671.0</ele>
   </trkpt>
   <trkpt lat="-36.7002900" lon="-70.6312550">
    <ele>1671.2</ele>
   </trkpt>
   <trkpt lat="-36.7002040" lon="-70.6312120">
    <ele>1672.2</ele>
   </trkpt>
   <trkpt lat="-36.7001780" lon="-70.6311930">
    <ele>1672.4</ele>
   </trkpt>
   <trkpt lat="-36.7000990" lon="-70.6311500">
    <ele>1673.0</ele>
   </trkpt>
   <trkpt lat="-36.7000180" lon="-70.6311210">
    <ele>1673.4</ele>
   </trkpt>
   <trkpt lat="-36.6999930" lon="-70.6310970">
    <ele>1673.8</ele>
   </trkpt>
   <trkpt lat="-36.6999680" lon="-70.6310830">
    <ele>1674.2</ele>
   </trkpt>
   <trkpt lat="-36.6998220" lon="-70.6309960">
    <ele>1675.8</ele>
   </trkpt>
   <trkpt lat="-36.6997980" lon="-70.6309780">
    <ele>1676.2</ele>
   </trkpt>
   <trkpt lat="-36.6995430" lon="-70.6308420">
    <ele>1679.0</ele>
   </trkpt>
   <trkpt lat="-36.6995140" lon="-70.6308350">
    <ele>1679.2</ele>
   </trkpt>
   <trkpt lat="-36.6994890" lon="-70.6308210">
    <ele>1679.2</ele>
   </trkpt>
   <trkpt lat="-36.6994370" lon="-70.6307910">
    <ele>1679.6</ele>
   </trkpt>
   <trkpt lat="-36.6994090" lon="-70.6307840">
    <ele>1680.0</ele>
   </trkpt>
   <trkpt lat="-36.6993300" lon="-70.6307580">
    <ele>1680.8</ele>
   </trkpt>
   <trkpt lat="-36.6993010" lon="-70.6307530">
    <ele>1681.0</ele>
   </trkpt>
   <trkpt lat="-36.6992740" lon="-70.6307420">
    <ele>1681.2</ele>
   </trkpt>
   <trkpt lat="-36.6991900" lon="-70.6307200">
    <ele>1682.2</ele>
   </trkpt>
   <trkpt lat="-36.6990710" lon="-70.6306810">
    <ele>1683.6</ele>
   </trkpt>
   <trkpt lat="-36.6990550" lon="-70.6306670">
    <ele>1683.8</ele>
   </trkpt>
   <trkpt lat="-36.6990170" lon="-70.6306340">
    <ele>1684.4</ele>
   </trkpt>
   <trkpt lat="-36.6990090" lon="-70.6306000">
    <ele>1684.8</ele>
   </trkpt>
   <trkpt lat="-36.6990070" lon="-70.6305720">
    <ele>1685.0</ele>
   </trkpt>
   <trkpt lat="-36.6990170" lon="-70.6305490">
    <ele>1685.0</ele>
   </trkpt>
   <trkpt lat="-36.6990350" lon="-70.6305330">
    <ele>1685.2</ele>
   </trkpt>
   <trkpt lat="-36.6990590" lon="-70.6305290">
    <ele>1685.6</ele>
   </trkpt>
   <trkpt lat="-36.6990850" lon="-70.6305340">
    <ele>1686.0</ele>
   </trkpt>
   <trkpt lat="-36.6991150" lon="-70.6305310">
    <ele>1686.4</ele>
   </trkpt>
   <trkpt lat="-36.6991430" lon="-70.6305320">
    <ele>1686.6</ele>
   </trkpt>
   <trkpt lat="-36.6993960" lon="-70.6305630">
    <ele>1688.0</ele>
   </trkpt>
   <trkpt lat="-36.6995780" lon="-70.6305850">
    <ele>1688.6</ele>
   </trkpt>
   <trkpt lat="-36.6997130" lon="-70.6306030">
    <ele>1689.8</ele>
   </trkpt>
   <trkpt lat="-36.6997440" lon="-70.6305910">
    <ele>1690.0</ele>
   </trkpt>
   <trkpt lat="-36.6997680" lon="-70.6305630">
    <ele>1690.2</ele>
   </trkpt>
   <trkpt lat="-36.6997710" lon="-70.6305280">
    <ele>1690.6</ele>
   </trkpt>
   <trkpt lat="-36.6997590" lon="-70.6304970">
    <ele>1691.2</ele>
   </trkpt>
   <trkpt lat="-36.6997320" lon="-70.6304690">
    <ele>1691.8</ele>
   </trkpt>
   <trkpt lat="-36.6997050" lon="-70.6304490">
    <ele>1692.2</ele>
   </trkpt>
   <trkpt lat="-36.6996490" lon="-70.6304160">
    <ele>1692.6</ele>
   </trkpt>
   <trkpt lat="-36.6996260" lon="-70.6303970">
    <ele>1693.0</ele>
   </trkpt>
   <trkpt lat="-36.6994400" lon="-70.6303210">
    <ele>1694.8</ele>
   </trkpt>
   <trkpt lat="-36.6994120" lon="-70.6303070">
    <ele>1695.0</ele>
   </trkpt>
   <trkpt lat="-36.6993840" lon="-70.6303030">
    <ele>1695.4</ele>
   </trkpt>
   <trkpt lat="-36.6993550" lon="-70.6303010">
    <ele>1695.6</ele>
   </trkpt>
   <trkpt lat="-36.6993270" lon="-70.6302930">
    <ele>1696.0</ele>
   </trkpt>
   <trkpt lat="-36.6993000" lon="-70.6302950">
    <ele>1696.4</ele>
   </trkpt>
   <trkpt lat="-36.6992780" lon="-70.6303020">
    <ele>1696.8</ele>
   </trkpt>
   <trkpt lat="-36.6992210" lon="-70.6303140">
    <ele>1697.4</ele>
   </trkpt>
   <trkpt lat="-36.6991170" lon="-70.6302880">
    <ele>1698.6</ele>
   </trkpt>
   <trkpt lat="-36.6990950" lon="-70.6302780">
    <ele>1699.0</ele>
   </trkpt>
   <trkpt lat="-36.6990700" lon="-70.6302710">
    <ele>1699.4</ele>
   </trkpt>
   <trkpt lat="-36.6988710" lon="-70.6301780">
    <ele>1701.6</ele>
   </trkpt>
   <trkpt lat="-36.6987530" lon="-70.6301250">
    <ele>1703.4</ele>
   </trkpt>
   <trkpt lat="-36.6987270" lon="-70.6301200">
    <ele>1703.8</ele>
   </trkpt>
   <trkpt lat="-36.6987030" lon="-70.6301110">
    <ele>1704.4</ele>
   </trkpt>
   <trkpt lat="-36.6986790" lon="-70.6301030">
    <ele>1704.8</ele>
   </trkpt>
   <trkpt lat="-36.6986520" lon="-70.6301080">
    <ele>1705.0</ele>
   </trkpt>
   <trkpt lat="-36.6986290" lon="-70.6300950">
    <ele>1705.4</ele>
   </trkpt>
   <trkpt lat="-36.6985690" lon="-70.6300390">
    <ele>1706.4</ele>
   </trkpt>
   <trkpt lat="-36.6985580" lon="-70.6300110">
    <ele>1706.6</ele>
   </trkpt>
   <trkpt lat="-36.6985360" lon="-70.6299580">
    <ele>1707.2</ele>
   </trkpt>
   <trkpt lat="-36.6984870" lon="-70.6298480">
    <ele>1708.2</ele>
   </trkpt>
   <trkpt lat="-36.6984790" lon="-70.6298200">
    <ele>1708.2</ele>
   </trkpt>
   <trkpt lat="-36.6984750" lon="-70.6297890">
    <ele>1708.6</ele>
   </trkpt>
   <trkpt lat="-36.6984650" lon="-70.6297590">
    <ele>1708.8</ele>
   </trkpt>
   <trkpt lat="-36.6984570" lon="-70.6297220">
    <ele>1709.0</ele>
   </trkpt>
   <trkpt lat="-36.6984540" lon="-70.6296810">
    <ele>1709.2</ele>
   </trkpt>
   <trkpt lat="-36.6984500" lon="-70.6296090">
    <ele>1709.4</ele>
   </trkpt>
   <trkpt lat="-36.6984420" lon="-70.6295770">
    <ele>1709.6</ele>
   </trkpt>
   <trkpt lat="-36.6984380" lon="-70.6295460">
    <ele>1709.8</ele>
   </trkpt>
   <trkpt lat="-36.6984330" lon="-70.6294840">
    <ele>1710.6</ele>
   </trkpt>
   <trkpt lat="-36.6984140" lon="-70.6293940">
    <ele>1711.6</ele>
   </trkpt>
   <trkpt lat="-36.6984110" lon="-70.6293590">
    <ele>1711.8</ele>
   </trkpt>
   <trkpt lat="-36.6984030" lon="-70.6292930">
    <ele>1712.4</ele>
   </trkpt>
   <trkpt lat="-36.6984020" lon="-70.6292560">
    <ele>1712.8</ele>
   </trkpt>
   <trkpt lat="-36.6983950" lon="-70.6292170">
    <ele>1713.2</ele>
   </trkpt>
   <trkpt lat="-36.6983970" lon="-70.6291790">
    <ele>1713.6</ele>
   </trkpt>
   <trkpt lat="-36.6983900" lon="-70.6291470">
    <ele>1713.8</ele>
   </trkpt>
   <trkpt lat="-36.6983870" lon="-70.6291150">
    <ele>1714.0</ele>
   </trkpt>
   <trkpt lat="-36.6983870" lon="-70.6290840">
    <ele>1714.2</ele>
   </trkpt>
   <trkpt lat="-36.6983820" lon="-70.6290540">
    <ele>1714.4</ele>
   </trkpt>
   <trkpt lat="-36.6983710" lon="-70.6290220">
    <ele>1714.6</ele>
   </trkpt>
   <trkpt lat="-36.6983180" lon="-70.6288450">
    <ele>1717.0</ele>
   </trkpt>
   <trkpt lat="-36.6982810" lon="-70.6287360">
    <ele>1718.0</ele>
   </trkpt>
   <trkpt lat="-36.6982720" lon="-70.6287070">
    <ele>1718.4</ele>
   </trkpt>
   <trkpt lat="-36.6982600" lon="-70.6286850">
    <ele>1718.6</ele>
   </trkpt>
   <trkpt lat="-36.6982500" lon="-70.6286610">
    <ele>1719.0</ele>
   </trkpt>
   <trkpt lat="-36.6982430" lon="-70.6286370">
    <ele>1719.2</ele>
   </trkpt>
   <trkpt lat="-36.6982320" lon="-70.6286150">
    <ele>1719.4</ele>
   </trkpt>
   <trkpt lat="-36.6982230" lon="-70.6285930">
    <ele>1719.8</ele>
   </trkpt>
   <trkpt lat="-36.6982110" lon="-70.6285690">
    <ele>1720.2</ele>
   </trkpt>
   <trkpt lat="-36.6982030" lon="-70.6285460">
    <ele>1720.4</ele>
   </trkpt>
   <trkpt lat="-36.6981880" lon="-70.6284950">
    <ele>1721.4</ele>
   </trkpt>
   <trkpt lat="-36.6981780" lon="-70.6284760">
    <ele>1721.8</ele>
   </trkpt>
   <trkpt lat="-36.6981740" lon="-70.6284570">
    <ele>1722.2</ele>
   </trkpt>
   <trkpt lat="-36.6981590" lon="-70.6284070">
    <ele>1722.8</ele>
   </trkpt>
   <trkpt lat="-36.6981560" lon="-70.6283770">
    <ele>1723.0</ele>
   </trkpt>
   <trkpt lat="-36.6981510" lon="-70.6283190">
    <ele>1723.4</ele>
   </trkpt>
   <trkpt lat="-36.6981550" lon="-70.6282840">
    <ele>1723.6</ele>
   </trkpt>
   <trkpt lat="-36.6981560" lon="-70.6282500">
    <ele>1724.2</ele>
   </trkpt>
   <trkpt lat="-36.6981550" lon="-70.6282190">
    <ele>1724.4</ele>
   </trkpt>
   <trkpt lat="-36.6981650" lon="-70.6281850">
    <ele>1724.6</ele>
   </trkpt>
   <trkpt lat="-36.6981710" lon="-70.6281490">
    <ele>1724.8</ele>
   </trkpt>
   <trkpt lat="-36.6981840" lon="-70.6281120">
    <ele>1725.0</ele>
   </trkpt>
   <trkpt lat="-36.6982050" lon="-70.6280340">
    <ele>1725.2</ele>
   </trkpt>
   <trkpt lat="-36.6982190" lon="-70.6279950">
    <ele>1725.4</ele>
   </trkpt>
   <trkpt lat="-36.6982500" lon="-70.6278890">
    <ele>1726.0</ele>
   </trkpt>
   <trkpt lat="-36.6982550" lon="-70.6278500">
    <ele>1726.2</ele>
   </trkpt>
   <trkpt lat="-36.6982660" lon="-70.6278160">
    <ele>1726.4</ele>
   </trkpt>
   <trkpt lat="-36.6982720" lon="-70.6277790">
    <ele>1726.6</ele>
   </trkpt>
   <trkpt lat="-36.6982750" lon="-70.6277410">
    <ele>1726.8</ele>
   </trkpt>
   <trkpt lat="-36.6982840" lon="-70.6277050">
    <ele>1727.0</ele>
   </trkpt>
   <trkpt lat="-36.6982990" lon="-70.6276350">
    <ele>1727.4</ele>
   </trkpt>
   <trkpt lat="-36.6983190" lon="-70.6275640">
    <ele>1727.8</ele>
   </trkpt>
   <trkpt lat="-36.6983220" lon="-70.6275290">
    <ele>1728.0</ele>
   </trkpt>
   <trkpt lat="-36.6983120" lon="-70.6274060">
    <ele>1729.2</ele>
   </trkpt>
   <trkpt lat="-36.6983100" lon="-70.6273750">
    <ele>1729.8</ele>
   </trkpt>
   <trkpt lat="-36.6983000" lon="-70.6273380">
    <ele>1730.2</ele>
   </trkpt>
   <trkpt lat="-36.6982820" lon="-70.6272700">
    <ele>1730.4</ele>
   </trkpt>
   <trkpt lat="-36.6982520" lon="-70.6271720">
    <ele>1731.4</ele>
   </trkpt>
   <trkpt lat="-36.6982370" lon="-70.6271400">
    <ele>1731.8</ele>
   </trkpt>
   <trkpt lat="-36.6982280" lon="-70.6271150">
    <ele>1732.2</ele>
   </trkpt>
   <trkpt lat="-36.6982210" lon="-70.6270870">
    <ele>1732.4</ele>
   </trkpt>
   <trkpt lat="-36.6982100" lon="-70.6270620">
    <ele>1732.6</ele>
   </trkpt>
   <trkpt lat="-36.6981450" lon="-70.6269170">
    <ele>1734.4</ele>
   </trkpt>
   <trkpt lat="-36.6981280" lon="-70.6268960">
    <ele>1734.8</ele>
   </trkpt>
   <trkpt lat="-36.6980920" lon="-70.6268560">
    <ele>1735.4</ele>
   </trkpt>
   <trkpt lat="-36.6980790" lon="-70.6268300">
    <ele>1735.6</ele>
   </trkpt>
   <trkpt lat="-36.6980610" lon="-70.6268100">
    <ele>1735.8</ele>
   </trkpt>
   <trkpt lat="-36.6980000" lon="-70.6267260">
    <ele>1737.2</ele>
   </trkpt>
   <trkpt lat="-36.6979830" lon="-70.6267040">
    <ele>1737.4</ele>
   </trkpt>
   <trkpt lat="-36.6979720" lon="-70.6266800">
    <ele>1737.8</ele>
   </trkpt>
   <trkpt lat="-36.6979570" lon="-70.6266590">
    <ele>1738.0</ele>
   </trkpt>
   <trkpt lat="-36.6979060" lon="-70.6265590">
    <ele>1739.4</ele>
   </trkpt>
   <trkpt lat="-36.6978750" lon="-70.6264760">
    <ele>1740.2</ele>
   </trkpt>
   <trkpt lat="-36.6978520" lon="-70.6263970">
    <ele>1741.0</ele>
   </trkpt>
   <trkpt lat="-36.6978390" lon="-70.6263680">
    <ele>1741.2</ele>
   </trkpt>
   <trkpt lat="-36.6978250" lon="-70.6263390">
    <ele>1741.6</ele>
   </trkpt>
   <trkpt lat="-36.6978110" lon="-70.6263150">
    <ele>1741.6</ele>
   </trkpt>
   <trkpt lat="-36.6978000" lon="-70.6262850">
    <ele>1741.8</ele>
   </trkpt>
   <trkpt lat="-36.6977750" lon="-70.6261910">
    <ele>1742.8</ele>
   </trkpt>
   <trkpt lat="-36.6977610" lon="-70.6261650">
    <ele>1743.0</ele>
   </trkpt>
   <trkpt lat="-36.6977320" lon="-70.6261100">
    <ele>1743.4</ele>
   </trkpt>
   <trkpt lat="-36.6977260" lon="-70.6260840">
    <ele>1743.6</ele>
   </trkpt>
   <trkpt lat="-36.6977020" lon="-70.6260070">
    <ele>1744.4</ele>
   </trkpt>
   <trkpt lat="-36.6976890" lon="-70.6259740">
    <ele>1744.6</ele>
   </trkpt>
   <trkpt lat="-36.6976710" lon="-70.6259430">
    <ele>1745.0</ele>
   </trkpt>
   <trkpt lat="-36.6976610" lon="-70.6259140">
    <ele>1745.2</ele>
   </trkpt>
   <trkpt lat="-36.6976500" lon="-70.6258780">
    <ele>1745.6</ele>
   </trkpt>
   <trkpt lat="-36.6976370" lon="-70.6258570">
    <ele>1745.8</ele>
   </trkpt>
   <trkpt lat="-36.6975720" lon="-70.6257200">
    <ele>1747.2</ele>
   </trkpt>
   <trkpt lat="-36.6975560" lon="-70.6256940">
    <ele>1747.4</ele>
   </trkpt>
   <trkpt lat="-36.6975230" lon="-70.6256460">
    <ele>1747.8</ele>
   </trkpt>
   <trkpt lat="-36.6974340" lon="-70.6254950">
    <ele>1749.4</ele>
   </trkpt>
   <trkpt lat="-36.6974160" lon="-70.6254780">
    <ele>1749.6</ele>
   </trkpt>
   <trkpt lat="-36.6973910" lon="-70.6254750">
    <ele>1749.8</ele>
   </trkpt>
   <trkpt lat="-36.6973710" lon="-70.6254690">
    <ele>1750.0</ele>
   </trkpt>
   <trkpt lat="-36.6973520" lon="-70.6254520">
    <ele>1750.4</ele>
   </trkpt>
   <trkpt lat="-36.6972980" lon="-70.6254070">
    <ele>1751.2</ele>
   </trkpt>
   <trkpt lat="-36.6972410" lon="-70.6253600">
    <ele>1752.2</ele>
   </trkpt>
   <trkpt lat="-36.6972200" lon="-70.6253450">
    <ele>1752.6</ele>
   </trkpt>
   <trkpt lat="-36.6972030" lon="-70.6253270">
    <ele>1752.8</ele>
   </trkpt>
   <trkpt lat="-36.6971880" lon="-70.6253050">
    <ele>1753.2</ele>
   </trkpt>
   <trkpt lat="-36.6971720" lon="-70.6252870">
    <ele>1753.4</ele>
   </trkpt>
   <trkpt lat="-36.6971190" lon="-70.6252200">
    <ele>1754.4</ele>
   </trkpt>
   <trkpt lat="-36.6970700" lon="-70.6251590">
    <ele>1755.4</ele>
   </trkpt>
   <trkpt lat="-36.6970560" lon="-70.6251370">
    <ele>1755.6</ele>
   </trkpt>
   <trkpt lat="-36.6970380" lon="-70.6251190">
    <ele>1755.8</ele>
   </trkpt>
   <trkpt lat="-36.6970230" lon="-70.6250960">
    <ele>1756.2</ele>
   </trkpt>
   <trkpt lat="-36.6969860" lon="-70.6250530">
    <ele>1756.8</ele>
   </trkpt>
   <trkpt lat="-36.6969740" lon="-70.6250270">
    <ele>1757.2</ele>
   </trkpt>
   <trkpt lat="-36.6969570" lon="-70.6250050">
    <ele>1757.6</ele>
   </trkpt>
   <trkpt lat="-36.6968770" lon="-70.6248360">
    <ele>1759.0</ele>
   </trkpt>
   <trkpt lat="-36.6968680" lon="-70.6248010">
    <ele>1759.4</ele>
   </trkpt>
   <trkpt lat="-36.6968560" lon="-70.6247750">
    <ele>1759.8</ele>
   </trkpt>
   <trkpt lat="-36.6968490" lon="-70.6247470">
    <ele>1759.8</ele>
   </trkpt>
   <trkpt lat="-36.6968450" lon="-70.6247130">
    <ele>1760.0</ele>
   </trkpt>
   <trkpt lat="-36.6968230" lon="-70.6246030">
    <ele>1760.8</ele>
   </trkpt>
   <trkpt lat="-36.6967860" lon="-70.6244570">
    <ele>1761.8</ele>
   </trkpt>
   <trkpt lat="-36.6967740" lon="-70.6244280">
    <ele>1762.0</ele>
   </trkpt>
   <trkpt lat="-36.6967140" lon="-70.6243020">
    <ele>1763.0</ele>
   </trkpt>
   <trkpt lat="-36.6966050" lon="-70.6241370">
    <ele>1764.0</ele>
   </trkpt>
   <trkpt lat="-36.6965760" lon="-70.6241060">
    <ele>1764.0</ele>
   </trkpt>
   <trkpt lat="-36.6963620" lon="-70.6238710">
    <ele>1765.8</ele>
   </trkpt>
   <trkpt lat="-36.6963230" lon="-70.6238510">
    <ele>1765.8</ele>
   </trkpt>
   <trkpt lat="-36.6961980" lon="-70.6237940">
    <ele>1766.2</ele>
   </trkpt>
   <trkpt lat="-36.6961170" lon="-70.6237820">
    <ele>1766.6</ele>
   </trkpt>
   <trkpt lat="-36.6960790" lon="-70.6237950">
    <ele>1766.8</ele>
   </trkpt>
   <trkpt lat="-36.6956940" lon="-70.6238460">
    <ele>1769.6</ele>
   </trkpt>
   <trkpt lat="-36.6954790" lon="-70.6239030">
    <ele>1771.6</ele>
   </trkpt>
   <trkpt lat="-36.6954420" lon="-70.6239040">
    <ele>1772.0</ele>
   </trkpt>
   <trkpt lat="-36.6953680" lon="-70.6238890">
    <ele>1772.4</ele>
   </trkpt>
   <trkpt lat="-36.6953330" lon="-70.6238720">
    <ele>1772.6</ele>
   </trkpt>
   <trkpt lat="-36.6952990" lon="-70.6238520">
    <ele>1772.8</ele>
   </trkpt>
   <trkpt lat="-36.6952670" lon="-70.6238210">
    <ele>1772.8</ele>
   </trkpt>
   <trkpt lat="-36.6952170" lon="-70.6237440">
    <ele>1773.4</ele>
   </trkpt>
   <trkpt lat="-36.6951770" lon="-70.6236410">
    <ele>1773.8</ele>
   </trkpt>
   <trkpt lat="-36.6950890" lon="-70.6232220">
    <ele>1775.4</ele>
   </trkpt>
   <trkpt lat="-36.6950620" lon="-70.6231010">
    <ele>1775.8</ele>
   </trkpt>
   <trkpt lat="-36.6950470" lon="-70.6229750">
    <ele>1776.4</ele>
   </trkpt>
   <trkpt lat="-36.6950300" lon="-70.6229080">
    <ele>1776.8</ele>
   </trkpt>
   <trkpt lat="-36.6950210" lon="-70.6228380">
    <ele>1777.2</ele>
   </trkpt>
   <trkpt lat="-36.6949540" lon="-70.6223410">
    <ele>1778.6</ele>
   </trkpt>
   <trkpt lat="-36.6948970" lon="-70.6218670">
    <ele>1779.4</ele>
   </trkpt>
   <trkpt lat="-36.6949050" lon="-70.6213450">
    <ele>1779.2</ele>
   </trkpt>
   <trkpt lat="-36.6949250" lon="-70.6208340">
    <ele>1778.2</ele>
   </trkpt>
   <trkpt lat="-36.6949910" lon="-70.6202970">
    <ele>1777.6</ele>
   </trkpt>
   <trkpt lat="-36.6950330" lon="-70.6197420">
    <ele>1776.0</ele>
   </trkpt>
   <trkpt lat="-36.6950600" lon="-70.6192690">
    <ele>1775.0</ele>
   </trkpt>
   <trkpt lat="-36.6950710" lon="-70.6187750">
    <ele>1773.2</ele>
   </trkpt>
   <trkpt lat="-36.6949810" lon="-70.6182580">
    <ele>1772.0</ele>
   </trkpt>
   <trkpt lat="-36.6949320" lon="-70.6181460">
    <ele>1771.8</ele>
   </trkpt>
   <trkpt lat="-36.6947190" lon="-70.6177810">
    <ele>1772.6</ele>
   </trkpt>
   <trkpt lat="-36.6944920" lon="-70.6174310">
    <ele>1773.4</ele>
   </trkpt>
   <trkpt lat="-36.6942310" lon="-70.6171040">
    <ele>1773.2</ele>
   </trkpt>
   <trkpt lat="-36.6939720" lon="-70.6167870">
    <ele>1772.6</ele>
   </trkpt>
   <trkpt lat="-36.6937030" lon="-70.6164490">
    <ele>1772.0</ele>
   </trkpt>
   <trkpt lat="-36.6934140" lon="-70.6160700">
    <ele>1771.4</ele>
   </trkpt>
   <trkpt lat="-36.6931700" lon="-70.6157010">
    <ele>1769.8</ele>
   </trkpt>
   <trkpt lat="-36.6928840" lon="-70.6152700">
    <ele>1768.0</ele>
   </trkpt>
   <trkpt lat="-36.6926000" lon="-70.6148950">
    <ele>1767.6</ele>
   </trkpt>
   <trkpt lat="-36.6923100" lon="-70.6145120">
    <ele>1768.8</ele>
   </trkpt>
   <trkpt lat="-36.6920700" lon="-70.6141750">
    <ele>1771.6</ele>
   </trkpt>
   <trkpt lat="-36.6918390" lon="-70.6138150">
    <ele>1772.8</ele>
   </trkpt>
   <trkpt lat="-36.6915800" lon="-70.6135340">
    <ele>1773.0</ele>
   </trkpt>
   <trkpt lat="-36.6913950" lon="-70.6132010">
    <ele>1774.8</ele>
   </trkpt>
   <trkpt lat="-36.6913610" lon="-70.6131550">
    <ele>1775.0</ele>
   </trkpt>
   <trkpt lat="-36.6913340" lon="-70.6131030">
    <ele>1775.4</ele>
   </trkpt>
   <trkpt lat="-36.6913020" lon="-70.6130560">
    <ele>1775.4</ele>
   </trkpt>
   <trkpt lat="-36.6912750" lon="-70.6130040">
    <ele>1775.8</ele>
   </trkpt>
   <trkpt lat="-36.6911530" lon="-70.6127430">
    <ele>1777.2</ele>
   </trkpt>
   <trkpt lat="-36.6911290" lon="-70.6126980">
    <ele>1777.4</ele>
   </trkpt>
   <trkpt lat="-36.6910080" lon="-70.6125090">
    <ele>1778.6</ele>
   </trkpt>
   <trkpt lat="-36.6909640" lon="-70.6124380">
    <ele>1779.2</ele>
   </trkpt>
   <trkpt lat="-36.6906760" lon="-70.6121680">
    <ele>1782.6</ele>
   </trkpt>
   <trkpt lat="-36.6906440" lon="-70.6121370">
    <ele>1782.6</ele>
   </trkpt>
   <trkpt lat="-36.6906180" lon="-70.6120940">
    <ele>1783.0</ele>
   </trkpt>
   <trkpt lat="-36.6904070" lon="-70.6117050">
    <ele>1784.6</ele>
   </trkpt>
   <trkpt lat="-36.6903030" lon="-70.6115790">
    <ele>1784.2</ele>
   </trkpt>
   <trkpt lat="-36.6902800" lon="-70.6115390">
    <ele>1784.2</ele>
   </trkpt>
   <trkpt lat="-36.6902460" lon="-70.6114990">
    <ele>1784.0</ele>
   </trkpt>
   <trkpt lat="-36.6902050" lon="-70.6114650">
    <ele>1783.8</ele>
   </trkpt>
   <trkpt lat="-36.6901680" lon="-70.6114330">
    <ele>1783.8</ele>
   </trkpt>
   <trkpt lat="-36.6901330" lon="-70.6114130">
    <ele>1783.6</ele>
   </trkpt>
   <trkpt lat="-36.6900910" lon="-70.6113980">
    <ele>1783.8</ele>
   </trkpt>
   <trkpt lat="-36.6897760" lon="-70.6111810">
    <ele>1783.4</ele>
   </trkpt>
   <trkpt lat="-36.6894530" lon="-70.6108680">
    <ele>1785.4</ele>
   </trkpt>
   <trkpt lat="-36.6894010" lon="-70.6108430">
    <ele>1785.6</ele>
   </trkpt>
   <trkpt lat="-36.6890380" lon="-70.6107900">
    <ele>1786.2</ele>
   </trkpt>
   <trkpt lat="-36.6886890" lon="-70.6107890">
    <ele>1784.4</ele>
   </trkpt>
   <trkpt lat="-36.6885920" lon="-70.6108150">
    <ele>1784.2</ele>
   </trkpt>
   <trkpt lat="-36.6882230" lon="-70.6109360">
    <ele>1783.6</ele>
   </trkpt>
   <trkpt lat="-36.6878170" lon="-70.6111210">
    <ele>1781.8</ele>
   </trkpt>
   <trkpt lat="-36.6874990" lon="-70.6113360">
    <ele>1779.6</ele>
   </trkpt>
   <trkpt lat="-36.6871240" lon="-70.6116740">
    <ele>1776.8</ele>
   </trkpt>
   <trkpt lat="-36.6867160" lon="-70.6119250">
    <ele>1774.2</ele>
   </trkpt>
   <trkpt lat="-36.6866350" lon="-70.6119450">
    <ele>1773.6</ele>
   </trkpt>
   <trkpt lat="-36.6865530" lon="-70.6119660">
    <ele>1772.8</ele>
   </trkpt>
   <trkpt lat="-36.6863900" lon="-70.6120060">
    <ele>1771.6</ele>
   </trkpt>
   <trkpt lat="-36.6863040" lon="-70.6120320">
    <ele>1770.4</ele>
   </trkpt>
   <trkpt lat="-36.6862340" lon="-70.6120740">
    <ele>1769.2</ele>
   </trkpt>
   <trkpt lat="-36.6861850" lon="-70.6121300">
    <ele>1768.6</ele>
   </trkpt>
   <trkpt lat="-36.6861770" lon="-70.6122020">
    <ele>1768.4</ele>
   </trkpt>
   <trkpt lat="-36.6861880" lon="-70.6122760">
    <ele>1768.2</ele>
   </trkpt>
   <trkpt lat="-36.6862190" lon="-70.6123560">
    <ele>1768.0</ele>
   </trkpt>
   <trkpt lat="-36.6862550" lon="-70.6124390">
    <ele>1767.6</ele>
   </trkpt>
   <trkpt lat="-36.6862760" lon="-70.6125400">
    <ele>1767.2</ele>
   </trkpt>
   <trkpt lat="-36.6862770" lon="-70.6126440">
    <ele>1767.0</ele>
   </trkpt>
   <trkpt lat="-36.6862550" lon="-70.6127470">
    <ele>1767.0</ele>
   </trkpt>
   <trkpt lat="-36.6862180" lon="-70.6128320">
    <ele>1767.0</ele>
   </trkpt>
   <trkpt lat="-36.6861590" lon="-70.6129000">
    <ele>1766.8</ele>
   </trkpt>
   <trkpt lat="-36.6860840" lon="-70.6129540">
    <ele>1766.8</ele>
   </trkpt>
   <trkpt lat="-36.6859960" lon="-70.6130020">
    <ele>1766.2</ele>
   </trkpt>
   <trkpt lat="-36.6858960" lon="-70.6130320">
    <ele>1765.8</ele>
   </trkpt>
   <trkpt lat="-36.6858000" lon="-70.6130410">
    <ele>1765.4</ele>
   </trkpt>
   <trkpt lat="-36.6853770" lon="-70.6129650">
    <ele>1764.6</ele>
   </trkpt>
   <trkpt lat="-36.6849570" lon="-70.6128300">
    <ele>1762.0</ele>
   </trkpt>
   <trkpt lat="-36.6845860" lon="-70.6127410">
    <ele>1762.6</ele>
   </trkpt>
   <trkpt lat="-36.6842850" lon="-70.6124700">
    <ele>1764.4</ele>
   </trkpt>
   <trkpt lat="-36.6842040" lon="-70.6123330">
    <ele>1764.6</ele>
   </trkpt>
   <trkpt lat="-36.6841740" lon="-70.6122530">
    <ele>1764.2</ele>
   </trkpt>
   <trkpt lat="-36.6841480" lon="-70.6121660">
    <ele>1764.2</ele>
   </trkpt>
   <trkpt lat="-36.6840900" lon="-70.6120080">
    <ele>1764.8</ele>
   </trkpt>
   <trkpt lat="-36.6840750" lon="-70.6119320">
    <ele>1765.2</ele>
   </trkpt>
   <trkpt lat="-36.6840450" lon="-70.6117330">
    <ele>1766.8</ele>
   </trkpt>
   <trkpt lat="-36.6840510" lon="-70.6116720">
    <ele>1767.2</ele>
   </trkpt>
   <trkpt lat="-36.6840580" lon="-70.6114500">
    <ele>1768.8</ele>
   </trkpt>
   <trkpt lat="-36.6840530" lon="-70.6112940">
    <ele>1769.8</ele>
   </trkpt>
   <trkpt lat="-36.6840590" lon="-70.6112470">
    <ele>1770.0</ele>
   </trkpt>
   <trkpt lat="-36.6840740" lon="-70.6111980">
    <ele>1770.4</ele>
   </trkpt>
   <trkpt lat="-36.6841020" lon="-70.6111110">
    <ele>1771.2</ele>
   </trkpt>
   <trkpt lat="-36.6841090" lon="-70.6110600">
    <ele>1771.4</ele>
   </trkpt>
   <trkpt lat="-36.6841020" lon="-70.6108710">
    <ele>1772.6</ele>
   </trkpt>
   <trkpt lat="-36.6840850" lon="-70.6108340">
    <ele>1773.0</ele>
   </trkpt>
   <trkpt lat="-36.6840620" lon="-70.6107990">
    <ele>1773.4</ele>
   </trkpt>
   <trkpt lat="-36.6840340" lon="-70.6107680">
    <ele>1773.8</ele>
   </trkpt>
   <trkpt lat="-36.6837470" lon="-70.6104930">
    <ele>1774.6</ele>
   </trkpt>
   <trkpt lat="-36.6834300" lon="-70.6103070">
    <ele>1774.4</ele>
   </trkpt>
   <trkpt lat="-36.6833810" lon="-70.6103050">
    <ele>1774.8</ele>
   </trkpt>
   <trkpt lat="-36.6832190" lon="-70.6103240">
    <ele>1775.2</ele>
   </trkpt>
   <trkpt lat="-36.6829480" lon="-70.6104340">
    <ele>1774.8</ele>
   </trkpt>
   <trkpt lat="-36.6826030" lon="-70.6107390">
    <ele>1772.0</ele>
   </trkpt>
   <trkpt lat="-36.6823410" lon="-70.6111720">
    <ele>1770.2</ele>
   </trkpt>
   <trkpt lat="-36.6822210" lon="-70.6113890">
    <ele>1769.0</ele>
   </trkpt>
   <trkpt lat="-36.6819620" lon="-70.6117640">
    <ele>1763.4</ele>
   </trkpt>
   <trkpt lat="-36.6818140" lon="-70.6120610">
    <ele>1759.4</ele>
   </trkpt>
   <trkpt lat="-36.6817970" lon="-70.6121570">
    <ele>1758.4</ele>
   </trkpt>
   <trkpt lat="-36.6817710" lon="-70.6122410">
    <ele>1757.6</ele>
   </trkpt>
   <trkpt lat="-36.6817360" lon="-70.6123040">
    <ele>1756.4</ele>
   </trkpt>
   <trkpt lat="-36.6816810" lon="-70.6123330">
    <ele>1755.4</ele>
   </trkpt>
   <trkpt lat="-36.6816180" lon="-70.6123220">
    <ele>1754.2</ele>
   </trkpt>
   <trkpt lat="-36.6815650" lon="-70.6122710">
    <ele>1753.6</ele>
   </trkpt>
   <trkpt lat="-36.6815390" lon="-70.6122020">
    <ele>1753.0</ele>
   </trkpt>
   <trkpt lat="-36.6815330" lon="-70.6121270">
    <ele>1752.6</ele>
   </trkpt>
   <trkpt lat="-36.6815390" lon="-70.6120470">
    <ele>1752.0</ele>
   </trkpt>
   <trkpt lat="-36.6815300" lon="-70.6115380">
    <ele>1750.6</ele>
   </trkpt>
   <trkpt lat="-36.6815110" lon="-70.6114340">
    <ele>1750.6</ele>
   </trkpt>
   <trkpt lat="-36.6814140" lon="-70.6109250">
    <ele>1748.8</ele>
   </trkpt>
   <trkpt lat="-36.6813490" lon="-70.6103770">
    <ele>1747.4</ele>
   </trkpt>
   <trkpt lat="-36.6813450" lon="-70.6101520">
    <ele>1746.8</ele>
   </trkpt>
   <trkpt lat="-36.6813210" lon="-70.6100470">
    <ele>1746.6</ele>
   </trkpt>
   <trkpt lat="-36.6812800" lon="-70.6099510">
    <ele>1746.2</ele>
   </trkpt>
   <trkpt lat="-36.6810400" lon="-70.6095140">
    <ele>1745.6</ele>
   </trkpt>
   <trkpt lat="-36.6808210" lon="-70.6091180">
    <ele>1746.4</ele>
   </trkpt>
   <trkpt lat="-36.6805690" lon="-70.6086870">
    <ele>1746.6</ele>
   </trkpt>
   <trkpt lat="-36.6803350" lon="-70.6084580">
    <ele>1745.4</ele>
   </trkpt>
   <trkpt lat="-36.6800460" lon="-70.6081330">
    <ele>1747.4</ele>
   </trkpt>
   <trkpt lat="-36.6799380" lon="-70.6079350">
    <ele>1747.2</ele>
   </trkpt>
   <trkpt lat="-36.6799290" lon="-70.6079180">
    <ele>1747.0</ele>
   </trkpt>
   <trkpt lat="-36.6799170" lon="-70.6079050">
    <ele>1746.6</ele>
   </trkpt>
   <trkpt lat="-36.6799050" lon="-70.6079100">
    <ele>1746.8</ele>
   </trkpt>
   <trkpt lat="-36.6798890" lon="-70.6078940">
    <ele>1746.8</ele>
   </trkpt>
   <trkpt lat="-36.6798750" lon="-70.6078670">
    <ele>1746.6</ele>
   </trkpt>
   <trkpt lat="-36.6798570" lon="-70.6078390">
    <ele>1746.6</ele>
   </trkpt>
   <trkpt lat="-36.6798310" lon="-70.6078240">
    <ele>1746.6</ele>
   </trkpt>
   <trkpt lat="-36.6798130" lon="-70.6078090">
    <ele>1746.6</ele>
   </trkpt>
   <trkpt lat="-36.6797950" lon="-70.6078060">
    <ele>1746.8</ele>
   </trkpt>
   <trkpt lat="-36.6797690" lon="-70.6078040">
    <ele>1746.8</ele>
   </trkpt>
   <trkpt lat="-36.6797370" lon="-70.6078110">
    <ele>1746.8</ele>
   </trkpt>
   <trkpt lat="-36.6796380" lon="-70.6078490">
    <ele>1747.2</ele>
   </trkpt>
   <trkpt lat="-36.6796020" lon="-70.6078620">
    <ele>1747.8</ele>
   </trkpt>
   <trkpt lat="-36.6795670" lon="-70.6078900">
    <ele>1748.2</ele>
   </trkpt>
   <trkpt lat="-36.6795400" lon="-70.6079280">
    <ele>1748.4</ele>
   </trkpt>
   <trkpt lat="-36.6795160" lon="-70.6079700">
    <ele>1748.8</ele>
   </trkpt>
   <trkpt lat="-36.6794960" lon="-70.6080270">
    <ele>1749.2</ele>
   </trkpt>
   <trkpt lat="-36.6793490" lon="-70.6084340">
    <ele>1748.8</ele>
   </trkpt>
   <trkpt lat="-36.6792930" lon="-70.6086390">
    <ele>1748.6</ele>
   </trkpt>
   <trkpt lat="-36.6792450" lon="-70.6087380">
    <ele>1748.4</ele>
   </trkpt>
   <trkpt lat="-36.6790250" lon="-70.6091070">
    <ele>1748.6</ele>
   </trkpt>
   <trkpt lat="-36.6787820" lon="-70.6094770">
    <ele>1748.6</ele>
   </trkpt>
   <trkpt lat="-36.6785210" lon="-70.6098670">
    <ele>1746.8</ele>
   </trkpt>
   <trkpt lat="-36.6784310" lon="-70.6099310">
    <ele>1746.4</ele>
   </trkpt>
   <trkpt lat="-36.6783360" lon="-70.6099680">
    <ele>1745.8</ele>
   </trkpt>
   <trkpt lat="-36.6781510" lon="-70.6100030">
    <ele>1745.0</ele>
   </trkpt>
   <trkpt lat="-36.6777140" lon="-70.6099370">
    <ele>1744.0</ele>
   </trkpt>
   <trkpt lat="-36.6773160" lon="-70.6097580">
    <ele>1744.8</ele>
   </trkpt>
   <trkpt lat="-36.6770520" lon="-70.6094560">
    <ele>1745.2</ele>
   </trkpt>
   <trkpt lat="-36.6768600" lon="-70.6090590">
    <ele>1747.8</ele>
   </trkpt>
   <trkpt lat="-36.6766510" lon="-70.6086560">
    <ele>1751.6</ele>
   </trkpt>
   <trkpt lat="-36.6765460" lon="-70.6085260">
    <ele>1752.4</ele>
   </trkpt>
   <trkpt lat="-36.6765040" lon="-70.6084900">
    <ele>1752.4</ele>
   </trkpt>
   <trkpt lat="-36.6762650" lon="-70.6082410">
    <ele>1754.6</ele>
   </trkpt>
   <trkpt lat="-36.6762380" lon="-70.6082230">
    <ele>1754.6</ele>
   </trkpt>
   <trkpt lat="-36.6761540" lon="-70.6081650">
    <ele>1755.6</ele>
   </trkpt>
   <trkpt lat="-36.6761240" lon="-70.6081520">
    <ele>1755.6</ele>
   </trkpt>
   <trkpt lat="-36.6760950" lon="-70.6081410">
    <ele>1755.8</ele>
   </trkpt>
   <trkpt lat="-36.6760710" lon="-70.6081240">
    <ele>1755.8</ele>
   </trkpt>
   <trkpt lat="-36.6759630" lon="-70.6080570">
    <ele>1756.8</ele>
   </trkpt>
   <trkpt lat="-36.6757780" lon="-70.6079350">
    <ele>1758.0</ele>
   </trkpt>
   <trkpt lat="-36.6756050" lon="-70.6077620">
    <ele>1759.8</ele>
   </trkpt>
   <trkpt lat="-36.6755200" lon="-70.6076450">
    <ele>1760.6</ele>
   </trkpt>
   <trkpt lat="-36.6755000" lon="-70.6076120">
    <ele>1760.6</ele>
   </trkpt>
   <trkpt lat="-36.6753970" lon="-70.6074950">
    <ele>1761.2</ele>
   </trkpt>
   <trkpt lat="-36.6753660" lon="-70.6074780">
    <ele>1761.4</ele>
   </trkpt>
   <trkpt lat="-36.6752330" lon="-70.6074300">
    <ele>1761.8</ele>
   </trkpt>
   <trkpt lat="-36.6751990" lon="-70.6074300">
    <ele>1761.8</ele>
   </trkpt>
   <trkpt lat="-36.6751620" lon="-70.6074370">
    <ele>1762.0</ele>
   </trkpt>
   <trkpt lat="-36.6751240" lon="-70.6074540">
    <ele>1762.0</ele>
   </trkpt>
   <trkpt lat="-36.6750920" lon="-70.6074700">
    <ele>1762.2</ele>
   </trkpt>
   <trkpt lat="-36.6748650" lon="-70.6076610">
    <ele>1762.6</ele>
   </trkpt>
   <trkpt lat="-36.6748330" lon="-70.6076780">
    <ele>1762.4</ele>
   </trkpt>
   <trkpt lat="-36.6747980" lon="-70.6076860">
    <ele>1762.4</ele>
   </trkpt>
   <trkpt lat="-36.6747200" lon="-70.6077160">
    <ele>1762.2</ele>
   </trkpt>
   <trkpt lat="-36.6745100" lon="-70.6077560">
    <ele>1761.4</ele>
   </trkpt>
   <trkpt lat="-36.6741330" lon="-70.6077280">
    <ele>1760.6</ele>
   </trkpt>
   <trkpt lat="-36.6737570" lon="-70.6076900">
    <ele>1760.0</ele>
   </trkpt>
   <trkpt lat="-36.6735390" lon="-70.6075750">
    <ele>1759.2</ele>
   </trkpt>
   <trkpt lat="-36.6735020" lon="-70.6075260">
    <ele>1759.0</ele>
   </trkpt>
   <trkpt lat="-36.6734690" lon="-70.6074630">
    <ele>1758.8</ele>
   </trkpt>
   <trkpt lat="-36.6733610" lon="-70.6070780">
    <ele>1760.0</ele>
   </trkpt>
   <trkpt lat="-36.6733520" lon="-70.6070160">
    <ele>1760.0</ele>
   </trkpt>
   <trkpt lat="-36.6733310" lon="-70.6069590">
    <ele>1760.2</ele>
   </trkpt>
   <trkpt lat="-36.6732820" lon="-70.6068570">
    <ele>1760.2</ele>
   </trkpt>
   <trkpt lat="-36.6732390" lon="-70.6068230">
    <ele>1760.0</ele>
   </trkpt>
   <trkpt lat="-36.6731880" lon="-70.6068100">
    <ele>1760.0</ele>
   </trkpt>
   <trkpt lat="-36.6731300" lon="-70.6068160">
    <ele>1759.8</ele>
   </trkpt>
   <trkpt lat="-36.6730730" lon="-70.6068430">
    <ele>1760.0</ele>
   </trkpt>
   <trkpt lat="-36.6727390" lon="-70.6070570">
    <ele>1759.2</ele>
   </trkpt>
   <trkpt lat="-36.6724300" lon="-70.6072970">
    <ele>1758.0</ele>
   </trkpt>
   <trkpt lat="-36.6722050" lon="-70.6076090">
    <ele>1757.8</ele>
   </trkpt>
   <trkpt lat="-36.6721800" lon="-70.6076970">
    <ele>1757.6</ele>
   </trkpt>
   <trkpt lat="-36.6721670" lon="-70.6077920">
    <ele>1757.2</ele>
   </trkpt>
   <trkpt lat="-36.6721770" lon="-70.6078820">
    <ele>1756.8</ele>
   </trkpt>
   <trkpt lat="-36.6721950" lon="-70.6081620">
    <ele>1755.4</ele>
   </trkpt>
   <trkpt lat="-36.6721790" lon="-70.6082660">
    <ele>1755.2</ele>
   </trkpt>
   <trkpt lat="-36.6721490" lon="-70.6083660">
    <ele>1754.8</ele>
   </trkpt>
   <trkpt lat="-36.6719600" lon="-70.6088260">
    <ele>1751.8</ele>
   </trkpt>
   <trkpt lat="-36.6718630" lon="-70.6092880">
    <ele>1751.0</ele>
   </trkpt>
   <trkpt lat="-36.6718450" lon="-70.6097420">
    <ele>1752.0</ele>
   </trkpt>
   <trkpt lat="-36.6716430" lon="-70.6102300">
    <ele>1748.6</ele>
   </trkpt>
   <trkpt lat="-36.6713880" lon="-70.6105770">
    <ele>1746.6</ele>
   </trkpt>
   <trkpt lat="-36.6713010" lon="-70.6106350">
    <ele>1746.0</ele>
   </trkpt>
   <trkpt lat="-36.6708870" lon="-70.6107750">
    <ele>1743.0</ele>
   </trkpt>
   <trkpt lat="-36.6705050" lon="-70.6110050">
    <ele>1741.8</ele>
   </trkpt>
   <trkpt lat="-36.6701630" lon="-70.6112030">
    <ele>1740.2</ele>
   </trkpt>
   <trkpt lat="-36.6699740" lon="-70.6112340">
    <ele>1738.6</ele>
   </trkpt>
   <trkpt lat="-36.6698860" lon="-70.6112200">
    <ele>1738.0</ele>
   </trkpt>
   <trkpt lat="-36.6698020" lon="-70.6111860">
    <ele>1738.0</ele>
   </trkpt>
   <trkpt lat="-36.6697260" lon="-70.6111270">
    <ele>1737.8</ele>
   </trkpt>
   <trkpt lat="-36.6696720" lon="-70.6110470">
    <ele>1737.6</ele>
   </trkpt>
   <trkpt lat="-36.6696340" lon="-70.6109530">
    <ele>1737.4</ele>
   </trkpt>
   <trkpt lat="-36.6696110" lon="-70.6108510">
    <ele>1737.2</ele>
   </trkpt>
   <trkpt lat="-36.6695430" lon="-70.6104250">
    <ele>1737.2</ele>
   </trkpt>
   <trkpt lat="-36.6694970" lon="-70.6103310">
    <ele>1736.8</ele>
   </trkpt>
   <trkpt lat="-36.6694340" lon="-70.6102540">
    <ele>1736.2</ele>
   </trkpt>
   <trkpt lat="-36.6693600" lon="-70.6101930">
    <ele>1735.6</ele>
   </trkpt>
   <trkpt lat="-36.6690300" lon="-70.6099890">
    <ele>1734.2</ele>
   </trkpt>
   <trkpt lat="-36.6686820" lon="-70.6097690">
    <ele>1732.4</ele>
   </trkpt>
   <trkpt lat="-36.6682950" lon="-70.6094970">
    <ele>1729.6</ele>
   </trkpt>
   <trkpt lat="-36.6680910" lon="-70.6094150">
    <ele>1728.6</ele>
   </trkpt>
   <trkpt lat="-36.6679820" lon="-70.6094150">
    <ele>1728.0</ele>
   </trkpt>
   <trkpt lat="-36.6678800" lon="-70.6094370">
    <ele>1727.6</ele>
   </trkpt>
   <trkpt lat="-36.6674770" lon="-70.6096110">
    <ele>1726.2</ele>
   </trkpt>
   <trkpt lat="-36.6670670" lon="-70.6097320">
    <ele>1723.8</ele>
   </trkpt>
   <trkpt lat="-36.6666910" lon="-70.6097990">
    <ele>1721.4</ele>
   </trkpt>
   <trkpt lat="-36.6666170" lon="-70.6098420">
    <ele>1720.6</ele>
   </trkpt>
   <trkpt lat="-36.6665580" lon="-70.6099130">
    <ele>1719.4</ele>
   </trkpt>
   <trkpt lat="-36.6665200" lon="-70.6100060">
    <ele>1718.6</ele>
   </trkpt>
   <trkpt lat="-36.6665060" lon="-70.6101170">
    <ele>1717.6</ele>
   </trkpt>
   <trkpt lat="-36.6664300" lon="-70.6106050">
    <ele>1715.4</ele>
   </trkpt>
   <trkpt lat="-36.6663330" lon="-70.6108320">
    <ele>1714.6</ele>
   </trkpt>
   <trkpt lat="-36.6660570" lon="-70.6112380">
    <ele>1712.8</ele>
   </trkpt>
   <trkpt lat="-36.6659030" lon="-70.6114270">
    <ele>1711.0</ele>
   </trkpt>
   <trkpt lat="-36.6658080" lon="-70.6115380">
    <ele>1710.2</ele>
   </trkpt>
   <trkpt lat="-36.6654300" lon="-70.6119800">
    <ele>1708.4</ele>
   </trkpt>
   <trkpt lat="-36.6652190" lon="-70.6120860">
    <ele>1706.4</ele>
   </trkpt>
   <trkpt lat="-36.6651050" lon="-70.6120990">
    <ele>1705.4</ele>
   </trkpt>
   <trkpt lat="-36.6649960" lon="-70.6120950">
    <ele>1705.0</ele>
   </trkpt>
   <trkpt lat="-36.6648950" lon="-70.6120700">
    <ele>1705.0</ele>
   </trkpt>
   <trkpt lat="-36.6645210" lon="-70.6118830">
    <ele>1704.8</ele>
   </trkpt>
   <trkpt lat="-36.6641400" lon="-70.6115890">
    <ele>1701.6</ele>
   </trkpt>
   <trkpt lat="-36.6639420" lon="-70.6114530">
    <ele>1701.2</ele>
   </trkpt>
   <trkpt lat="-36.6638320" lon="-70.6114130">
    <ele>1700.6</ele>
   </trkpt>
   <trkpt lat="-36.6634070" lon="-70.6113530">
    <ele>1699.0</ele>
   </trkpt>
   <trkpt lat="-36.6629590" lon="-70.6112730">
    <ele>1696.8</ele>
   </trkpt>
   <trkpt lat="-36.6628380" lon="-70.6112740">
    <ele>1696.6</ele>
   </trkpt>
   <trkpt lat="-36.6627170" lon="-70.6113050">
    <ele>1695.4</ele>
   </trkpt>
   <trkpt lat="-36.6623640" lon="-70.6114330">
    <ele>1693.6</ele>
   </trkpt>
   <trkpt lat="-36.6620380" lon="-70.6116320">
    <ele>1691.8</ele>
   </trkpt>
   <trkpt lat="-36.6616320" lon="-70.6118100">
    <ele>1690.4</ele>
   </trkpt>
   <trkpt lat="-36.6615280" lon="-70.6118000">
    <ele>1690.0</ele>
   </trkpt>
   <trkpt lat="-36.6614330" lon="-70.6117720">
    <ele>1690.0</ele>
   </trkpt>
   <trkpt lat="-36.6613370" lon="-70.6117470">
    <ele>1689.8</ele>
   </trkpt>
   <trkpt lat="-36.6612280" lon="-70.6117510">
    <ele>1689.4</ele>
   </trkpt>
   <trkpt lat="-36.6611230" lon="-70.6117810">
    <ele>1689.4</ele>
   </trkpt>
   <trkpt lat="-36.6607140" lon="-70.6119170">
    <ele>1687.0</ele>
   </trkpt>
   <trkpt lat="-36.6602610" lon="-70.6118900">
    <ele>1685.6</ele>
   </trkpt>
   <trkpt lat="-36.6599030" lon="-70.6118500">
    <ele>1683.6</ele>
   </trkpt>
   <trkpt lat="-36.6596680" lon="-70.6118630">
    <ele>1681.8</ele>
   </trkpt>
   <trkpt lat="-36.6593210" lon="-70.6120220">
    <ele>1678.4</ele>
   </trkpt>
   <trkpt lat="-36.6589130" lon="-70.6122980">
    <ele>1675.8</ele>
   </trkpt>
   <trkpt lat="-36.6588090" lon="-70.6123320">
    <ele>1675.0</ele>
   </trkpt>
   <trkpt lat="-36.6583720" lon="-70.6123670">
    <ele>1673.0</ele>
   </trkpt>
   <trkpt lat="-36.6581390" lon="-70.6123350">
    <ele>1671.6</ele>
   </trkpt>
   <trkpt lat="-36.6580370" lon="-70.6122900">
    <ele>1671.2</ele>
   </trkpt>
   <trkpt lat="-36.6579520" lon="-70.6122210">
    <ele>1670.8</ele>
   </trkpt>
   <trkpt lat="-36.6575630" lon="-70.6119690">
    <ele>1667.0</ele>
   </trkpt>
   <trkpt lat="-36.6571740" lon="-70.6117500">
    <ele>1664.6</ele>
   </trkpt>
   <trkpt lat="-36.6570900" lon="-70.6117230">
    <ele>1664.4</ele>
   </trkpt>
   <trkpt lat="-36.6570030" lon="-70.6117330">
    <ele>1663.8</ele>
   </trkpt>
   <trkpt lat="-36.6569220" lon="-70.6117780">
    <ele>1663.6</ele>
   </trkpt>
   <trkpt lat="-36.6568530" lon="-70.6118510">
    <ele>1663.2</ele>
   </trkpt>
   <trkpt lat="-36.6567990" lon="-70.6119430">
    <ele>1663.2</ele>
   </trkpt>
   <trkpt lat="-36.6567550" lon="-70.6120500">
    <ele>1663.0</ele>
   </trkpt>
   <trkpt lat="-36.6565900" lon="-70.6124950">
    <ele>1661.6</ele>
   </trkpt>
   <trkpt lat="-36.6564040" lon="-70.6130330">
    <ele>1657.8</ele>
   </trkpt>
   <trkpt lat="-36.6563930" lon="-70.6134900">
    <ele>1655.8</ele>
   </trkpt>
   <trkpt lat="-36.6564580" lon="-70.6139040">
    <ele>1653.0</ele>
   </trkpt>
   <trkpt lat="-36.6565090" lon="-70.6140190">
    <ele>1651.8</ele>
   </trkpt>
   <trkpt lat="-36.6565920" lon="-70.6141170">
    <ele>1650.0</ele>
   </trkpt>
   <trkpt lat="-36.6567030" lon="-70.6141860">
    <ele>1649.2</ele>
   </trkpt>
   <trkpt lat="-36.6568260" lon="-70.6142270">
    <ele>1648.6</ele>
   </trkpt>
   <trkpt lat="-36.6572040" lon="-70.6142580">
    <ele>1646.0</ele>
   </trkpt>
   <trkpt lat="-36.6576570" lon="-70.6141670">
    <ele>1643.8</ele>
   </trkpt>
   <trkpt lat="-36.6578700" lon="-70.6141520">
    <ele>1642.2</ele>
   </trkpt>
   <trkpt lat="-36.6579770" lon="-70.6141860">
    <ele>1641.8</ele>
   </trkpt>
   <trkpt lat="-36.6580810" lon="-70.6142430">
    <ele>1641.4</ele>
   </trkpt>
   <trkpt lat="-36.6581760" lon="-70.6143280">
    <ele>1641.0</ele>
   </trkpt>
   <trkpt lat="-36.6583530" lon="-70.6145380">
    <ele>1640.0</ele>
   </trkpt>
   <trkpt lat="-36.6584150" lon="-70.6146640">
    <ele>1639.6</ele>
   </trkpt>
   <trkpt lat="-36.6584520" lon="-70.6147890">
    <ele>1639.0</ele>
   </trkpt>
   <trkpt lat="-36.6584720" lon="-70.6149140">
    <ele>1638.4</ele>
   </trkpt>
   <trkpt lat="-36.6584630" lon="-70.6150370">
    <ele>1638.0</ele>
   </trkpt>
   <trkpt lat="-36.6584250" lon="-70.6151510">
    <ele>1637.4</ele>
   </trkpt>
   <trkpt lat="-36.6583600" lon="-70.6152480">
    <ele>1636.8</ele>
   </trkpt>
   <trkpt lat="-36.6582810" lon="-70.6153250">
    <ele>1635.8</ele>
   </trkpt>
   <trkpt lat="-36.6581850" lon="-70.6153740">
    <ele>1634.6</ele>
   </trkpt>
   <trkpt lat="-36.6580810" lon="-70.6153960">
    <ele>1633.6</ele>
   </trkpt>
   <trkpt lat="-36.6578600" lon="-70.6154170">
    <ele>1632.4</ele>
   </trkpt>
   <trkpt lat="-36.6577630" lon="-70.6154760">
    <ele>1631.8</ele>
   </trkpt>
   <trkpt lat="-36.6576750" lon="-70.6155630">
    <ele>1631.6</ele>
   </trkpt>
   <trkpt lat="-36.6575840" lon="-70.6156400">
    <ele>1631.0</ele>
   </trkpt>
   <trkpt lat="-36.6574760" lon="-70.6156910">
    <ele>1630.2</ele>
   </trkpt>
   <trkpt lat="-36.6573560" lon="-70.6157170">
    <ele>1629.4</ele>
   </trkpt>
   <trkpt lat="-36.6569980" lon="-70.6158350">
    <ele>1626.8</ele>
   </trkpt>
   <trkpt lat="-36.6566700" lon="-70.6160180">
    <ele>1625.6</ele>
   </trkpt>
   <trkpt lat="-36.6563200" lon="-70.6161470">
    <ele>1624.0</ele>
   </trkpt>
   <trkpt lat="-36.6561970" lon="-70.6161450">
    <ele>1623.2</ele>
   </trkpt>
   <trkpt lat="-36.6560830" lon="-70.6161020">
    <ele>1623.2</ele>
   </trkpt>
   <trkpt lat="-36.6559790" lon="-70.6160250">
    <ele>1622.4</ele>
   </trkpt>
   <trkpt lat="-36.6557600" lon="-70.6158810">
    <ele>1620.8</ele>
   </trkpt>
   <trkpt lat="-36.6556410" lon="-70.6158450">
    <ele>1620.4</ele>
   </trkpt>
   <trkpt lat="-36.6555180" lon="-70.6158350">
    <ele>1619.6</ele>
   </trkpt>
   <trkpt lat="-36.6552780" lon="-70.6158010">
    <ele>1617.8</ele>
   </trkpt>
   <trkpt lat="-36.6551680" lon="-70.6157390">
    <ele>1616.8</ele>
   </trkpt>
   <trkpt lat="-36.6550750" lon="-70.6156500">
    <ele>1615.6</ele>
   </trkpt>
   <trkpt lat="-36.6549890" lon="-70.6155710">
    <ele>1614.6</ele>
   </trkpt>
   <trkpt lat="-36.6548880" lon="-70.6155240">
    <ele>1613.6</ele>
   </trkpt>
   <trkpt lat="-36.6547860" lon="-70.6155210">
    <ele>1612.8</ele>
   </trkpt>
   <trkpt lat="-36.6546930" lon="-70.6155600">
    <ele>1611.8</ele>
   </trkpt>
   <trkpt lat="-36.6546190" lon="-70.6156420">
    <ele>1611.4</ele>
   </trkpt>
   <trkpt lat="-36.6544810" lon="-70.6158150">
    <ele>1610.6</ele>
   </trkpt>
   <trkpt lat="-36.6544020" lon="-70.6158540">
    <ele>1609.6</ele>
   </trkpt>
   <trkpt lat="-36.6543230" lon="-70.6158500">
    <ele>1608.8</ele>
   </trkpt>
   <trkpt lat="-36.6542560" lon="-70.6158110">
    <ele>1608.6</ele>
   </trkpt>
   <trkpt lat="-36.6542000" lon="-70.6157470">
    <ele>1608.4</ele>
   </trkpt>
   <trkpt lat="-36.6539670" lon="-70.6154280">
    <ele>1607.0</ele>
   </trkpt>
   <trkpt lat="-36.6538880" lon="-70.6153890">
    <ele>1606.6</ele>
   </trkpt>
   <trkpt lat="-36.6538120" lon="-70.6153710">
    <ele>1606.4</ele>
   </trkpt>
   <trkpt lat="-36.6537430" lon="-70.6153890">
    <ele>1606.2</ele>
   </trkpt>
   <trkpt lat="-36.6536780" lon="-70.6154210">
    <ele>1606.2</ele>
   </trkpt>
   <trkpt lat="-36.6533260" lon="-70.6155820">
    <ele>1606.8</ele>
   </trkpt>
   <trkpt lat="-36.6532830" lon="-70.6156190">
    <ele>1607.4</ele>
   </trkpt>
   <trkpt lat="-36.6532400" lon="-70.6156570">
    <ele>1607.4</ele>
   </trkpt>
   <trkpt lat="-36.6532070" lon="-70.6156980">
    <ele>1608.0</ele>
   </trkpt>
   <trkpt lat="-36.6529810" lon="-70.6159220">
    <ele>1609.0</ele>
   </trkpt>
   <trkpt lat="-36.6527340" lon="-70.6160580">
    <ele>1609.0</ele>
   </trkpt>
   <trkpt lat="-36.6524890" lon="-70.6160890">
    <ele>1609.6</ele>
   </trkpt>
   <trkpt lat="-36.6523270" lon="-70.6161600">
    <ele>1609.6</ele>
   </trkpt>
   <trkpt lat="-36.6521290" lon="-70.6163110">
    <ele>1610.2</ele>
   </trkpt>
   <trkpt lat="-36.6520790" lon="-70.6163180">
    <ele>1610.2</ele>
   </trkpt>
   <trkpt lat="-36.6520280" lon="-70.6163150">
    <ele>1610.2</ele>
   </trkpt>
   <trkpt lat="-36.6519800" lon="-70.6163070">
    <ele>1610.2</ele>
   </trkpt>
   <trkpt lat="-36.6516410" lon="-70.6162380">
    <ele>1613.0</ele>
   </trkpt>
   <trkpt lat="-36.6515670" lon="-70.6162230">
    <ele>1613.8</ele>
   </trkpt>
   <trkpt lat="-36.6515230" lon="-70.6162260">
    <ele>1614.2</ele>
   </trkpt>
   <trkpt lat="-36.6514830" lon="-70.6162210">
    <ele>1614.4</ele>
   </trkpt>
   <trkpt lat="-36.6513310" lon="-70.6162050">
    <ele>1616.4</ele>
   </trkpt>
   <trkpt lat="-36.6512930" lon="-70.6162070">
    <ele>1617.0</ele>
   </trkpt>
   <trkpt lat="-36.6512570" lon="-70.6162000">
    <ele>1617.2</ele>
   </trkpt>
   <trkpt lat="-36.6511390" lon="-70.6161600">
    <ele>1617.8</ele>
   </trkpt>
   <trkpt lat="-36.6510960" lon="-70.6161420">
    <ele>1618.0</ele>
   </trkpt>
   <trkpt lat="-36.6508780" lon="-70.6160590">
    <ele>1618.8</ele>
   </trkpt>
   <trkpt lat="-36.6508320" lon="-70.6160590">
    <ele>1619.0</ele>
   </trkpt>
   <trkpt lat="-36.6505770" lon="-70.6160820">
    <ele>1619.6</ele>
   </trkpt>
   <trkpt lat="-36.6505410" lon="-70.6160800">
    <ele>1619.8</ele>
   </trkpt>
   <trkpt lat="-36.6502220" lon="-70.6160490">
    <ele>1623.0</ele>
   </trkpt>
   <trkpt lat="-36.6500060" lon="-70.6159100">
    <ele>1625.6</ele>
   </trkpt>
   <trkpt lat="-36.6499840" lon="-70.6158890">
    <ele>1626.0</ele>
   </trkpt>
   <trkpt lat="-36.6496390" lon="-70.6156980">
    <ele>1630.4</ele>
   </trkpt>
   <trkpt lat="-36.6493320" lon="-70.6154160">
    <ele>1634.6</ele>
   </trkpt>
   <trkpt lat="-36.6492470" lon="-70.6153010">
    <ele>1635.6</ele>
   </trkpt>
   <trkpt lat="-36.6492000" lon="-70.6152480">
    <ele>1635.8</ele>
   </trkpt>
   <trkpt lat="-36.6491720" lon="-70.6152240">
    <ele>1636.0</ele>
   </trkpt>
   <trkpt lat="-36.6490950" lon="-70.6151610">
    <ele>1636.6</ele>
   </trkpt>
   <trkpt lat="-36.6490220" lon="-70.6150980">
    <ele>1637.0</ele>
   </trkpt>
   <trkpt lat="-36.6489970" lon="-70.6150740">
    <ele>1637.2</ele>
   </trkpt>
   <trkpt lat="-36.6489710" lon="-70.6150550">
    <ele>1637.6</ele>
   </trkpt>
   <trkpt lat="-36.6489460" lon="-70.6150300">
    <ele>1637.8</ele>
   </trkpt>
   <trkpt lat="-36.6488970" lon="-70.6149940">
    <ele>1638.0</ele>
   </trkpt>
   <trkpt lat="-36.6488370" lon="-70.6149610">
    <ele>1638.6</ele>
   </trkpt>
   <trkpt lat="-36.6487460" lon="-70.6149090">
    <ele>1639.2</ele>
   </trkpt>
   <trkpt lat="-36.6486290" lon="-70.6148670">
    <ele>1640.2</ele>
   </trkpt>
   <trkpt lat="-36.6485140" lon="-70.6148710">
    <ele>1641.4</ele>
   </trkpt>
   <trkpt lat="-36.6484890" lon="-70.6148800">
    <ele>1641.6</ele>
   </trkpt>
   <trkpt lat="-36.6484590" lon="-70.6148880">
    <ele>1641.8</ele>
   </trkpt>
   <trkpt lat="-36.6484330" lon="-70.6149070">
    <ele>1642.0</ele>
   </trkpt>
   <trkpt lat="-36.6484170" lon="-70.6149360">
    <ele>1642.4</ele>
   </trkpt>
   <trkpt lat="-36.6484020" lon="-70.6149690">
    <ele>1642.6</ele>
   </trkpt>
   <trkpt lat="-36.6483940" lon="-70.6150020">
    <ele>1643.0</ele>
   </trkpt>
   <trkpt lat="-36.6483980" lon="-70.6150400">
    <ele>1643.6</ele>
   </trkpt>
   <trkpt lat="-36.6484030" lon="-70.6150760">
    <ele>1644.0</ele>
   </trkpt>
   <trkpt lat="-36.6484020" lon="-70.6151110">
    <ele>1644.4</ele>
   </trkpt>
   <trkpt lat="-36.6484050" lon="-70.6151500">
    <ele>1644.8</ele>
   </trkpt>
   <trkpt lat="-36.6484160" lon="-70.6151860">
    <ele>1645.2</ele>
   </trkpt>
   <trkpt lat="-36.6484270" lon="-70.6152260">
    <ele>1645.6</ele>
   </trkpt>
   <trkpt lat="-36.6484460" lon="-70.6152640">
    <ele>1645.8</ele>
   </trkpt>
   <trkpt lat="-36.6484820" lon="-70.6153450">
    <ele>1646.0</ele>
   </trkpt>
   <trkpt lat="-36.6485110" lon="-70.6153820">
    <ele>1646.0</ele>
   </trkpt>
   <trkpt lat="-36.6485770" lon="-70.6154570">
    <ele>1646.2</ele>
   </trkpt>
   <trkpt lat="-36.6486130" lon="-70.6154880">
    <ele>1646.2</ele>
   </trkpt>
   <trkpt lat="-36.6489120" lon="-70.6156430">
    <ele>1646.2</ele>
   </trkpt>
   <trkpt lat="-36.6490720" lon="-70.6157010">
    <ele>1646.6</ele>
   </trkpt>
   <trkpt lat="-36.6491070" lon="-70.6157210">
    <ele>1646.8</ele>
   </trkpt>
   <trkpt lat="-36.6491720" lon="-70.6157570">
    <ele>1647.2</ele>
   </trkpt>
   <trkpt lat="-36.6492300" lon="-70.6158060">
    <ele>1648.0</ele>
   </trkpt>
   <trkpt lat="-36.6492480" lon="-70.6158460">
    <ele>1648.0</ele>
   </trkpt>
   <trkpt lat="-36.6492540" lon="-70.6158880">
    <ele>1648.4</ele>
   </trkpt>
   <trkpt lat="-36.6492550" lon="-70.6159310">
    <ele>1648.8</ele>
   </trkpt>
   <trkpt lat="-36.6492420" lon="-70.6159680">
    <ele>1649.2</ele>
   </trkpt>
   <trkpt lat="-36.6492170" lon="-70.6159950">
    <ele>1649.6</ele>
   </trkpt>
   <trkpt lat="-36.6491960" lon="-70.6160180">
    <ele>1649.6</ele>
   </trkpt>
   <trkpt lat="-36.6491660" lon="-70.6160330">
    <ele>1649.8</ele>
   </trkpt>
   <trkpt lat="-36.6491340" lon="-70.6160470">
    <ele>1649.8</ele>
   </trkpt>
   <trkpt lat="-36.6490990" lon="-70.6160630">
    <ele>1650.0</ele>
   </trkpt>
   <trkpt lat="-36.6490690" lon="-70.6160830">
    <ele>1650.4</ele>
   </trkpt>
   <trkpt lat="-36.6490400" lon="-70.6161040">
    <ele>1650.8</ele>
   </trkpt>
   <trkpt lat="-36.6489920" lon="-70.6161280">
    <ele>1651.2</ele>
   </trkpt>
   <trkpt lat="-36.6489710" lon="-70.6161480">
    <ele>1651.4</ele>
   </trkpt>
   <trkpt lat="-36.6489540" lon="-70.6161710">
    <ele>1651.8</ele>
   </trkpt>
   <trkpt lat="-36.6488970" lon="-70.6162380">
    <ele>1652.8</ele>
   </trkpt>
   <trkpt lat="-36.6488730" lon="-70.6162540">
    <ele>1653.2</ele>
   </trkpt>
   <trkpt lat="-36.6488490" lon="-70.6162750">
    <ele>1653.6</ele>
   </trkpt>
   <trkpt lat="-36.6488210" lon="-70.6162910">
    <ele>1653.8</ele>
   </trkpt>
   <trkpt lat="-36.6487700" lon="-70.6163150">
    <ele>1654.6</ele>
   </trkpt>
   <trkpt lat="-36.6487240" lon="-70.6163330">
    <ele>1655.2</ele>
   </trkpt>
   <trkpt lat="-36.6487000" lon="-70.6163370">
    <ele>1655.6</ele>
   </trkpt>
   <trkpt lat="-36.6486490" lon="-70.6163500">
    <ele>1656.4</ele>
   </trkpt>
   <trkpt lat="-36.6486210" lon="-70.6163490">
    <ele>1656.8</ele>
   </trkpt>
   <trkpt lat="-36.6485600" lon="-70.6163510">
    <ele>1657.4</ele>
   </trkpt>
   <trkpt lat="-36.6485310" lon="-70.6163460">
    <ele>1657.8</ele>
   </trkpt>
   <trkpt lat="-36.6484510" lon="-70.6163300">
    <ele>1658.8</ele>
   </trkpt>
   <trkpt lat="-36.6484250" lon="-70.6163120">
    <ele>1659.0</ele>
   </trkpt>
   <trkpt lat="-36.6483750" lon="-70.6162880">
    <ele>1659.6</ele>
   </trkpt>
   <trkpt lat="-36.6483510" lon="-70.6162730">
    <ele>1660.2</ele>
   </trkpt>
   <trkpt lat="-36.6482930" lon="-70.6162490">
    <ele>1660.8</ele>
   </trkpt>
   <trkpt lat="-36.6482740" lon="-70.6162340">
    <ele>1661.2</ele>
   </trkpt>
   <trkpt lat="-36.6482480" lon="-70.6162220">
    <ele>1661.6</ele>
   </trkpt>
   <trkpt lat="-36.6481960" lon="-70.6162040">
    <ele>1662.2</ele>
   </trkpt>
   <trkpt lat="-36.6481710" lon="-70.6161980">
    <ele>1662.6</ele>
   </trkpt>
   <trkpt lat="-36.6481140" lon="-70.6161780">
    <ele>1663.2</ele>
   </trkpt>
   <trkpt lat="-36.6480570" lon="-70.6161500">
    <ele>1663.8</ele>
   </trkpt>
   <trkpt lat="-36.6476710" lon="-70.6160670">
    <ele>1667.0</ele>
   </trkpt>
   <trkpt lat="-36.6475330" lon="-70.6160470">
    <ele>1668.2</ele>
   </trkpt>
   <trkpt lat="-36.6474680" lon="-70.6160240">
    <ele>1668.4</ele>
   </trkpt>
   <trkpt lat="-36.6474300" lon="-70.6160190">
    <ele>1668.6</ele>
   </trkpt>
   <trkpt lat="-36.6473560" lon="-70.6160050">
    <ele>1669.2</ele>
   </trkpt>
   <trkpt lat="-36.6473180" lon="-70.6160060">
    <ele>1669.4</ele>
   </trkpt>
   <trkpt lat="-36.6472420" lon="-70.6160070">
    <ele>1669.8</ele>
   </trkpt>
   <trkpt lat="-36.6472030" lon="-70.6160000">
    <ele>1669.8</ele>
   </trkpt>
   <trkpt lat="-36.6468230" lon="-70.6159640">
    <ele>1671.2</ele>
   </trkpt>
   <trkpt lat="-36.6464520" lon="-70.6158680">
    <ele>1672.0</ele>
   </trkpt>
   <trkpt lat="-36.6463690" lon="-70.6158400">
    <ele>1672.4</ele>
   </trkpt>
   <trkpt lat="-36.6463350" lon="-70.6158120">
    <ele>1672.8</ele>
   </trkpt>
   <trkpt lat="-36.6462510" lon="-70.6157630">
    <ele>1673.6</ele>
   </trkpt>
   <trkpt lat="-36.6462120" lon="-70.6157320">
    <ele>1673.6</ele>
   </trkpt>
   <trkpt lat="-36.6458750" lon="-70.6154790">
    <ele>1674.4</ele>
   </trkpt>
   <trkpt lat="-36.6456100" lon="-70.6151840">
    <ele>1675.0</ele>
   </trkpt>
   <trkpt lat="-36.6455820" lon="-70.6151310">
    <ele>1675.2</ele>
   </trkpt>
   <trkpt lat="-36.6453550" lon="-70.6147160">
    <ele>1676.2</ele>
   </trkpt>
   <trkpt lat="-36.6452050" lon="-70.6145480">
    <ele>1677.4</ele>
   </trkpt>
   <trkpt lat="-36.6449680" lon="-70.6142010">
    <ele>1679.0</ele>
   </trkpt>
   <trkpt lat="-36.6448450" lon="-70.6140430">
    <ele>1680.2</ele>
   </trkpt>
   <trkpt lat="-36.6445840" lon="-70.6136900">
    <ele>1682.2</ele>
   </trkpt>
   <trkpt lat="-36.6444950" lon="-70.6135810">
    <ele>1683.4</ele>
   </trkpt>
   <trkpt lat="-36.6442510" lon="-70.6133070">
    <ele>1684.4</ele>
   </trkpt>
   <trkpt lat="-36.6442150" lon="-70.6132800">
    <ele>1684.6</ele>
   </trkpt>
   <trkpt lat="-36.6439800" lon="-70.6131450">
    <ele>1686.6</ele>
   </trkpt>
   <trkpt lat="-36.6439430" lon="-70.6131500">
    <ele>1686.8</ele>
   </trkpt>
   <trkpt lat="-36.6439050" lon="-70.6131620">
    <ele>1687.2</ele>
   </trkpt>
   <trkpt lat="-36.6438390" lon="-70.6132040">
    <ele>1687.6</ele>
   </trkpt>
   <trkpt lat="-36.6438100" lon="-70.6132330">
    <ele>1687.6</ele>
   </trkpt>
   <trkpt lat="-36.6437570" lon="-70.6132930">
    <ele>1688.0</ele>
   </trkpt>
   <trkpt lat="-36.6436650" lon="-70.6134830">
    <ele>1689.8</ele>
   </trkpt>
   <trkpt lat="-36.6436240" lon="-70.6136210">
    <ele>1690.4</ele>
   </trkpt>
   <trkpt lat="-36.6436180" lon="-70.6136700">
    <ele>1690.6</ele>
   </trkpt>
   <trkpt lat="-36.6435500" lon="-70.6141220">
    <ele>1691.0</ele>
   </trkpt>
   <trkpt lat="-36.6435010" lon="-70.6143940">
    <ele>1691.0</ele>
   </trkpt>
   <trkpt lat="-36.6434180" lon="-70.6148520">
    <ele>1690.8</ele>
   </trkpt>
   <trkpt lat="-36.6433300" lon="-70.6153000">
    <ele>1691.6</ele>
   </trkpt>
   <trkpt lat="-36.6432850" lon="-70.6155120">
    <ele>1692.0</ele>
   </trkpt>
   <trkpt lat="-36.6432790" lon="-70.6155650">
    <ele>1692.2</ele>
   </trkpt>
   <trkpt lat="-36.6432190" lon="-70.6157770">
    <ele>1692.8</ele>
   </trkpt>
   <trkpt lat="-36.6431830" lon="-70.6158840">
    <ele>1693.0</ele>
   </trkpt>
   <trkpt lat="-36.6431020" lon="-70.6161680">
    <ele>1694.0</ele>
   </trkpt>
   <trkpt lat="-36.6430820" lon="-70.6162170">
    <ele>1694.2</ele>
   </trkpt>
   <trkpt lat="-36.6428940" lon="-70.6165990">
    <ele>1695.4</ele>
   </trkpt>
   <trkpt lat="-36.6428700" lon="-70.6166440">
    <ele>1695.6</ele>
   </trkpt>
   <trkpt lat="-36.6428420" lon="-70.6166800">
    <ele>1695.6</ele>
   </trkpt>
   <trkpt lat="-36.6426020" lon="-70.6169270">
    <ele>1697.2</ele>
   </trkpt>
   <trkpt lat="-36.6425680" lon="-70.6169470">
    <ele>1697.4</ele>
   </trkpt>
   <trkpt lat="-36.6423780" lon="-70.6170450">
    <ele>1698.4</ele>
   </trkpt>
   <trkpt lat="-36.6420710" lon="-70.6172160">
    <ele>1700.2</ele>
   </trkpt>
   <trkpt lat="-36.6420350" lon="-70.6172340">
    <ele>1700.4</ele>
   </trkpt>
   <trkpt lat="-36.6419980" lon="-70.6172460">
    <ele>1700.8</ele>
   </trkpt>
   <trkpt lat="-36.6417180" lon="-70.6173490">
    <ele>1702.2</ele>
   </trkpt>
   <trkpt lat="-36.6414940" lon="-70.6174110">
    <ele>1703.2</ele>
   </trkpt>
   <trkpt lat="-36.6414120" lon="-70.6174370">
    <ele>1703.4</ele>
   </trkpt>
   <trkpt lat="-36.6410510" lon="-70.6175960">
    <ele>1705.2</ele>
   </trkpt>
   <trkpt lat="-36.6407360" lon="-70.6178240">
    <ele>1707.6</ele>
   </trkpt>
   <trkpt lat="-36.6405770" lon="-70.6180110">
    <ele>1708.4</ele>
   </trkpt>
   <trkpt lat="-36.6404890" lon="-70.6182680">
    <ele>1709.8</ele>
   </trkpt>
   <trkpt lat="-36.6404830" lon="-70.6183160">
    <ele>1710.2</ele>
   </trkpt>
   <trkpt lat="-36.6404720" lon="-70.6185930">
    <ele>1711.6</ele>
   </trkpt>
   <trkpt lat="-36.6404600" lon="-70.6186450">
    <ele>1711.6</ele>
   </trkpt>
   <trkpt lat="-36.6403600" lon="-70.6191080">
    <ele>1713.2</ele>
   </trkpt>
   <trkpt lat="-36.6402900" lon="-70.6193060">
    <ele>1714.6</ele>
   </trkpt>
   <trkpt lat="-36.6402630" lon="-70.6193500">
    <ele>1715.0</ele>
   </trkpt>
   <trkpt lat="-36.6402420" lon="-70.6194000">
    <ele>1715.2</ele>
   </trkpt>
   <trkpt lat="-36.6399830" lon="-70.6196670">
    <ele>1715.8</ele>
   </trkpt>
   <trkpt lat="-36.6399390" lon="-70.6196730">
    <ele>1715.8</ele>
   </trkpt>
   <trkpt lat="-36.6395720" lon="-70.6197180">
    <ele>1716.2</ele>
   </trkpt>
   <trkpt lat="-36.6391900" lon="-70.6197360">
    <ele>1717.0</ele>
   </trkpt>
   <trkpt lat="-36.6387940" lon="-70.6197560">
    <ele>1718.6</ele>
   </trkpt>
   <trkpt lat="-36.6384010" lon="-70.6197240">
    <ele>1720.4</ele>
   </trkpt>
   <trkpt lat="-36.6380420" lon="-70.6196610">
    <ele>1722.6</ele>
   </trkpt>
   <trkpt lat="-36.6379230" lon="-70.6196130">
    <ele>1722.8</ele>
   </trkpt>
   <trkpt lat="-36.6376950" lon="-70.6194460">
    <ele>1725.4</ele>
   </trkpt>
   <trkpt lat="-36.6376190" lon="-70.6193080">
    <ele>1726.0</ele>
   </trkpt>
   <trkpt lat="-36.6375990" lon="-70.6192580">
    <ele>1726.0</ele>
   </trkpt>
   <trkpt lat="-36.6375870" lon="-70.6192000">
    <ele>1726.2</ele>
   </trkpt>
   <trkpt lat="-36.6375810" lon="-70.6191400">
    <ele>1726.4</ele>
   </trkpt>
   <trkpt lat="-36.6375840" lon="-70.6190760">
    <ele>1726.4</ele>
   </trkpt>
   <trkpt lat="-36.6376560" lon="-70.6186010">
    <ele>1725.4</ele>
   </trkpt>
   <trkpt lat="-36.6377780" lon="-70.6181150">
    <ele>1723.4</ele>
   </trkpt>
   <trkpt lat="-36.6378700" lon="-70.6176150">
    <ele>1722.8</ele>
   </trkpt>
   <trkpt lat="-36.6379140" lon="-70.6170880">
    <ele>1722.2</ele>
   </trkpt>
   <trkpt lat="-36.6379010" lon="-70.6165730">
    <ele>1722.8</ele>
   </trkpt>
   <trkpt lat="-36.6379250" lon="-70.6160960">
    <ele>1721.8</ele>
   </trkpt>
   <trkpt lat="-36.6380770" lon="-70.6155850">
    <ele>1722.0</ele>
   </trkpt>
   <trkpt lat="-36.6381900" lon="-70.6150560">
    <ele>1720.8</ele>
   </trkpt>
   <trkpt lat="-36.6382550" lon="-70.6145530">
    <ele>1721.4</ele>
   </trkpt>
   <trkpt lat="-36.6382280" lon="-70.6141200">
    <ele>1720.2</ele>
   </trkpt>
   <trkpt lat="-36.6380850" lon="-70.6136070">
    <ele>1718.6</ele>
   </trkpt>
   <trkpt lat="-36.6378820" lon="-70.6131330">
    <ele>1718.4</ele>
   </trkpt>
   <trkpt lat="-36.6376610" lon="-70.6126980">
    <ele>1718.4</ele>
   </trkpt>
   <trkpt lat="-36.6373730" lon="-70.6124190">
    <ele>1719.2</ele>
   </trkpt>
   <trkpt lat="-36.6370750" lon="-70.6121250">
    <ele>1718.6</ele>
   </trkpt>
   <trkpt lat="-36.6368210" lon="-70.6117020">
    <ele>1718.6</ele>
   </trkpt>
   <trkpt lat="-36.6365700" lon="-70.6112580">
    <ele>1718.6</ele>
   </trkpt>
   <trkpt lat="-36.6363000" lon="-70.6108760">
    <ele>1719.0</ele>
   </trkpt>
   <trkpt lat="-36.6359980" lon="-70.6105740">
    <ele>1718.2</ele>
   </trkpt>
   <trkpt lat="-36.6356390" lon="-70.6103170">
    <ele>1717.8</ele>
   </trkpt>
   <trkpt lat="-36.6353030" lon="-70.6100240">
    <ele>1715.8</ele>
   </trkpt>
   <trkpt lat="-36.6349320" lon="-70.6097580">
    <ele>1715.4</ele>
   </trkpt>
   <trkpt lat="-36.6346090" lon="-70.6095560">
    <ele>1716.6</ele>
   </trkpt>
   <trkpt lat="-36.6342920" lon="-70.6092870">
    <ele>1716.2</ele>
   </trkpt>
   <trkpt lat="-36.6339800" lon="-70.6090020">
    <ele>1715.4</ele>
   </trkpt>
   <trkpt lat="-36.6336580" lon="-70.6087970">
    <ele>1713.4</ele>
   </trkpt>
   <trkpt lat="-36.6333050" lon="-70.6086030">
    <ele>1713.8</ele>
   </trkpt>
   <trkpt lat="-36.6332300" lon="-70.6085730">
    <ele>1713.8</ele>
   </trkpt>
   <trkpt lat="-36.6331580" lon="-70.6085270">
    <ele>1713.6</ele>
   </trkpt>
   <trkpt lat="-36.6327670" lon="-70.6082830">
    <ele>1711.8</ele>
   </trkpt>
   <trkpt lat="-36.6324260" lon="-70.6080430">
    <ele>1709.8</ele>
   </trkpt>
   <trkpt lat="-36.6322300" lon="-70.6079750">
    <ele>1708.2</ele>
   </trkpt>
   <trkpt lat="-36.6321240" lon="-70.6079730">
    <ele>1707.6</ele>
   </trkpt>
   <trkpt lat="-36.6320220" lon="-70.6080030">
    <ele>1707.2</ele>
   </trkpt>
   <trkpt lat="-36.6316190" lon="-70.6081860">
    <ele>1706.6</ele>
   </trkpt>
   <trkpt lat="-36.6315190" lon="-70.6082160">
    <ele>1705.6</ele>
   </trkpt>
   <trkpt lat="-36.6314150" lon="-70.6082230">
    <ele>1705.0</ele>
   </trkpt>
   <trkpt lat="-36.6309810" lon="-70.6081550">
    <ele>1703.2</ele>
   </trkpt>
   <trkpt lat="-36.6305780" lon="-70.6080540">
    <ele>1701.6</ele>
   </trkpt>
   <trkpt lat="-36.6302010" lon="-70.6079250">
    <ele>1701.0</ele>
   </trkpt>
   <trkpt lat="-36.6298090" lon="-70.6076830">
    <ele>1699.8</ele>
   </trkpt>
   <trkpt lat="-36.6294520" lon="-70.6073860">
    <ele>1696.8</ele>
   </trkpt>
   <trkpt lat="-36.6294040" lon="-70.6073290">
    <ele>1695.6</ele>
   </trkpt>
   <trkpt lat="-36.6293490" lon="-70.6072990">
    <ele>1694.6</ele>
   </trkpt>
   <trkpt lat="-36.6292980" lon="-70.6073080">
    <ele>1693.6</ele>
   </trkpt>
   <trkpt lat="-36.6292600" lon="-70.6073450">
    <ele>1693.0</ele>
   </trkpt>
   <trkpt lat="-36.6292520" lon="-70.6073960">
    <ele>1692.2</ele>
   </trkpt>
   <trkpt lat="-36.6292580" lon="-70.6074590">
    <ele>1691.2</ele>
   </trkpt>
   <trkpt lat="-36.6292770" lon="-70.6075230">
    <ele>1691.0</ele>
   </trkpt>
   <trkpt lat="-36.6294380" lon="-70.6079810">
    <ele>1688.2</ele>
   </trkpt>
   <trkpt lat="-36.6295100" lon="-70.6082950">
    <ele>1684.6</ele>
   </trkpt>
   <trkpt lat="-36.6295040" lon="-70.6083970">
    <ele>1684.0</ele>
   </trkpt>
   <trkpt lat="-36.6294800" lon="-70.6084850">
    <ele>1683.8</ele>
   </trkpt>
   <trkpt lat="-36.6294380" lon="-70.6085510">
    <ele>1683.6</ele>
   </trkpt>
   <trkpt lat="-36.6293820" lon="-70.6085950">
    <ele>1682.4</ele>
   </trkpt>
   <trkpt lat="-36.6293060" lon="-70.6086280">
    <ele>1681.4</ele>
   </trkpt>
   <trkpt lat="-36.6290580" lon="-70.6087160">
    <ele>1678.0</ele>
   </trkpt>
   <trkpt lat="-36.6289870" lon="-70.6087090">
    <ele>1677.0</ele>
   </trkpt>
   <trkpt lat="-36.6289290" lon="-70.6086900">
    <ele>1677.0</ele>
   </trkpt>
   <trkpt lat="-36.6288780" lon="-70.6086710">
    <ele>1677.4</ele>
   </trkpt>
   <trkpt lat="-36.6286600" lon="-70.6084680">
    <ele>1679.0</ele>
   </trkpt>
   <trkpt lat="-36.6286310" lon="-70.6084250">
    <ele>1679.2</ele>
   </trkpt>
   <trkpt lat="-36.6284110" lon="-70.6080450">
    <ele>1681.0</ele>
   </trkpt>
   <trkpt lat="-36.6283620" lon="-70.6079750">
    <ele>1681.6</ele>
   </trkpt>
   <trkpt lat="-36.6282880" lon="-70.6078690">
    <ele>1682.4</ele>
   </trkpt>
   <trkpt lat="-36.6282400" lon="-70.6077840">
    <ele>1683.2</ele>
   </trkpt>
   <trkpt lat="-36.6281890" lon="-70.6077070">
    <ele>1683.8</ele>
   </trkpt>
   <trkpt lat="-36.6281680" lon="-70.6076600">
    <ele>1684.2</ele>
   </trkpt>
   <trkpt lat="-36.6280980" lon="-70.6075280">
    <ele>1684.4</ele>
   </trkpt>
   <trkpt lat="-36.6280690" lon="-70.6074940">
    <ele>1684.6</ele>
   </trkpt>
   <trkpt lat="-36.6280420" lon="-70.6074540">
    <ele>1684.6</ele>
   </trkpt>
   <trkpt lat="-36.6280160" lon="-70.6074190">
    <ele>1685.0</ele>
   </trkpt>
   <trkpt lat="-36.6279950" lon="-70.6073770">
    <ele>1685.4</ele>
   </trkpt>
   <trkpt lat="-36.6278580" lon="-70.6071380">
    <ele>1686.6</ele>
   </trkpt>
   <trkpt lat="-36.6278400" lon="-70.6070940">
    <ele>1688.6</ele>
   </trkpt>
   <trkpt lat="-36.6278140" lon="-70.6070480">
    <ele>1689.8</ele>
   </trkpt>
   <trkpt lat="-36.6275920" lon="-70.6066830">
    <ele>1687.6</ele>
   </trkpt>
   <trkpt lat="-36.6275040" lon="-70.6065560">
    <ele>1688.4</ele>
   </trkpt>
   <trkpt lat="-36.6274870" lon="-70.6065270">
    <ele>1689.0</ele>
   </trkpt>
   <trkpt lat="-36.6274610" lon="-70.6064990">
    <ele>1689.2</ele>
   </trkpt>
   <trkpt lat="-36.6273390" lon="-70.6063600">
    <ele>1690.6</ele>
   </trkpt>
   <trkpt lat="-36.6273220" lon="-70.6063360">
    <ele>1690.8</ele>
   </trkpt>
   <trkpt lat="-36.6273010" lon="-70.6063170">
    <ele>1691.2</ele>
   </trkpt>
   <trkpt lat="-36.6272360" lon="-70.6062510">
    <ele>1692.0</ele>
   </trkpt>
   <trkpt lat="-36.6272120" lon="-70.6062340">
    <ele>1692.2</ele>
   </trkpt>
   <trkpt lat="-36.6271910" lon="-70.6062100">
    <ele>1692.6</ele>
   </trkpt>
   <trkpt lat="-36.6270830" lon="-70.6061100">
    <ele>1693.2</ele>
   </trkpt>
   <trkpt lat="-36.6270560" lon="-70.6060810">
    <ele>1693.2</ele>
   </trkpt>
   <trkpt lat="-36.6270260" lon="-70.6060560">
    <ele>1693.6</ele>
   </trkpt>
   <trkpt lat="-36.6267770" lon="-70.6058270">
    <ele>1695.0</ele>
   </trkpt>
   <trkpt lat="-36.6266870" lon="-70.6057710">
    <ele>1696.2</ele>
   </trkpt>
   <trkpt lat="-36.6266610" lon="-70.6057660">
    <ele>1696.4</ele>
   </trkpt>
   <trkpt lat="-36.6265820" lon="-70.6057670">
    <ele>1696.8</ele>
   </trkpt>
   <trkpt lat="-36.6265540" lon="-70.6057720">
    <ele>1697.0</ele>
   </trkpt>
   <trkpt lat="-36.6264970" lon="-70.6057900">
    <ele>1697.6</ele>
   </trkpt>
   <trkpt lat="-36.6264420" lon="-70.6058120">
    <ele>1698.2</ele>
   </trkpt>
   <trkpt lat="-36.6264130" lon="-70.6058190">
    <ele>1698.2</ele>
   </trkpt>
   <trkpt lat="-36.6261980" lon="-70.6058760">
    <ele>1699.6</ele>
   </trkpt>
   <trkpt lat="-36.6261630" lon="-70.6058980">
    <ele>1699.8</ele>
   </trkpt>
   <trkpt lat="-36.6261290" lon="-70.6059150">
    <ele>1700.2</ele>
   </trkpt>
   <trkpt lat="-36.6260980" lon="-70.6059410">
    <ele>1700.2</ele>
   </trkpt>
   <trkpt lat="-36.6260670" lon="-70.6059640">
    <ele>1700.2</ele>
   </trkpt>
   <trkpt lat="-36.6260380" lon="-70.6059940">
    <ele>1700.2</ele>
   </trkpt>
   <trkpt lat="-36.6259760" lon="-70.6060640">
    <ele>1700.4</ele>
   </trkpt>
   <trkpt lat="-36.6259040" lon="-70.6062510">
    <ele>1701.6</ele>
   </trkpt>
   <trkpt lat="-36.6259000" lon="-70.6064200">
    <ele>1702.8</ele>
   </trkpt>
   <trkpt lat="-36.6259090" lon="-70.6064680">
    <ele>1702.8</ele>
   </trkpt>
   <trkpt lat="-36.6260230" lon="-70.6069270">
    <ele>1703.8</ele>
   </trkpt>
   <trkpt lat="-36.6261410" lon="-70.6073610">
    <ele>1704.8</ele>
   </trkpt>
   <trkpt lat="-36.6261650" lon="-70.6075390">
    <ele>1705.2</ele>
   </trkpt>
   <trkpt lat="-36.6261710" lon="-70.6077090">
    <ele>1705.8</ele>
   </trkpt>
   <trkpt lat="-36.6260900" lon="-70.6081680">
    <ele>1704.8</ele>
   </trkpt>
   <trkpt lat="-36.6260350" lon="-70.6084970">
    <ele>1706.6</ele>
   </trkpt>
   <trkpt lat="-36.6259360" lon="-70.6089310">
    <ele>1709.2</ele>
   </trkpt>
   <trkpt lat="-36.6259170" lon="-70.6090500">
    <ele>1710.0</ele>
   </trkpt>
   <trkpt lat="-36.6259050" lon="-70.6090840">
    <ele>1710.2</ele>
   </trkpt>
   <trkpt lat="-36.6258970" lon="-70.6091250">
    <ele>1710.6</ele>
   </trkpt>
   <trkpt lat="-36.6258170" lon="-70.6095620">
    <ele>1712.2</ele>
   </trkpt>
   <trkpt lat="-36.6258010" lon="-70.6096060">
    <ele>1712.4</ele>
   </trkpt>
   <trkpt lat="-36.6256810" lon="-70.6100850">
    <ele>1712.6</ele>
   </trkpt>
   <trkpt lat="-36.6256000" lon="-70.6105670">
    <ele>1713.2</ele>
   </trkpt>
   <trkpt lat="-36.6255750" lon="-70.6107790">
    <ele>1714.0</ele>
   </trkpt>
   <trkpt lat="-36.6255640" lon="-70.6108150">
    <ele>1714.2</ele>
   </trkpt>
   <trkpt lat="-36.6255610" lon="-70.6108560">
    <ele>1714.6</ele>
   </trkpt>
   <trkpt lat="-36.6255600" lon="-70.6108950">
    <ele>1715.0</ele>
   </trkpt>
   <trkpt lat="-36.6255520" lon="-70.6109330">
    <ele>1715.2</ele>
   </trkpt>
   <trkpt lat="-36.6255490" lon="-70.6109770">
    <ele>1715.6</ele>
   </trkpt>
   <trkpt lat="-36.6254780" lon="-70.6114590">
    <ele>1717.6</ele>
   </trkpt>
   <trkpt lat="-36.6254480" lon="-70.6119300">
    <ele>1719.2</ele>
   </trkpt>
   <trkpt lat="-36.6254450" lon="-70.6119820">
    <ele>1719.4</ele>
   </trkpt>
   <trkpt lat="-36.6254360" lon="-70.6120300">
    <ele>1719.6</ele>
   </trkpt>
   <trkpt lat="-36.6254400" lon="-70.6120790">
    <ele>1719.8</ele>
   </trkpt>
   <trkpt lat="-36.6254700" lon="-70.6123270">
    <ele>1721.8</ele>
   </trkpt>
   <trkpt lat="-36.6254800" lon="-70.6124260">
    <ele>1722.2</ele>
   </trkpt>
   <trkpt lat="-36.6254920" lon="-70.6124690">
    <ele>1722.4</ele>
   </trkpt>
   <trkpt lat="-36.6255190" lon="-70.6125580">
    <ele>1722.8</ele>
   </trkpt>
   <trkpt lat="-36.6255300" lon="-70.6126100">
    <ele>1723.0</ele>
   </trkpt>
   <trkpt lat="-36.6255440" lon="-70.6127070">
    <ele>1723.6</ele>
   </trkpt>
   <trkpt lat="-36.6255610" lon="-70.6127510">
    <ele>1723.8</ele>
   </trkpt>
   <trkpt lat="-36.6256050" lon="-70.6128730">
    <ele>1724.4</ele>
   </trkpt>
   <trkpt lat="-36.6256090" lon="-70.6129220">
    <ele>1724.8</ele>
   </trkpt>
   <trkpt lat="-36.6256130" lon="-70.6129690">
    <ele>1725.0</ele>
   </trkpt>
   <trkpt lat="-36.6256270" lon="-70.6130140">
    <ele>1725.4</ele>
   </trkpt>
   <trkpt lat="-36.6256510" lon="-70.6130900">
    <ele>1726.0</ele>
   </trkpt>
   <trkpt lat="-36.6256590" lon="-70.6131320">
    <ele>1726.2</ele>
   </trkpt>
   <trkpt lat="-36.6256630" lon="-70.6131730">
    <ele>1726.6</ele>
   </trkpt>
   <trkpt lat="-36.6256730" lon="-70.6132140">
    <ele>1727.0</ele>
   </trkpt>
   <trkpt lat="-36.6257020" lon="-70.6133510">
    <ele>1727.8</ele>
   </trkpt>
   <trkpt lat="-36.6257440" lon="-70.6135730">
    <ele>1729.2</ele>
   </trkpt>
   <trkpt lat="-36.6257540" lon="-70.6136130">
    <ele>1729.2</ele>
   </trkpt>
   <trkpt lat="-36.6257600" lon="-70.6136590">
    <ele>1729.4</ele>
   </trkpt>
   <trkpt lat="-36.6257690" lon="-70.6137390">
    <ele>1729.8</ele>
   </trkpt>
   <trkpt lat="-36.6257690" lon="-70.6137790">
    <ele>1729.8</ele>
   </trkpt>
   <trkpt lat="-36.6257740" lon="-70.6138210">
    <ele>1730.0</ele>
   </trkpt>
   <trkpt lat="-36.6257800" lon="-70.6139080">
    <ele>1730.0</ele>
   </trkpt>
   <trkpt lat="-36.6257930" lon="-70.6139520">
    <ele>1730.2</ele>
   </trkpt>
   <trkpt lat="-36.6258120" lon="-70.6140420">
    <ele>1730.6</ele>
   </trkpt>
   <trkpt lat="-36.6258480" lon="-70.6141600">
    <ele>1731.2</ele>
   </trkpt>
   <trkpt lat="-36.6258740" lon="-70.6142280">
    <ele>1732.0</ele>
   </trkpt>
   <trkpt lat="-36.6258900" lon="-70.6142600">
    <ele>1732.2</ele>
   </trkpt>
   <trkpt lat="-36.6259340" lon="-70.6143640">
    <ele>1732.6</ele>
   </trkpt>
   <trkpt lat="-36.6259460" lon="-70.6144010">
    <ele>1733.0</ele>
   </trkpt>
   <trkpt lat="-36.6259620" lon="-70.6144310">
    <ele>1733.2</ele>
   </trkpt>
   <trkpt lat="-36.6259710" lon="-70.6144620">
    <ele>1733.6</ele>
   </trkpt>
   <trkpt lat="-36.6260260" lon="-70.6146420">
    <ele>1735.2</ele>
   </trkpt>
   <trkpt lat="-36.6260510" lon="-70.6147490">
    <ele>1736.0</ele>
   </trkpt>
   <trkpt lat="-36.6260550" lon="-70.6147860">
    <ele>1736.0</ele>
   </trkpt>
   <trkpt lat="-36.6260590" lon="-70.6148240">
    <ele>1736.4</ele>
   </trkpt>
   <trkpt lat="-36.6260650" lon="-70.6148580">
    <ele>1736.6</ele>
   </trkpt>
   <trkpt lat="-36.6260650" lon="-70.6148930">
    <ele>1736.8</ele>
   </trkpt>
   <trkpt lat="-36.6260750" lon="-70.6149670">
    <ele>1737.0</ele>
   </trkpt>
   <trkpt lat="-36.6260750" lon="-70.6150130">
    <ele>1737.2</ele>
   </trkpt>
   <trkpt lat="-36.6260840" lon="-70.6154760">
    <ele>1736.8</ele>
   </trkpt>
   <trkpt lat="-36.6260370" lon="-70.6159500">
    <ele>1734.8</ele>
   </trkpt>
   <trkpt lat="-36.6258730" lon="-70.6164400">
    <ele>1733.8</ele>
   </trkpt>
   <trkpt lat="-36.6258020" lon="-70.6165810">
    <ele>1734.0</ele>
   </trkpt>
   <trkpt lat="-36.6255800" lon="-70.6167890">
    <ele>1732.6</ele>
   </trkpt>
   <trkpt lat="-36.6251980" lon="-70.6170010">
    <ele>1730.2</ele>
   </trkpt>
   <trkpt lat="-36.6251290" lon="-70.6170660">
    <ele>1729.8</ele>
   </trkpt>
   <trkpt lat="-36.6250710" lon="-70.6171360">
    <ele>1730.2</ele>
   </trkpt>
   <trkpt lat="-36.6250270" lon="-70.6172180">
    <ele>1730.2</ele>
   </trkpt>
   <trkpt lat="-36.6250000" lon="-70.6173010">
    <ele>1730.0</ele>
   </trkpt>
   <trkpt lat="-36.6249850" lon="-70.6173800">
    <ele>1730.0</ele>
   </trkpt>
   <trkpt lat="-36.6249830" lon="-70.6174580">
    <ele>1730.2</ele>
   </trkpt>
   <trkpt lat="-36.6249760" lon="-70.6179200">
    <ele>1733.0</ele>
   </trkpt>
   <trkpt lat="-36.6249800" lon="-70.6180130">
    <ele>1733.6</ele>
   </trkpt>
   <trkpt lat="-36.6250140" lon="-70.6183220">
    <ele>1736.4</ele>
   </trkpt>
   <trkpt lat="-36.6250630" lon="-70.6185760">
    <ele>1738.2</ele>
   </trkpt>
   <trkpt lat="-36.6250750" lon="-70.6186170">
    <ele>1738.4</ele>
   </trkpt>
   <trkpt lat="-36.6250800" lon="-70.6186580">
    <ele>1738.8</ele>
   </trkpt>
   <trkpt lat="-36.6250930" lon="-70.6186980">
    <ele>1739.0</ele>
   </trkpt>
   <trkpt lat="-36.6251290" lon="-70.6188190">
    <ele>1740.4</ele>
   </trkpt>
   <trkpt lat="-36.6251510" lon="-70.6188520">
    <ele>1740.6</ele>
   </trkpt>
   <trkpt lat="-36.6251590" lon="-70.6188960">
    <ele>1740.6</ele>
   </trkpt>
   <trkpt lat="-36.6251930" lon="-70.6190180">
    <ele>1741.2</ele>
   </trkpt>
   <trkpt lat="-36.6252120" lon="-70.6191110">
    <ele>1741.6</ele>
   </trkpt>
   <trkpt lat="-36.6252200" lon="-70.6191540">
    <ele>1741.8</ele>
   </trkpt>
   <trkpt lat="-36.6252280" lon="-70.6191990">
    <ele>1742.0</ele>
   </trkpt>
   <trkpt lat="-36.6253180" lon="-70.6194830">
    <ele>1744.0</ele>
   </trkpt>
   <trkpt lat="-36.6253290" lon="-70.6195300">
    <ele>1744.2</ele>
   </trkpt>
   <trkpt lat="-36.6253730" lon="-70.6196680">
    <ele>1744.8</ele>
   </trkpt>
   <trkpt lat="-36.6254000" lon="-70.6197640">
    <ele>1745.6</ele>
   </trkpt>
   <trkpt lat="-36.6254360" lon="-70.6199000">
    <ele>1746.4</ele>
   </trkpt>
   <trkpt lat="-36.6254520" lon="-70.6199430">
    <ele>1746.4</ele>
   </trkpt>
   <trkpt lat="-36.6255160" lon="-70.6201350">
    <ele>1747.4</ele>
   </trkpt>
   <trkpt lat="-36.6255730" lon="-70.6202710">
    <ele>1747.2</ele>
   </trkpt>
   <trkpt lat="-36.6255970" lon="-70.6203120">
    <ele>1747.2</ele>
   </trkpt>
   <trkpt lat="-36.6256180" lon="-70.6203560">
    <ele>1747.2</ele>
   </trkpt>
   <trkpt lat="-36.6258290" lon="-70.6207590">
    <ele>1749.8</ele>
   </trkpt>
   <trkpt lat="-36.6260120" lon="-70.6211740">
    <ele>1752.2</ele>
   </trkpt>
   <trkpt lat="-36.6260870" lon="-70.6213750">
    <ele>1753.0</ele>
   </trkpt>
   <trkpt lat="-36.6260930" lon="-70.6214250">
    <ele>1753.2</ele>
   </trkpt>
   <trkpt lat="-36.6260900" lon="-70.6214700">
    <ele>1753.2</ele>
   </trkpt>
   <trkpt lat="-36.6260860" lon="-70.6215130">
    <ele>1753.2</ele>
   </trkpt>
   <trkpt lat="-36.6260730" lon="-70.6215560">
    <ele>1753.2</ele>
   </trkpt>
   <trkpt lat="-36.6260510" lon="-70.6215990">
    <ele>1753.4</ele>
   </trkpt>
   <trkpt lat="-36.6260240" lon="-70.6216280">
    <ele>1753.4</ele>
   </trkpt>
   <trkpt lat="-36.6259700" lon="-70.6216720">
    <ele>1753.6</ele>
   </trkpt>
   <trkpt lat="-36.6259410" lon="-70.6216880">
    <ele>1753.8</ele>
   </trkpt>
   <trkpt lat="-36.6259090" lon="-70.6217130">
    <ele>1754.0</ele>
   </trkpt>
   <trkpt lat="-36.6258750" lon="-70.6217350">
    <ele>1754.4</ele>
   </trkpt>
   <trkpt lat="-36.6258400" lon="-70.6217470">
    <ele>1754.6</ele>
   </trkpt>
   <trkpt lat="-36.6254940" lon="-70.6218650">
    <ele>1757.2</ele>
   </trkpt>
   <trkpt lat="-36.6252090" lon="-70.6219770">
    <ele>1760.2</ele>
   </trkpt>
   <trkpt lat="-36.6251040" lon="-70.6220170">
    <ele>1760.6</ele>
   </trkpt>
   <trkpt lat="-36.6248210" lon="-70.6220740">
    <ele>1761.2</ele>
   </trkpt>
   <trkpt lat="-36.6246420" lon="-70.6220220">
    <ele>1762.2</ele>
   </trkpt>
   <trkpt lat="-36.6245980" lon="-70.6219850">
    <ele>1762.4</ele>
   </trkpt>
   <trkpt lat="-36.6243030" lon="-70.6215810">
    <ele>1760.6</ele>
   </trkpt>
   <trkpt lat="-36.6240460" lon="-70.6211780">
    <ele>1758.4</ele>
   </trkpt>
   <trkpt lat="-36.6237180" lon="-70.6209270">
    <ele>1755.8</ele>
   </trkpt>
   <trkpt lat="-36.6233810" lon="-70.6208920">
    <ele>1755.6</ele>
   </trkpt>
   <trkpt lat="-36.6229890" lon="-70.6209850">
    <ele>1755.0</ele>
   </trkpt>
   <trkpt lat="-36.6227870" lon="-70.6209360">
    <ele>1755.8</ele>
   </trkpt>
   <trkpt lat="-36.6224210" lon="-70.6207880">
    <ele>1754.2</ele>
   </trkpt>
   <trkpt lat="-36.6220290" lon="-70.6205760">
    <ele>1753.6</ele>
   </trkpt>
   <trkpt lat="-36.6216820" lon="-70.6204340">
    <ele>1752.2</ele>
   </trkpt>
   <trkpt lat="-36.6212620" lon="-70.6203010">
    <ele>1750.0</ele>
   </trkpt>
   <trkpt lat="-36.6208270" lon="-70.6202930">
    <ele>1750.8</ele>
   </trkpt>
   <trkpt lat="-36.6203820" lon="-70.6203600">
    <ele>1749.4</ele>
   </trkpt>
   <trkpt lat="-36.6201050" lon="-70.6203940">
    <ele>1748.4</ele>
   </trkpt>
   <trkpt lat="-36.6200200" lon="-70.6203700">
    <ele>1748.0</ele>
   </trkpt>
   <trkpt lat="-36.6199380" lon="-70.6203270">
    <ele>1747.8</ele>
   </trkpt>
   <trkpt lat="-36.6197830" lon="-70.6202210">
    <ele>1746.8</ele>
   </trkpt>
   <trkpt lat="-36.6196980" lon="-70.6201860">
    <ele>1745.8</ele>
   </trkpt>
   <trkpt lat="-36.6196140" lon="-70.6201850">
    <ele>1745.0</ele>
   </trkpt>
   <trkpt lat="-36.6195380" lon="-70.6202090">
    <ele>1744.6</ele>
   </trkpt>
   <trkpt lat="-36.6194740" lon="-70.6202470">
    <ele>1744.4</ele>
   </trkpt>
   <trkpt lat="-36.6194180" lon="-70.6202940">
    <ele>1744.4</ele>
   </trkpt>
   <trkpt lat="-36.6193320" lon="-70.6203880">
    <ele>1744.4</ele>
   </trkpt>
   <trkpt lat="-36.6193100" lon="-70.6204460">
    <ele>1744.0</ele>
   </trkpt>
   <trkpt lat="-36.6193000" lon="-70.6205040">
    <ele>1743.8</ele>
   </trkpt>
   <trkpt lat="-36.6192880" lon="-70.6205790">
    <ele>1743.8</ele>
   </trkpt>
   <trkpt lat="-36.6192930" lon="-70.6206550">
    <ele>1744.2</ele>
   </trkpt>
   <trkpt lat="-36.6193110" lon="-70.6207350">
    <ele>1744.4</ele>
   </trkpt>
   <trkpt lat="-36.6194340" lon="-70.6211990">
    <ele>1745.0</ele>
   </trkpt>
   <trkpt lat="-36.6194320" lon="-70.6212820">
    <ele>1745.4</ele>
   </trkpt>
   <trkpt lat="-36.6194100" lon="-70.6213600">
    <ele>1745.4</ele>
   </trkpt>
   <trkpt lat="-36.6193710" lon="-70.6214210">
    <ele>1745.4</ele>
   </trkpt>
   <trkpt lat="-36.6193130" lon="-70.6214700">
    <ele>1745.0</ele>
   </trkpt>
   <trkpt lat="-36.6189550" lon="-70.6217220">
    <ele>1744.0</ele>
   </trkpt>
   <trkpt lat="-36.6185570" lon="-70.6218400">
    <ele>1741.2</ele>
   </trkpt>
   <trkpt lat="-36.6181550" lon="-70.6220710">
    <ele>1738.0</ele>
   </trkpt>
   <trkpt lat="-36.6177980" lon="-70.6223270">
    <ele>1736.6</ele>
   </trkpt>
   <trkpt lat="-36.6174490" lon="-70.6225130">
    <ele>1736.0</ele>
   </trkpt>
   <trkpt lat="-36.6171070" lon="-70.6226890">
    <ele>1735.0</ele>
   </trkpt>
   <trkpt lat="-36.6167800" lon="-70.6229290">
    <ele>1735.4</ele>
   </trkpt>
   <trkpt lat="-36.6164410" lon="-70.6232360">
    <ele>1732.0</ele>
   </trkpt>
   <trkpt lat="-36.6163090" lon="-70.6234140">
    <ele>1731.4</ele>
   </trkpt>
   <trkpt lat="-36.6162570" lon="-70.6235190">
    <ele>1731.0</ele>
   </trkpt>
   <trkpt lat="-36.6162200" lon="-70.6236340">
    <ele>1731.0</ele>
   </trkpt>
   <trkpt lat="-36.6160480" lon="-70.6240590">
    <ele>1730.2</ele>
   </trkpt>
   <trkpt lat="-36.6158280" lon="-70.6244440">
    <ele>1729.4</ele>
   </trkpt>
   <trkpt lat="-36.6156080" lon="-70.6248130">
    <ele>1729.2</ele>
   </trkpt>
   <trkpt lat="-36.6153740" lon="-70.6251150">
    <ele>1727.2</ele>
   </trkpt>
   <trkpt lat="-36.6150470" lon="-70.6253820">
    <ele>1725.0</ele>
   </trkpt>
   <trkpt lat="-36.6147090" lon="-70.6256110">
    <ele>1723.0</ele>
   </trkpt>
   <trkpt lat="-36.6143500" lon="-70.6257880">
    <ele>1723.2</ele>
   </trkpt>
   <trkpt lat="-36.6139330" lon="-70.6259530">
    <ele>1720.8</ele>
   </trkpt>
   <trkpt lat="-36.6135200" lon="-70.6260440">
    <ele>1720.8</ele>
   </trkpt>
   <trkpt lat="-36.6131120" lon="-70.6259880">
    <ele>1719.4</ele>
   </trkpt>
   <trkpt lat="-36.6129770" lon="-70.6259230">
    <ele>1719.2</ele>
   </trkpt>
   <trkpt lat="-36.6129270" lon="-70.6258790">
    <ele>1719.0</ele>
   </trkpt>
   <trkpt lat="-36.6128580" lon="-70.6258020">
    <ele>1718.4</ele>
   </trkpt>
   <trkpt lat="-36.6128320" lon="-70.6257890">
    <ele>1718.0</ele>
   </trkpt>
   <trkpt lat="-36.6128080" lon="-70.6257850">
    <ele>1717.8</ele>
   </trkpt>
   <trkpt lat="-36.6127780" lon="-70.6257980">
    <ele>1717.4</ele>
   </trkpt>
   <trkpt lat="-36.6127520" lon="-70.6258020">
    <ele>1716.8</ele>
   </trkpt>
   <trkpt lat="-36.6127310" lon="-70.6258110">
    <ele>1716.8</ele>
   </trkpt>
   <trkpt lat="-36.6127130" lon="-70.6258300">
    <ele>1716.6</ele>
   </trkpt>
   <trkpt lat="-36.6126980" lon="-70.6258710">
    <ele>1716.8</ele>
   </trkpt>
   <trkpt lat="-36.6126900" lon="-70.6259230">
    <ele>1716.8</ele>
   </trkpt>
   <trkpt lat="-36.6126790" lon="-70.6259820">
    <ele>1717.0</ele>
   </trkpt>
   <trkpt lat="-36.6126550" lon="-70.6260420">
    <ele>1717.0</ele>
   </trkpt>
   <trkpt lat="-36.6125750" lon="-70.6261820">
    <ele>1717.4</ele>
   </trkpt>
   <trkpt lat="-36.6125440" lon="-70.6262130">
    <ele>1717.6</ele>
   </trkpt>
   <trkpt lat="-36.6125070" lon="-70.6262280">
    <ele>1717.6</ele>
   </trkpt>
   <trkpt lat="-36.6123910" lon="-70.6262660">
    <ele>1719.0</ele>
   </trkpt>
   <trkpt lat="-36.6123480" lon="-70.6262730">
    <ele>1719.2</ele>
   </trkpt>
   <trkpt lat="-36.6123040" lon="-70.6262800">
    <ele>1719.2</ele>
   </trkpt>
   <trkpt lat="-36.6120690" lon="-70.6263130">
    <ele>1720.0</ele>
   </trkpt>
   <trkpt lat="-36.6118860" lon="-70.6263140">
    <ele>1720.8</ele>
   </trkpt>
   <trkpt lat="-36.6118400" lon="-70.6263040">
    <ele>1721.2</ele>
   </trkpt>
   <trkpt lat="-36.6115890" lon="-70.6262330">
    <ele>1722.6</ele>
   </trkpt>
   <trkpt lat="-36.6115400" lon="-70.6262320">
    <ele>1722.8</ele>
   </trkpt>
   <trkpt lat="-36.6114920" lon="-70.6262290">
    <ele>1723.0</ele>
   </trkpt>
   <trkpt lat="-36.6114430" lon="-70.6262270">
    <ele>1723.0</ele>
   </trkpt>
   <trkpt lat="-36.6110340" lon="-70.6262200">
    <ele>1724.0</ele>
   </trkpt>
   <trkpt lat="-36.6108850" lon="-70.6262250">
    <ele>1724.2</ele>
   </trkpt>
   <trkpt lat="-36.6108350" lon="-70.6262290">
    <ele>1724.2</ele>
   </trkpt>
   <trkpt lat="-36.6107830" lon="-70.6262490">
    <ele>1724.2</ele>
   </trkpt>
   <trkpt lat="-36.6106370" lon="-70.6263160">
    <ele>1724.0</ele>
   </trkpt>
   <trkpt lat="-36.6105970" lon="-70.6263540">
    <ele>1723.8</ele>
   </trkpt>
   <trkpt lat="-36.6105580" lon="-70.6263930">
    <ele>1723.6</ele>
   </trkpt>
   <trkpt lat="-36.6105220" lon="-70.6264410">
    <ele>1723.4</ele>
   </trkpt>
   <trkpt lat="-36.6102810" lon="-70.6268750">
    <ele>1722.4</ele>
   </trkpt>
   <trkpt lat="-36.6102110" lon="-70.6273900">
    <ele>1721.4</ele>
   </trkpt>
   <trkpt lat="-36.6102380" lon="-70.6279220">
    <ele>1720.6</ele>
   </trkpt>
   <trkpt lat="-36.6103080" lon="-70.6284340">
    <ele>1719.4</ele>
   </trkpt>
   <trkpt lat="-36.6103840" lon="-70.6286240">
    <ele>1719.2</ele>
   </trkpt>
   <trkpt lat="-36.6106810" lon="-70.6290170">
    <ele>1718.6</ele>
   </trkpt>
   <trkpt lat="-36.6109730" lon="-70.6293460">
    <ele>1718.2</ele>
   </trkpt>
   <trkpt lat="-36.6111500" lon="-70.6297070">
    <ele>1717.2</ele>
   </trkpt>
   <trkpt lat="-36.6112560" lon="-70.6301050">
    <ele>1717.4</ele>
   </trkpt>
   <trkpt lat="-36.6112130" lon="-70.6306130">
    <ele>1717.0</ele>
   </trkpt>
   <trkpt lat="-36.6111840" lon="-70.6306890">
    <ele>1716.4</ele>
   </trkpt>
   <trkpt lat="-36.6111570" lon="-70.6307680">
    <ele>1716.2</ele>
   </trkpt>
   <trkpt lat="-36.6111170" lon="-70.6308470">
    <ele>1716.2</ele>
   </trkpt>
   <trkpt lat="-36.6110740" lon="-70.6309190">
    <ele>1716.4</ele>
   </trkpt>
   <trkpt lat="-36.6110220" lon="-70.6309690">
    <ele>1716.4</ele>
   </trkpt>
   <trkpt lat="-36.6109600" lon="-70.6310090">
    <ele>1716.2</ele>
   </trkpt>
   <trkpt lat="-36.6108960" lon="-70.6310340">
    <ele>1716.2</ele>
   </trkpt>
   <trkpt lat="-36.6108330" lon="-70.6310450">
    <ele>1716.2</ele>
   </trkpt>
   <trkpt lat="-36.6104580" lon="-70.6311010">
    <ele>1717.8</ele>
   </trkpt>
   <trkpt lat="-36.6100820" lon="-70.6311350">
    <ele>1719.4</ele>
   </trkpt>
   <trkpt lat="-36.6097200" lon="-70.6311070">
    <ele>1721.0</ele>
   </trkpt>
   <trkpt lat="-36.6094540" lon="-70.6310360">
    <ele>1721.2</ele>
   </trkpt>
   <trkpt lat="-36.6093420" lon="-70.6310080">
    <ele>1721.2</ele>
   </trkpt>
   <trkpt lat="-36.6089420" lon="-70.6309530">
    <ele>1721.4</ele>
   </trkpt>
   <trkpt lat="-36.6085810" lon="-70.6309630">
    <ele>1721.8</ele>
   </trkpt>
   <trkpt lat="-36.6082130" lon="-70.6310170">
    <ele>1723.0</ele>
   </trkpt>
   <trkpt lat="-36.6078240" lon="-70.6311320">
    <ele>1724.2</ele>
   </trkpt>
   <trkpt lat="-36.6074670" lon="-70.6312390">
    <ele>1727.0</ele>
   </trkpt>
   <trkpt lat="-36.6071010" lon="-70.6312800">
    <ele>1728.2</ele>
   </trkpt>
   <trkpt lat="-36.6069500" lon="-70.6312820">
    <ele>1728.6</ele>
   </trkpt>
   <trkpt lat="-36.6066210" lon="-70.6313300">
    <ele>1729.6</ele>
   </trkpt>
   <trkpt lat="-36.6062480" lon="-70.6314090">
    <ele>1731.6</ele>
   </trkpt>
   <trkpt lat="-36.6058570" lon="-70.6314980">
    <ele>1734.0</ele>
   </trkpt>
   <trkpt lat="-36.6054730" lon="-70.6315850">
    <ele>1736.8</ele>
   </trkpt>
   <trkpt lat="-36.6052590" lon="-70.6316440">
    <ele>1738.4</ele>
   </trkpt>
   <trkpt lat="-36.6048920" lon="-70.6317420">
    <ele>1740.2</ele>
   </trkpt>
   <trkpt lat="-36.6045350" lon="-70.6318330">
    <ele>1742.0</ele>
   </trkpt>
   <trkpt lat="-36.6041650" lon="-70.6319240">
    <ele>1743.8</ele>
   </trkpt>
   <trkpt lat="-36.6038040" lon="-70.6320060">
    <ele>1745.4</ele>
   </trkpt>
   <trkpt lat="-36.6034490" lon="-70.6320770">
    <ele>1746.4</ele>
   </trkpt>
   <trkpt lat="-36.6030530" lon="-70.6321440">
    <ele>1747.6</ele>
   </trkpt>
   <trkpt lat="-36.6026560" lon="-70.6322180">
    <ele>1747.8</ele>
   </trkpt>
   <trkpt lat="-36.6022740" lon="-70.6322890">
    <ele>1748.0</ele>
   </trkpt>
   <trkpt lat="-36.6018970" lon="-70.6323950">
    <ele>1749.0</ele>
   </trkpt>
   <trkpt lat="-36.6016590" lon="-70.6324470">
    <ele>1750.0</ele>
   </trkpt>
   <trkpt lat="-36.6016160" lon="-70.6324600">
    <ele>1750.6</ele>
   </trkpt>
   <trkpt lat="-36.6014800" lon="-70.6324940">
    <ele>1751.2</ele>
   </trkpt>
   <trkpt lat="-36.6014350" lon="-70.6325000">
    <ele>1751.2</ele>
   </trkpt>
   <trkpt lat="-36.6012140" lon="-70.6325560">
    <ele>1751.6</ele>
   </trkpt>
   <trkpt lat="-36.6011310" lon="-70.6325910">
    <ele>1751.8</ele>
   </trkpt>
   <trkpt lat="-36.6010900" lon="-70.6326250">
    <ele>1752.2</ele>
   </trkpt>
   <trkpt lat="-36.6010490" lon="-70.6326580">
    <ele>1752.6</ele>
   </trkpt>
   <trkpt lat="-36.6010140" lon="-70.6327010">
    <ele>1752.6</ele>
   </trkpt>
   <trkpt lat="-36.6009170" lon="-70.6328450">
    <ele>1753.0</ele>
   </trkpt>
   <trkpt lat="-36.6006940" lon="-70.6332770">
    <ele>1753.2</ele>
   </trkpt>
   <trkpt lat="-36.6004880" lon="-70.6337190">
    <ele>1752.8</ele>
   </trkpt>
   <trkpt lat="-36.6002960" lon="-70.6341350">
    <ele>1751.6</ele>
   </trkpt>
   <trkpt lat="-36.6000470" lon="-70.6345520">
    <ele>1749.2</ele>
   </trkpt>
   <trkpt lat="-36.5997690" lon="-70.6348440">
    <ele>1747.2</ele>
   </trkpt>
   <trkpt lat="-36.5994010" lon="-70.6350680">
    <ele>1744.4</ele>
   </trkpt>
   <trkpt lat="-36.5992110" lon="-70.6352190">
    <ele>1742.6</ele>
   </trkpt>
   <trkpt lat="-36.5991010" lon="-70.6352740">
    <ele>1741.2</ele>
   </trkpt>
   <trkpt lat="-36.5989850" lon="-70.6352940">
    <ele>1739.8</ele>
   </trkpt>
   <trkpt lat="-36.5986520" lon="-70.6352730">
    <ele>1736.6</ele>
   </trkpt>
   <trkpt lat="-36.5982470" lon="-70.6350900">
    <ele>1734.0</ele>
   </trkpt>
   <trkpt lat="-36.5978150" lon="-70.6349520">
    <ele>1731.4</ele>
   </trkpt>
   <trkpt lat="-36.5974590" lon="-70.6347050">
    <ele>1729.2</ele>
   </trkpt>
   <trkpt lat="-36.5971350" lon="-70.6344690">
    <ele>1728.0</ele>
   </trkpt>
   <trkpt lat="-36.5970570" lon="-70.6344150">
    <ele>1727.4</ele>
   </trkpt>
   <trkpt lat="-36.5969760" lon="-70.6343970">
    <ele>1727.4</ele>
   </trkpt>
   <trkpt lat="-36.5968930" lon="-70.6344020">
    <ele>1727.4</ele>
   </trkpt>
   <trkpt lat="-36.5968280" lon="-70.6344210">
    <ele>1727.6</ele>
   </trkpt>
   <trkpt lat="-36.5967650" lon="-70.6344220">
    <ele>1727.8</ele>
   </trkpt>
   <trkpt lat="-36.5967000" lon="-70.6343970">
    <ele>1728.0</ele>
   </trkpt>
   <trkpt lat="-36.5966380" lon="-70.6343560">
    <ele>1728.0</ele>
   </trkpt>
   <trkpt lat="-36.5965890" lon="-70.6342890">
    <ele>1728.0</ele>
   </trkpt>
   <trkpt lat="-36.5965010" lon="-70.6341610">
    <ele>1727.8</ele>
   </trkpt>
   <trkpt lat="-36.5964490" lon="-70.6341180">
    <ele>1727.6</ele>
   </trkpt>
   <trkpt lat="-36.5963940" lon="-70.6341090">
    <ele>1727.6</ele>
   </trkpt>
   <trkpt lat="-36.5963550" lon="-70.6341320">
    <ele>1727.4</ele>
   </trkpt>
   <trkpt lat="-36.5963430" lon="-70.6341650">
    <ele>1727.4</ele>
   </trkpt>
   <trkpt lat="-36.5963470" lon="-70.6342010">
    <ele>1727.6</ele>
   </trkpt>
   <trkpt lat="-36.5963620" lon="-70.6342930">
    <ele>1728.4</ele>
   </trkpt>
   <trkpt lat="-36.5963780" lon="-70.6343410">
    <ele>1728.6</ele>
   </trkpt>
   <trkpt lat="-36.5964510" lon="-70.6345380">
    <ele>1730.6</ele>
   </trkpt>
   <trkpt lat="-36.5964800" lon="-70.6345870">
    <ele>1730.6</ele>
   </trkpt>
   <trkpt lat="-36.5965560" lon="-70.6347610">
    <ele>1730.8</ele>
   </trkpt>
   <trkpt lat="-36.5965890" lon="-70.6348090">
    <ele>1730.8</ele>
   </trkpt>
   <trkpt lat="-36.5968440" lon="-70.6351840">
    <ele>1730.8</ele>
   </trkpt>
   <trkpt lat="-36.5969700" lon="-70.6353600">
    <ele>1731.0</ele>
   </trkpt>
   <trkpt lat="-36.5969960" lon="-70.6354240">
    <ele>1731.4</ele>
   </trkpt>
   <trkpt lat="-36.5971780" lon="-70.6358300">
    <ele>1731.2</ele>
   </trkpt>
   <trkpt lat="-36.5973250" lon="-70.6362270">
    <ele>1731.4</ele>
   </trkpt>
   <trkpt lat="-36.5973390" lon="-70.6362940">
    <ele>1731.6</ele>
   </trkpt>
   <trkpt lat="-36.5973700" lon="-70.6363580">
    <ele>1732.0</ele>
   </trkpt>
   <trkpt lat="-36.5974430" lon="-70.6366240">
    <ele>1731.8</ele>
   </trkpt>
   <trkpt lat="-36.5974420" lon="-70.6366920">
    <ele>1731.8</ele>
   </trkpt>
   <trkpt lat="-36.5974180" lon="-70.6368290">
    <ele>1732.2</ele>
   </trkpt>
   <trkpt lat="-36.5973940" lon="-70.6369010">
    <ele>1732.6</ele>
   </trkpt>
   <trkpt lat="-36.5972370" lon="-70.6372880">
    <ele>1732.2</ele>
   </trkpt>
   <trkpt lat="-36.5972000" lon="-70.6373420">
    <ele>1732.0</ele>
   </trkpt>
   <trkpt lat="-36.5970590" lon="-70.6374820">
    <ele>1731.4</ele>
   </trkpt>
   <trkpt lat="-36.5970020" lon="-70.6375050">
    <ele>1731.0</ele>
   </trkpt>
   <trkpt lat="-36.5969410" lon="-70.6375150">
    <ele>1730.6</ele>
   </trkpt>
   <trkpt lat="-36.5968770" lon="-70.6375110">
    <ele>1730.4</ele>
   </trkpt>
   <trkpt lat="-36.5964830" lon="-70.6374370">
    <ele>1729.4</ele>
   </trkpt>
   <trkpt lat="-36.5960900" lon="-70.6374100">
    <ele>1728.0</ele>
   </trkpt>
   <trkpt lat="-36.5956460" lon="-70.6374250">
    <ele>1725.6</ele>
   </trkpt>
   <trkpt lat="-36.5952570" lon="-70.6374220">
    <ele>1724.6</ele>
   </trkpt>
   <trkpt lat="-36.5948540" lon="-70.6374910">
    <ele>1724.6</ele>
   </trkpt>
   <trkpt lat="-36.5944780" lon="-70.6376350">
    <ele>1722.6</ele>
   </trkpt>
   <trkpt lat="-36.5941410" lon="-70.6378810">
    <ele>1722.6</ele>
   </trkpt>
   <trkpt lat="-36.5938460" lon="-70.6382030">
    <ele>1721.2</ele>
   </trkpt>
   <trkpt lat="-36.5935140" lon="-70.6384550">
    <ele>1720.2</ele>
   </trkpt>
   <trkpt lat="-36.5932090" lon="-70.6386910">
    <ele>1719.4</ele>
   </trkpt>
   <trkpt lat="-36.5931490" lon="-70.6387890">
    <ele>1718.8</ele>
   </trkpt>
   <trkpt lat="-36.5929320" lon="-70.6391860">
    <ele>1717.0</ele>
   </trkpt>
   <trkpt lat="-36.5927240" lon="-70.6395850">
    <ele>1715.4</ele>
   </trkpt>
   <trkpt lat="-36.5925090" lon="-70.6399740">
    <ele>1713.8</ele>
   </trkpt>
   <trkpt lat="-36.5922830" lon="-70.6404010">
    <ele>1712.6</ele>
   </trkpt>
   <trkpt lat="-36.5920690" lon="-70.6408390">
    <ele>1709.4</ele>
   </trkpt>
   <trkpt lat="-36.5918430" lon="-70.6412670">
    <ele>1706.8</ele>
   </trkpt>
   <trkpt lat="-36.5916250" lon="-70.6416890">
    <ele>1706.4</ele>
   </trkpt>
   <trkpt lat="-36.5913910" lon="-70.6420540">
    <ele>1704.4</ele>
   </trkpt>
   <trkpt lat="-36.5910750" lon="-70.6423850">
    <ele>1701.6</ele>
   </trkpt>
   <trkpt lat="-36.5907360" lon="-70.6427110">
    <ele>1699.4</ele>
   </trkpt>
   <trkpt lat="-36.5903930" lon="-70.6430450">
    <ele>1694.8</ele>
   </trkpt>
   <trkpt lat="-36.5900710" lon="-70.6433560">
    <ele>1692.0</ele>
   </trkpt>
   <trkpt lat="-36.5897380" lon="-70.6436290">
    <ele>1689.2</ele>
   </trkpt>
   <trkpt lat="-36.5894050" lon="-70.6438070">
    <ele>1689.0</ele>
   </trkpt>
   <trkpt lat="-36.5890370" lon="-70.6439070">
    <ele>1687.4</ele>
   </trkpt>
   <trkpt lat="-36.5888490" lon="-70.6439390">
    <ele>1685.6</ele>
   </trkpt>
   <trkpt lat="-36.5887590" lon="-70.6439290">
    <ele>1684.2</ele>
   </trkpt>
   <trkpt lat="-36.5885650" lon="-70.6439040">
    <ele>1682.8</ele>
   </trkpt>
   <trkpt lat="-36.5884670" lon="-70.6439370">
    <ele>1682.8</ele>
   </trkpt>
   <trkpt lat="-36.5883780" lon="-70.6439940">
    <ele>1682.6</ele>
   </trkpt>
   <trkpt lat="-36.5881770" lon="-70.6440690">
    <ele>1681.2</ele>
   </trkpt>
   <trkpt lat="-36.5877280" lon="-70.6441090">
    <ele>1678.4</ele>
   </trkpt>
   <trkpt lat="-36.5872910" lon="-70.6441800">
    <ele>1676.0</ele>
   </trkpt>
   <trkpt lat="-36.5869020" lon="-70.6442580">
    <ele>1674.0</ele>
   </trkpt>
   <trkpt lat="-36.5865010" lon="-70.6443630">
    <ele>1672.6</ele>
   </trkpt>
   <trkpt lat="-36.5861330" lon="-70.6443910">
    <ele>1671.6</ele>
   </trkpt>
   <trkpt lat="-36.5860850" lon="-70.6444120">
    <ele>1671.2</ele>
   </trkpt>
   <trkpt lat="-36.5860620" lon="-70.6444630">
    <ele>1671.2</ele>
   </trkpt>
   <trkpt lat="-36.5860580" lon="-70.6445200">
    <ele>1671.2</ele>
   </trkpt>
   <trkpt lat="-36.5860810" lon="-70.6445760">
    <ele>1671.2</ele>
   </trkpt>
   <trkpt lat="-36.5861660" lon="-70.6447720">
    <ele>1671.4</ele>
   </trkpt>
   <trkpt lat="-36.5861770" lon="-70.6448490">
    <ele>1671.6</ele>
   </trkpt>
   <trkpt lat="-36.5861770" lon="-70.6449280">
    <ele>1671.8</ele>
   </trkpt>
   <trkpt lat="-36.5861610" lon="-70.6450080">
    <ele>1672.0</ele>
   </trkpt>
   <trkpt lat="-36.5860720" lon="-70.6452540">
    <ele>1672.0</ele>
   </trkpt>
   <trkpt lat="-36.5858010" lon="-70.6456410">
    <ele>1668.8</ele>
   </trkpt>
   <trkpt lat="-36.5855190" lon="-70.6460510">
    <ele>1666.6</ele>
   </trkpt>
   <trkpt lat="-36.5852660" lon="-70.6463920">
    <ele>1664.4</ele>
   </trkpt>
   <trkpt lat="-36.5849740" lon="-70.6466940">
    <ele>1662.6</ele>
   </trkpt>
   <trkpt lat="-36.5846250" lon="-70.6469070">
    <ele>1660.0</ele>
   </trkpt>
   <trkpt lat="-36.5844380" lon="-70.6469720">
    <ele>1659.4</ele>
   </trkpt>
   <trkpt lat="-36.5843440" lon="-70.6470300">
    <ele>1658.4</ele>
   </trkpt>
   <trkpt lat="-36.5840640" lon="-70.6471890">
    <ele>1654.6</ele>
   </trkpt>
   <trkpt lat="-36.5839690" lon="-70.6472090">
    <ele>1654.0</ele>
   </trkpt>
   <trkpt lat="-36.5838660" lon="-70.6472000">
    <ele>1653.2</ele>
   </trkpt>
   <trkpt lat="-36.5837740" lon="-70.6472000">
    <ele>1653.0</ele>
   </trkpt>
   <trkpt lat="-36.5836830" lon="-70.6472340">
    <ele>1652.6</ele>
   </trkpt>
   <trkpt lat="-36.5836050" lon="-70.6473030">
    <ele>1652.0</ele>
   </trkpt>
   <trkpt lat="-36.5832740" lon="-70.6476120">
    <ele>1647.8</ele>
   </trkpt>
   <trkpt lat="-36.5828960" lon="-70.6479340">
    <ele>1644.6</ele>
   </trkpt>
   <trkpt lat="-36.5827110" lon="-70.6480630">
    <ele>1643.8</ele>
   </trkpt>
   <trkpt lat="-36.5826320" lon="-70.6481420">
    <ele>1643.4</ele>
   </trkpt>
   <trkpt lat="-36.5823430" lon="-70.6484770">
    <ele>1638.0</ele>
   </trkpt>
   <trkpt lat="-36.5822840" lon="-70.6485480">
    <ele>1637.4</ele>
   </trkpt>
   <trkpt lat="-36.5822530" lon="-70.6486280">
    <ele>1637.4</ele>
   </trkpt>
   <trkpt lat="-36.5822510" lon="-70.6487020">
    <ele>1636.6</ele>
   </trkpt>
   <trkpt lat="-36.5822740" lon="-70.6487600">
    <ele>1635.8</ele>
   </trkpt>
   <trkpt lat="-36.5823260" lon="-70.6487920">
    <ele>1634.2</ele>
   </trkpt>
   <trkpt lat="-36.5823860" lon="-70.6487880">
    <ele>1633.4</ele>
   </trkpt>
   <trkpt lat="-36.5824490" lon="-70.6487510">
    <ele>1632.4</ele>
   </trkpt>
   <trkpt lat="-36.5825940" lon="-70.6486390">
    <ele>1631.4</ele>
   </trkpt>
   <trkpt lat="-36.5826760" lon="-70.6486000">
    <ele>1631.0</ele>
   </trkpt>
   <trkpt lat="-36.5827570" lon="-70.6485870">
    <ele>1630.4</ele>
   </trkpt>
   <trkpt lat="-36.5828300" lon="-70.6485870">
    <ele>1629.6</ele>
   </trkpt>
   <trkpt lat="-36.5828850" lon="-70.6486160">
    <ele>1628.8</ele>
   </trkpt>
   <trkpt lat="-36.5829220" lon="-70.6486750">
    <ele>1627.8</ele>
   </trkpt>
   <trkpt lat="-36.5829280" lon="-70.6487610">
    <ele>1627.0</ele>
   </trkpt>
   <trkpt lat="-36.5829070" lon="-70.6488420">
    <ele>1626.4</ele>
   </trkpt>
   <trkpt lat="-36.5828630" lon="-70.6489150">
    <ele>1626.2</ele>
   </trkpt>
   <trkpt lat="-36.5827180" lon="-70.6491560">
    <ele>1624.4</ele>
   </trkpt>
   <trkpt lat="-36.5826610" lon="-70.6492230">
    <ele>1624.4</ele>
   </trkpt>
   <trkpt lat="-36.5825950" lon="-70.6492860">
    <ele>1624.2</ele>
   </trkpt>
   <trkpt lat="-36.5822150" lon="-70.6495030">
    <ele>1623.8</ele>
   </trkpt>
   <trkpt lat="-36.5818660" lon="-70.6496230">
    <ele>1623.2</ele>
   </trkpt>
   <trkpt lat="-36.5816840" lon="-70.6496460">
    <ele>1621.2</ele>
   </trkpt>
   <trkpt lat="-36.5816060" lon="-70.6496880">
    <ele>1620.6</ele>
   </trkpt>
   <trkpt lat="-36.5815310" lon="-70.6497480">
    <ele>1620.4</ele>
   </trkpt>
   <trkpt lat="-36.5811110" lon="-70.6499500">
    <ele>1617.6</ele>
   </trkpt>
   <trkpt lat="-36.5809060" lon="-70.6499750">
    <ele>1617.0</ele>
   </trkpt>
   <trkpt lat="-36.5805280" lon="-70.6501840">
    <ele>1613.0</ele>
   </trkpt>
   <trkpt lat="-36.5801360" lon="-70.6504140">
    <ele>1608.6</ele>
   </trkpt>
   <trkpt lat="-36.5797680" lon="-70.6506600">
    <ele>1605.2</ele>
   </trkpt>
   <trkpt lat="-36.5795090" lon="-70.6507750">
    <ele>1603.2</ele>
   </trkpt>
   <trkpt lat="-36.5793440" lon="-70.6507690">
    <ele>1602.8</ele>
   </trkpt>
   <trkpt lat="-36.5792700" lon="-70.6507350">
    <ele>1602.6</ele>
   </trkpt>
   <trkpt lat="-36.5789420" lon="-70.6504830">
    <ele>1604.2</ele>
   </trkpt>
   <trkpt lat="-36.5788940" lon="-70.6504790">
    <ele>1604.0</ele>
   </trkpt>
   <trkpt lat="-36.5785710" lon="-70.6503900">
    <ele>1607.0</ele>
   </trkpt>
   <trkpt lat="-36.5785430" lon="-70.6503810">
    <ele>1607.4</ele>
   </trkpt>
   <trkpt lat="-36.5783450" lon="-70.6502950">
    <ele>1610.0</ele>
   </trkpt>
   <trkpt lat="-36.5783140" lon="-70.6502820">
    <ele>1610.4</ele>
   </trkpt>
   <trkpt lat="-36.5781910" lon="-70.6502240">
    <ele>1611.0</ele>
   </trkpt>
   <trkpt lat="-36.5781540" lon="-70.6502100">
    <ele>1611.2</ele>
   </trkpt>
   <trkpt lat="-36.5777830" lon="-70.6500430">
    <ele>1611.8</ele>
   </trkpt>
   <trkpt lat="-36.5773950" lon="-70.6498950">
    <ele>1612.0</ele>
   </trkpt>
   <trkpt lat="-36.5770620" lon="-70.6497250">
    <ele>1613.2</ele>
   </trkpt>
   <trkpt lat="-36.5767070" lon="-70.6496610">
    <ele>1614.8</ele>
   </trkpt>
   <trkpt lat="-36.5765730" lon="-70.6496400">
    <ele>1615.2</ele>
   </trkpt>
   <trkpt lat="-36.5765330" lon="-70.6496210">
    <ele>1615.4</ele>
   </trkpt>
   <trkpt lat="-36.5763710" lon="-70.6495270">
    <ele>1615.6</ele>
   </trkpt>
   <trkpt lat="-36.5763230" lon="-70.6495140">
    <ele>1615.8</ele>
   </trkpt>
   <trkpt lat="-36.5762720" lon="-70.6495190">
    <ele>1615.8</ele>
   </trkpt>
   <trkpt lat="-36.5762290" lon="-70.6495490">
    <ele>1616.0</ele>
   </trkpt>
   <trkpt lat="-36.5761470" lon="-70.6496200">
    <ele>1616.2</ele>
   </trkpt>
   <trkpt lat="-36.5761020" lon="-70.6496400">
    <ele>1616.2</ele>
   </trkpt>
   <trkpt lat="-36.5760530" lon="-70.6496470">
    <ele>1616.2</ele>
   </trkpt>
   <trkpt lat="-36.5756650" lon="-70.6496430">
    <ele>1615.8</ele>
   </trkpt>
   <trkpt lat="-36.5752890" lon="-70.6496420">
    <ele>1617.4</ele>
   </trkpt>
   <trkpt lat="-36.5752450" lon="-70.6496370">
    <ele>1617.6</ele>
   </trkpt>
   <trkpt lat="-36.5752040" lon="-70.6496390">
    <ele>1617.6</ele>
   </trkpt>
   <trkpt lat="-36.5751620" lon="-70.6496640">
    <ele>1617.8</ele>
   </trkpt>
   <trkpt lat="-36.5751260" lon="-70.6497080">
    <ele>1617.6</ele>
   </trkpt>
   <trkpt lat="-36.5751090" lon="-70.6497610">
    <ele>1617.8</ele>
   </trkpt>
   <trkpt lat="-36.5750970" lon="-70.6498100">
    <ele>1618.2</ele>
   </trkpt>
   <trkpt lat="-36.5750800" lon="-70.6498530">
    <ele>1618.4</ele>
   </trkpt>
   <trkpt lat="-36.5750560" lon="-70.6498890">
    <ele>1618.4</ele>
   </trkpt>
   <trkpt lat="-36.5750270" lon="-70.6499210">
    <ele>1618.4</ele>
   </trkpt>
   <trkpt lat="-36.5749860" lon="-70.6499470">
    <ele>1618.2</ele>
   </trkpt>
   <trkpt lat="-36.5749400" lon="-70.6499600">
    <ele>1618.0</ele>
   </trkpt>
   <trkpt lat="-36.5748910" lon="-70.6499660">
    <ele>1618.0</ele>
   </trkpt>
   <trkpt lat="-36.5748430" lon="-70.6499570">
    <ele>1618.0</ele>
   </trkpt>
   <trkpt lat="-36.5747950" lon="-70.6499290">
    <ele>1618.0</ele>
   </trkpt>
   <trkpt lat="-36.5744510" lon="-70.6496680">
    <ele>1620.0</ele>
   </trkpt>
   <trkpt lat="-36.5742000" lon="-70.6494900">
    <ele>1620.6</ele>
   </trkpt>
   <trkpt lat="-36.5738400" lon="-70.6494010">
    <ele>1619.6</ele>
   </trkpt>
   <trkpt lat="-36.5734740" lon="-70.6493210">
    <ele>1618.6</ele>
   </trkpt>
   <trkpt lat="-36.5731200" lon="-70.6492350">
    <ele>1617.8</ele>
   </trkpt>
   <trkpt lat="-36.5727470" lon="-70.6491890">
    <ele>1617.8</ele>
   </trkpt>
   <trkpt lat="-36.5723460" lon="-70.6492290">
    <ele>1619.0</ele>
   </trkpt>
   <trkpt lat="-36.5719470" lon="-70.6492200">
    <ele>1620.2</ele>
   </trkpt>
   <trkpt lat="-36.5715820" lon="-70.6491440">
    <ele>1624.2</ele>
   </trkpt>
   <trkpt lat="-36.5713790" lon="-70.6491380">
    <ele>1625.2</ele>
   </trkpt>
   <trkpt lat="-36.5712580" lon="-70.6491550">
    <ele>1625.6</ele>
   </trkpt>
   <trkpt lat="-36.5711060" lon="-70.6491810">
    <ele>1626.4</ele>
   </trkpt>
   <trkpt lat="-36.5710730" lon="-70.6491600">
    <ele>1626.8</ele>
   </trkpt>
   <trkpt lat="-36.5710530" lon="-70.6491380">
    <ele>1627.2</ele>
   </trkpt>
   <trkpt lat="-36.5710280" lon="-70.6491230">
    <ele>1627.6</ele>
   </trkpt>
   <trkpt lat="-36.5709640" lon="-70.6490920">
    <ele>1628.4</ele>
   </trkpt>
   <trkpt lat="-36.5709230" lon="-70.6490880">
    <ele>1628.6</ele>
   </trkpt>
   <trkpt lat="-36.5708790" lon="-70.6490980">
    <ele>1628.6</ele>
   </trkpt>
   <trkpt lat="-36.5708380" lon="-70.6491200">
    <ele>1628.8</ele>
   </trkpt>
   <trkpt lat="-36.5708040" lon="-70.6491510">
    <ele>1628.6</ele>
   </trkpt>
   <trkpt lat="-36.5704650" lon="-70.6493400">
    <ele>1628.6</ele>
   </trkpt>
   <trkpt lat="-36.5701330" lon="-70.6495670">
    <ele>1627.4</ele>
   </trkpt>
   <trkpt lat="-36.5698280" lon="-70.6499170">
    <ele>1625.8</ele>
   </trkpt>
   <trkpt lat="-36.5695480" lon="-70.6502370">
    <ele>1624.4</ele>
   </trkpt>
   <trkpt lat="-36.5692610" lon="-70.6506240">
    <ele>1622.4</ele>
   </trkpt>
   <trkpt lat="-36.5689940" lon="-70.6510130">
    <ele>1621.2</ele>
   </trkpt>
   <trkpt lat="-36.5688080" lon="-70.6513190">
    <ele>1619.2</ele>
   </trkpt>
   <trkpt lat="-36.5686830" lon="-70.6514400">
    <ele>1618.8</ele>
   </trkpt>
   <trkpt lat="-36.5686140" lon="-70.6514750">
    <ele>1618.8</ele>
   </trkpt>
   <trkpt lat="-36.5682560" lon="-70.6515700">
    <ele>1620.6</ele>
   </trkpt>
   <trkpt lat="-36.5680990" lon="-70.6515620">
    <ele>1621.2</ele>
   </trkpt>
   <trkpt lat="-36.5680660" lon="-70.6515500">
    <ele>1621.6</ele>
   </trkpt>
   <trkpt lat="-36.5680310" lon="-70.6515480">
    <ele>1622.0</ele>
   </trkpt>
   <trkpt lat="-36.5680010" lon="-70.6515340">
    <ele>1622.6</ele>
   </trkpt>
   <trkpt lat="-36.5679700" lon="-70.6515230">
    <ele>1623.2</ele>
   </trkpt>
   <trkpt lat="-36.5679410" lon="-70.6515240">
    <ele>1623.6</ele>
   </trkpt>
   <trkpt lat="-36.5679060" lon="-70.6515120">
    <ele>1624.0</ele>
   </trkpt>
   <trkpt lat="-36.5678790" lon="-70.6514970">
    <ele>1624.6</ele>
   </trkpt>
   <trkpt lat="-36.5678480" lon="-70.6515080">
    <ele>1625.0</ele>
   </trkpt>
   <trkpt lat="-36.5678150" lon="-70.6515060">
    <ele>1625.6</ele>
   </trkpt>
   <trkpt lat="-36.5677830" lon="-70.6515010">
    <ele>1626.0</ele>
   </trkpt>
   <trkpt lat="-36.5677500" lon="-70.6515020">
    <ele>1626.4</ele>
   </trkpt>
   <trkpt lat="-36.5677200" lon="-70.6514960">
    <ele>1626.8</ele>
   </trkpt>
   <trkpt lat="-36.5675060" lon="-70.6514350">
    <ele>1629.2</ele>
   </trkpt>
   <trkpt lat="-36.5673760" lon="-70.6513510">
    <ele>1631.0</ele>
   </trkpt>
   <trkpt lat="-36.5673470" lon="-70.6513300">
    <ele>1631.4</ele>
   </trkpt>
   <trkpt lat="-36.5673230" lon="-70.6513200">
    <ele>1631.6</ele>
   </trkpt>
   <trkpt lat="-36.5671360" lon="-70.6512040">
    <ele>1634.0</ele>
   </trkpt>
   <trkpt lat="-36.5671090" lon="-70.6511880">
    <ele>1634.0</ele>
   </trkpt>
   <trkpt lat="-36.5670830" lon="-70.6511640">
    <ele>1634.2</ele>
   </trkpt>
   <trkpt lat="-36.5669110" lon="-70.6510270">
    <ele>1635.6</ele>
   </trkpt>
   <trkpt lat="-36.5668350" lon="-70.6509720">
    <ele>1636.6</ele>
   </trkpt>
   <trkpt lat="-36.5668100" lon="-70.6509620">
    <ele>1637.0</ele>
   </trkpt>
   <trkpt lat="-36.5665350" lon="-70.6508050">
    <ele>1638.2</ele>
   </trkpt>
   <trkpt lat="-36.5665090" lon="-70.6507940">
    <ele>1638.6</ele>
   </trkpt>
   <trkpt lat="-36.5664850" lon="-70.6507790">
    <ele>1638.8</ele>
   </trkpt>
   <trkpt lat="-36.5663500" lon="-70.6506930">
    <ele>1640.0</ele>
   </trkpt>
   <trkpt lat="-36.5663300" lon="-70.6506740">
    <ele>1640.0</ele>
   </trkpt>
   <trkpt lat="-36.5663010" lon="-70.6506590">
    <ele>1640.0</ele>
   </trkpt>
   <trkpt lat="-36.5661930" lon="-70.6505950">
    <ele>1641.2</ele>
   </trkpt>
   <trkpt lat="-36.5661650" lon="-70.6505730">
    <ele>1641.6</ele>
   </trkpt>
   <trkpt lat="-36.5661340" lon="-70.6505560">
    <ele>1641.8</ele>
   </trkpt>
   <trkpt lat="-36.5660230" lon="-70.6504840">
    <ele>1643.0</ele>
   </trkpt>
   <trkpt lat="-36.5660010" lon="-70.6504680">
    <ele>1643.0</ele>
   </trkpt>
   <trkpt lat="-36.5658720" lon="-70.6503880">
    <ele>1644.6</ele>
   </trkpt>
   <trkpt lat="-36.5658490" lon="-70.6503700">
    <ele>1645.0</ele>
   </trkpt>
   <trkpt lat="-36.5658190" lon="-70.6503540">
    <ele>1645.2</ele>
   </trkpt>
   <trkpt lat="-36.5656310" lon="-70.6502260">
    <ele>1647.0</ele>
   </trkpt>
   <trkpt lat="-36.5655810" lon="-70.6501930">
    <ele>1646.8</ele>
   </trkpt>
   <trkpt lat="-36.5655540" lon="-70.6501820">
    <ele>1647.0</ele>
   </trkpt>
   <trkpt lat="-36.5655280" lon="-70.6501620">
    <ele>1647.4</ele>
   </trkpt>
   <trkpt lat="-36.5653650" lon="-70.6500510">
    <ele>1649.2</ele>
   </trkpt>
   <trkpt lat="-36.5653380" lon="-70.6500400">
    <ele>1649.4</ele>
   </trkpt>
   <trkpt lat="-36.5653100" lon="-70.6500160">
    <ele>1649.8</ele>
   </trkpt>
   <trkpt lat="-36.5652840" lon="-70.6499990">
    <ele>1650.0</ele>
   </trkpt>
   <trkpt lat="-36.5652340" lon="-70.6499550">
    <ele>1650.4</ele>
   </trkpt>
   <trkpt lat="-36.5651880" lon="-70.6499140">
    <ele>1650.8</ele>
   </trkpt>
   <trkpt lat="-36.5651380" lon="-70.6498710">
    <ele>1651.6</ele>
   </trkpt>
   <trkpt lat="-36.5651070" lon="-70.6498570">
    <ele>1651.8</ele>
   </trkpt>
   <trkpt lat="-36.5650790" lon="-70.6498370">
    <ele>1652.2</ele>
   </trkpt>
   <trkpt lat="-36.5650470" lon="-70.6498160">
    <ele>1652.6</ele>
   </trkpt>
   <trkpt lat="-36.5646940" lon="-70.6496340">
    <ele>1655.4</ele>
   </trkpt>
   <trkpt lat="-36.5643610" lon="-70.6494030">
    <ele>1656.6</ele>
   </trkpt>
   <trkpt lat="-36.5643250" lon="-70.6493650">
    <ele>1656.8</ele>
   </trkpt>
   <trkpt lat="-36.5642640" lon="-70.6492850">
    <ele>1656.8</ele>
   </trkpt>
   <trkpt lat="-36.5640400" lon="-70.6489580">
    <ele>1657.4</ele>
   </trkpt>
   <trkpt lat="-36.5639720" lon="-70.6488180">
    <ele>1658.0</ele>
   </trkpt>
   <trkpt lat="-36.5639420" lon="-70.6487770">
    <ele>1658.4</ele>
   </trkpt>
   <trkpt lat="-36.5638420" lon="-70.6485900">
    <ele>1659.0</ele>
   </trkpt>
   <trkpt lat="-36.5638230" lon="-70.6485560">
    <ele>1659.2</ele>
   </trkpt>
   <trkpt lat="-36.5638080" lon="-70.6485150">
    <ele>1659.6</ele>
   </trkpt>
   <trkpt lat="-36.5637840" lon="-70.6484770">
    <ele>1659.8</ele>
   </trkpt>
   <trkpt lat="-36.5636920" lon="-70.6483140">
    <ele>1661.2</ele>
   </trkpt>
   <trkpt lat="-36.5636740" lon="-70.6482900">
    <ele>1661.6</ele>
   </trkpt>
   <trkpt lat="-36.5636620" lon="-70.6482640">
    <ele>1662.0</ele>
   </trkpt>
   <trkpt lat="-36.5636450" lon="-70.6482390">
    <ele>1662.4</ele>
   </trkpt>
   <trkpt lat="-36.5636280" lon="-70.6482150">
    <ele>1662.6</ele>
   </trkpt>
   <trkpt lat="-36.5636130" lon="-70.6481880">
    <ele>1663.0</ele>
   </trkpt>
   <trkpt lat="-36.5635650" lon="-70.6481110">
    <ele>1664.2</ele>
   </trkpt>
   <trkpt lat="-36.5635320" lon="-70.6480600">
    <ele>1665.0</ele>
   </trkpt>
   <trkpt lat="-36.5634800" lon="-70.6479510">
    <ele>1666.0</ele>
   </trkpt>
   <trkpt lat="-36.5634610" lon="-70.6479250">
    <ele>1666.4</ele>
   </trkpt>
   <trkpt lat="-36.5634170" lon="-70.6478540">
    <ele>1667.6</ele>
   </trkpt>
   <trkpt lat="-36.5633970" lon="-70.6478370">
    <ele>1668.0</ele>
   </trkpt>
   <trkpt lat="-36.5633100" lon="-70.6477880">
    <ele>1669.2</ele>
   </trkpt>
   <trkpt lat="-36.5632850" lon="-70.6477840">
    <ele>1669.6</ele>
   </trkpt>
   <trkpt lat="-36.5632600" lon="-70.6477750">
    <ele>1669.8</ele>
   </trkpt>
   <trkpt lat="-36.5632370" lon="-70.6477760">
    <ele>1670.0</ele>
   </trkpt>
   <trkpt lat="-36.5631640" lon="-70.6477770">
    <ele>1671.0</ele>
   </trkpt>
   <trkpt lat="-36.5631360" lon="-70.6477840">
    <ele>1671.4</ele>
   </trkpt>
   <trkpt lat="-36.5631080" lon="-70.6477840">
    <ele>1671.6</ele>
   </trkpt>
   <trkpt lat="-36.5628850" lon="-70.6477860">
    <ele>1673.0</ele>
   </trkpt>
   <trkpt lat="-36.5628490" lon="-70.6477870">
    <ele>1673.2</ele>
   </trkpt>
   <trkpt lat="-36.5628140" lon="-70.6477860">
    <ele>1673.4</ele>
   </trkpt>
   <trkpt lat="-36.5627820" lon="-70.6477750">
    <ele>1673.4</ele>
   </trkpt>
   <trkpt lat="-36.5627510" lon="-70.6477570">
    <ele>1673.8</ele>
   </trkpt>
   <trkpt lat="-36.5627200" lon="-70.6477280">
    <ele>1674.0</ele>
   </trkpt>
   <trkpt lat="-36.5626900" lon="-70.6476920">
    <ele>1674.0</ele>
   </trkpt>
   <trkpt lat="-36.5626680" lon="-70.6476480">
    <ele>1674.2</ele>
   </trkpt>
   <trkpt lat="-36.5626530" lon="-70.6476000">
    <ele>1674.2</ele>
   </trkpt>
   <trkpt lat="-36.5626050" lon="-70.6474240">
    <ele>1674.0</ele>
   </trkpt>
   <trkpt lat="-36.5625620" lon="-70.6473390">
    <ele>1674.2</ele>
   </trkpt>
   <trkpt lat="-36.5625320" lon="-70.6473190">
    <ele>1674.4</ele>
   </trkpt>
   <trkpt lat="-36.5624970" lon="-70.6473090">
    <ele>1674.8</ele>
   </trkpt>
   <trkpt lat="-36.5624600" lon="-70.6473260">
    <ele>1674.8</ele>
   </trkpt>
   <trkpt lat="-36.5624290" lon="-70.6473560">
    <ele>1674.4</ele>
   </trkpt>
   <trkpt lat="-36.5623980" lon="-70.6473850">
    <ele>1674.6</ele>
   </trkpt>
   <trkpt lat="-36.5623680" lon="-70.6474150">
    <ele>1674.4</ele>
   </trkpt>
   <trkpt lat="-36.5623430" lon="-70.6474460">
    <ele>1674.4</ele>
   </trkpt>
   <trkpt lat="-36.5623120" lon="-70.6474670">
    <ele>1674.4</ele>
   </trkpt>
   <trkpt lat="-36.5622760" lon="-70.6474800">
    <ele>1674.6</ele>
   </trkpt>
   <trkpt lat="-36.5622370" lon="-70.6474830">
    <ele>1674.2</ele>
   </trkpt>
   <trkpt lat="-36.5621930" lon="-70.6474740">
    <ele>1674.6</ele>
   </trkpt>
   <trkpt lat="-36.5618780" lon="-70.6473800">
    <ele>1672.8</ele>
   </trkpt>
   <trkpt lat="-36.5618230" lon="-70.6473420">
    <ele>1672.8</ele>
   </trkpt>
   <trkpt lat="-36.5614900" lon="-70.6471190">
    <ele>1671.6</ele>
   </trkpt>
   <trkpt lat="-36.5611360" lon="-70.6469270">
    <ele>1668.2</ele>
   </trkpt>
   <trkpt lat="-36.5607410" lon="-70.6467140">
    <ele>1665.4</ele>
   </trkpt>
   <trkpt lat="-36.5603670" lon="-70.6465710">
    <ele>1662.8</ele>
   </trkpt>
   <trkpt lat="-36.5599900" lon="-70.6463230">
    <ele>1661.6</ele>
   </trkpt>
   <trkpt lat="-36.5598660" lon="-70.6462270">
    <ele>1661.6</ele>
   </trkpt>
   <trkpt lat="-36.5595410" lon="-70.6459720">
    <ele>1661.2</ele>
   </trkpt>
   <trkpt lat="-36.5592300" lon="-70.6457250">
    <ele>1659.2</ele>
   </trkpt>
   <trkpt lat="-36.5588890" lon="-70.6454240">
    <ele>1659.6</ele>
   </trkpt>
   <trkpt lat="-36.5585520" lon="-70.6451890">
    <ele>1658.2</ele>
   </trkpt>
   <trkpt lat="-36.5582910" lon="-70.6450010">
    <ele>1657.4</ele>
   </trkpt>
   <trkpt lat="-36.5582550" lon="-70.6449910">
    <ele>1657.4</ele>
   </trkpt>
   <trkpt lat="-36.5582200" lon="-70.6449800">
    <ele>1657.4</ele>
   </trkpt>
   <trkpt lat="-36.5577930" lon="-70.6448550">
    <ele>1658.8</ele>
   </trkpt>
   <trkpt lat="-36.5574320" lon="-70.6447600">
    <ele>1658.6</ele>
   </trkpt>
   <trkpt lat="-36.5570360" lon="-70.6446800">
    <ele>1660.0</ele>
   </trkpt>
   <trkpt lat="-36.5569810" lon="-70.6446780">
    <ele>1660.2</ele>
   </trkpt>
   <trkpt lat="-36.5566940" lon="-70.6446480">
    <ele>1661.2</ele>
   </trkpt>
   <trkpt lat="-36.5565870" lon="-70.6445890">
    <ele>1661.4</ele>
   </trkpt>
   <trkpt lat="-36.5565420" lon="-70.6445370">
    <ele>1661.2</ele>
   </trkpt>
   <trkpt lat="-36.5563560" lon="-70.6443130">
    <ele>1660.6</ele>
   </trkpt>
   <trkpt lat="-36.5562880" lon="-70.6442700">
    <ele>1660.6</ele>
   </trkpt>
   <trkpt lat="-36.5562160" lon="-70.6442600">
    <ele>1660.6</ele>
   </trkpt>
   <trkpt lat="-36.5561490" lon="-70.6442780">
    <ele>1660.2</ele>
   </trkpt>
   <trkpt lat="-36.5560750" lon="-70.6442750">
    <ele>1659.4</ele>
   </trkpt>
   <trkpt lat="-36.5557080" lon="-70.6442220">
    <ele>1656.0</ele>
   </trkpt>
   <trkpt lat="-36.5554990" lon="-70.6442250">
    <ele>1655.2</ele>
   </trkpt>
   <trkpt lat="-36.5554110" lon="-70.6441960">
    <ele>1654.2</ele>
   </trkpt>
   <trkpt lat="-36.5553270" lon="-70.6441500">
    <ele>1653.4</ele>
   </trkpt>
   <trkpt lat="-36.5549650" lon="-70.6439270">
    <ele>1654.0</ele>
   </trkpt>
   <trkpt lat="-36.5549190" lon="-70.6438880">
    <ele>1654.2</ele>
   </trkpt>
   <trkpt lat="-36.5548770" lon="-70.6438320">
    <ele>1653.6</ele>
   </trkpt>
   <trkpt lat="-36.5546870" lon="-70.6435790">
    <ele>1655.6</ele>
   </trkpt>
   <trkpt lat="-36.5543910" lon="-70.6432830">
    <ele>1658.2</ele>
   </trkpt>
   <trkpt lat="-36.5543210" lon="-70.6432140">
    <ele>1658.8</ele>
   </trkpt>
   <trkpt lat="-36.5542910" lon="-70.6431640">
    <ele>1659.0</ele>
   </trkpt>
   <trkpt lat="-36.5542620" lon="-70.6431180">
    <ele>1659.0</ele>
   </trkpt>
   <trkpt lat="-36.5542330" lon="-70.6430630">
    <ele>1659.4</ele>
   </trkpt>
   <trkpt lat="-36.5541950" lon="-70.6430140">
    <ele>1659.4</ele>
   </trkpt>
   <trkpt lat="-36.5539470" lon="-70.6425870">
    <ele>1659.6</ele>
   </trkpt>
   <trkpt lat="-36.5537830" lon="-70.6422420">
    <ele>1659.2</ele>
   </trkpt>
   <trkpt lat="-36.5536430" lon="-70.6418070">
    <ele>1660.0</ele>
   </trkpt>
   <trkpt lat="-36.5535420" lon="-70.6413450">
    <ele>1660.2</ele>
   </trkpt>
   <trkpt lat="-36.5534500" lon="-70.6409100">
    <ele>1660.0</ele>
   </trkpt>
   <trkpt lat="-36.5532560" lon="-70.6404320">
    <ele>1659.4</ele>
   </trkpt>
   <trkpt lat="-36.5530090" lon="-70.6400800">
    <ele>1658.0</ele>
   </trkpt>
   <trkpt lat="-36.5527600" lon="-70.6397200">
    <ele>1657.2</ele>
   </trkpt>
   <trkpt lat="-36.5524300" lon="-70.6394280">
    <ele>1656.4</ele>
   </trkpt>
   <trkpt lat="-36.5520520" lon="-70.6391850">
    <ele>1655.8</ele>
   </trkpt>
   <trkpt lat="-36.5516880" lon="-70.6390010">
    <ele>1657.2</ele>
   </trkpt>
   <trkpt lat="-36.5513470" lon="-70.6388170">
    <ele>1657.8</ele>
   </trkpt>
   <trkpt lat="-36.5510340" lon="-70.6385950">
    <ele>1659.2</ele>
   </trkpt>
   <trkpt lat="-36.5509920" lon="-70.6385540">
    <ele>1659.4</ele>
   </trkpt>
   <trkpt lat="-36.5506980" lon="-70.6382510">
    <ele>1660.8</ele>
   </trkpt>
   <trkpt lat="-36.5504790" lon="-70.6379840">
    <ele>1662.4</ele>
   </trkpt>
   <trkpt lat="-36.5504450" lon="-70.6379470">
    <ele>1662.8</ele>
   </trkpt>
   <trkpt lat="-36.5504130" lon="-70.6378990">
    <ele>1662.8</ele>
   </trkpt>
   <trkpt lat="-36.5501420" lon="-70.6375740">
    <ele>1663.8</ele>
   </trkpt>
   <trkpt lat="-36.5498350" lon="-70.6372230">
    <ele>1662.6</ele>
   </trkpt>
   <trkpt lat="-36.5495470" lon="-70.6369350">
    <ele>1664.6</ele>
   </trkpt>
   <trkpt lat="-36.5494870" lon="-70.6368630">
    <ele>1664.8</ele>
   </trkpt>
   <trkpt lat="-36.5494650" lon="-70.6368260">
    <ele>1665.2</ele>
   </trkpt>
   <trkpt lat="-36.5492160" lon="-70.6365050">
    <ele>1667.2</ele>
   </trkpt>
   <trkpt lat="-36.5491590" lon="-70.6364090">
    <ele>1667.2</ele>
   </trkpt>
   <trkpt lat="-36.5489210" lon="-70.6360670">
    <ele>1668.0</ele>
   </trkpt>
   <trkpt lat="-36.5485920" lon="-70.6357800">
    <ele>1668.0</ele>
   </trkpt>
   <trkpt lat="-36.5482390" lon="-70.6355870">
    <ele>1670.0</ele>
   </trkpt>
   <trkpt lat="-36.5479170" lon="-70.6353160">
    <ele>1671.8</ele>
   </trkpt>
   <trkpt lat="-36.5476740" lon="-70.6351210">
    <ele>1673.8</ele>
   </trkpt>
   <trkpt lat="-36.5475920" lon="-70.6350530">
    <ele>1673.8</ele>
   </trkpt>
   <trkpt lat="-36.5472590" lon="-70.6347570">
    <ele>1674.0</ele>
   </trkpt>
   <trkpt lat="-36.5469290" lon="-70.6345390">
    <ele>1674.8</ele>
   </trkpt>
   <trkpt lat="-36.5465280" lon="-70.6344800">
    <ele>1674.8</ele>
   </trkpt>
   <trkpt lat="-36.5461220" lon="-70.6345140">
    <ele>1675.2</ele>
   </trkpt>
   <trkpt lat="-36.5457450" lon="-70.6345240">
    <ele>1675.0</ele>
   </trkpt>
   <trkpt lat="-36.5453410" lon="-70.6345630">
    <ele>1674.6</ele>
   </trkpt>
   <trkpt lat="-36.5449330" lon="-70.6345220">
    <ele>1674.0</ele>
   </trkpt>
   <trkpt lat="-36.5445080" lon="-70.6344850">
    <ele>1673.2</ele>
   </trkpt>
   <trkpt lat="-36.5442910" lon="-70.6344180">
    <ele>1672.6</ele>
   </trkpt>
   <trkpt lat="-36.5442300" lon="-70.6343740">
    <ele>1672.6</ele>
   </trkpt>
   <trkpt lat="-36.5439160" lon="-70.6341410">
    <ele>1672.0</ele>
   </trkpt>
   <trkpt lat="-36.5435270" lon="-70.6339330">
    <ele>1672.6</ele>
   </trkpt>
   <trkpt lat="-36.5434670" lon="-70.6338930">
    <ele>1672.4</ele>
   </trkpt>
   <trkpt lat="-36.5434140" lon="-70.6338480">
    <ele>1672.2</ele>
   </trkpt>
   <trkpt lat="-36.5433240" lon="-70.6337370">
    <ele>1672.4</ele>
   </trkpt>
   <trkpt lat="-36.5431800" lon="-70.6335540">
    <ele>1672.2</ele>
   </trkpt>
   <trkpt lat="-36.5431040" lon="-70.6335140">
    <ele>1672.0</ele>
   </trkpt>
   <trkpt lat="-36.5430380" lon="-70.6335010">
    <ele>1671.4</ele>
   </trkpt>
   <trkpt lat="-36.5429840" lon="-70.6334820">
    <ele>1671.2</ele>
   </trkpt>
   <trkpt lat="-36.5429340" lon="-70.6334520">
    <ele>1671.4</ele>
   </trkpt>
   <trkpt lat="-36.5427750" lon="-70.6333690">
    <ele>1672.8</ele>
   </trkpt>
   <trkpt lat="-36.5427180" lon="-70.6333530">
    <ele>1673.4</ele>
   </trkpt>
   <trkpt lat="-36.5423340" lon="-70.6332510">
    <ele>1673.0</ele>
   </trkpt>
   <trkpt lat="-36.5420790" lon="-70.6331340">
    <ele>1672.8</ele>
   </trkpt>
   <trkpt lat="-36.5420270" lon="-70.6330800">
    <ele>1672.0</ele>
   </trkpt>
   <trkpt lat="-36.5419810" lon="-70.6330060">
    <ele>1671.4</ele>
   </trkpt>
   <trkpt lat="-36.5419200" lon="-70.6329510">
    <ele>1671.6</ele>
   </trkpt>
   <trkpt lat="-36.5418490" lon="-70.6329150">
    <ele>1671.2</ele>
   </trkpt>
   <trkpt lat="-36.5417750" lon="-70.6329200">
    <ele>1671.4</ele>
   </trkpt>
   <trkpt lat="-36.5416650" lon="-70.6329400">
    <ele>1671.0</ele>
   </trkpt>
   <trkpt lat="-36.5416100" lon="-70.6329290">
    <ele>1671.0</ele>
   </trkpt>
   <trkpt lat="-36.5415550" lon="-70.6328960">
    <ele>1671.0</ele>
   </trkpt>
   <trkpt lat="-36.5415070" lon="-70.6328470">
    <ele>1671.0</ele>
   </trkpt>
   <trkpt lat="-36.5412650" lon="-70.6325000">
    <ele>1671.6</ele>
   </trkpt>
   <trkpt lat="-36.5410720" lon="-70.6321090">
    <ele>1673.6</ele>
   </trkpt>
   <trkpt lat="-36.5408400" lon="-70.6317130">
    <ele>1675.0</ele>
   </trkpt>
   <trkpt lat="-36.5405600" lon="-70.6314170">
    <ele>1676.8</ele>
   </trkpt>
   <trkpt lat="-36.5402500" lon="-70.6311800">
    <ele>1678.8</ele>
   </trkpt>
   <trkpt lat="-36.5399060" lon="-70.6309830">
    <ele>1680.8</ele>
   </trkpt>
   <trkpt lat="-36.5395900" lon="-70.6307450">
    <ele>1683.2</ele>
   </trkpt>
   <trkpt lat="-36.5393400" lon="-70.6305330">
    <ele>1684.8</ele>
   </trkpt>
   <trkpt lat="-36.5390090" lon="-70.6302750">
    <ele>1685.8</ele>
   </trkpt>
   <trkpt lat="-36.5389050" lon="-70.6301520">
    <ele>1686.0</ele>
   </trkpt>
   <trkpt lat="-36.5386980" lon="-70.6297650">
    <ele>1687.4</ele>
   </trkpt>
   <trkpt lat="-36.5386850" lon="-70.6297180">
    <ele>1687.8</ele>
   </trkpt>
   <trkpt lat="-36.5386410" lon="-70.6296200">
    <ele>1688.2</ele>
   </trkpt>
   <trkpt lat="-36.5386130" lon="-70.6295760">
    <ele>1688.6</ele>
   </trkpt>
   <trkpt lat="-36.5385790" lon="-70.6295390">
    <ele>1688.6</ele>
   </trkpt>
   <trkpt lat="-36.5385340" lon="-70.6295030">
    <ele>1688.4</ele>
   </trkpt>
   <trkpt lat="-36.5384900" lon="-70.6294820">
    <ele>1688.6</ele>
   </trkpt>
   <trkpt lat="-36.5384550" lon="-70.6294580">
    <ele>1689.2</ele>
   </trkpt>
   <trkpt lat="-36.5384200" lon="-70.6294470">
    <ele>1689.6</ele>
   </trkpt>
   <trkpt lat="-36.5383940" lon="-70.6294280">
    <ele>1690.2</ele>
   </trkpt>
   <trkpt lat="-36.5383370" lon="-70.6293910">
    <ele>1691.0</ele>
   </trkpt>
   <trkpt lat="-36.5381610" lon="-70.6291710">
    <ele>1691.0</ele>
   </trkpt>
   <trkpt lat="-36.5381100" lon="-70.6291310">
    <ele>1691.0</ele>
   </trkpt>
   <trkpt lat="-36.5380550" lon="-70.6291000">
    <ele>1691.0</ele>
   </trkpt>
   <trkpt lat="-36.5376900" lon="-70.6289300">
    <ele>1692.2</ele>
   </trkpt>
   <trkpt lat="-36.5373400" lon="-70.6287380">
    <ele>1693.6</ele>
   </trkpt>
   <trkpt lat="-36.5370010" lon="-70.6284410">
    <ele>1693.2</ele>
   </trkpt>
   <trkpt lat="-36.5366480" lon="-70.6282000">
    <ele>1693.6</ele>
   </trkpt>
   <trkpt lat="-36.5366070" lon="-70.6281560">
    <ele>1693.6</ele>
   </trkpt>
   <trkpt lat="-36.5362860" lon="-70.6278820">
    <ele>1693.8</ele>
   </trkpt>
   <trkpt lat="-36.5359740" lon="-70.6276370">
    <ele>1693.8</ele>
   </trkpt>
   <trkpt lat="-36.5356340" lon="-70.6273790">
    <ele>1694.8</ele>
   </trkpt>
   <trkpt lat="-36.5353060" lon="-70.6271240">
    <ele>1695.6</ele>
   </trkpt>
   <trkpt lat="-36.5349630" lon="-70.6268370">
    <ele>1696.6</ele>
   </trkpt>
   <trkpt lat="-36.5346500" lon="-70.6266090">
    <ele>1698.2</ele>
   </trkpt>
   <trkpt lat="-36.5343440" lon="-70.6263540">
    <ele>1699.4</ele>
   </trkpt>
   <trkpt lat="-36.5342450" lon="-70.6263000">
    <ele>1698.8</ele>
   </trkpt>
   <trkpt lat="-36.5338910" lon="-70.6261360">
    <ele>1700.0</ele>
   </trkpt>
   <trkpt lat="-36.5334850" lon="-70.6259930">
    <ele>1699.4</ele>
   </trkpt>
   <trkpt lat="-36.5333670" lon="-70.6259610">
    <ele>1699.8</ele>
   </trkpt>
   <trkpt lat="-36.5333070" lon="-70.6259580">
    <ele>1699.4</ele>
   </trkpt>
   <trkpt lat="-36.5331950" lon="-70.6259500">
    <ele>1699.4</ele>
   </trkpt>
   <trkpt lat="-36.5331340" lon="-70.6259200">
    <ele>1699.2</ele>
   </trkpt>
   <trkpt lat="-36.5330710" lon="-70.6258700">
    <ele>1699.0</ele>
   </trkpt>
   <trkpt lat="-36.5328700" lon="-70.6256800">
    <ele>1697.4</ele>
   </trkpt>
   <trkpt lat="-36.5327830" lon="-70.6255700">
    <ele>1698.0</ele>
   </trkpt>
   <trkpt lat="-36.5327560" lon="-70.6255190">
    <ele>1698.0</ele>
   </trkpt>
   <trkpt lat="-36.5326670" lon="-70.6252820">
    <ele>1699.6</ele>
   </trkpt>
   <trkpt lat="-36.5326510" lon="-70.6252180">
    <ele>1699.6</ele>
   </trkpt>
   <trkpt lat="-36.5325640" lon="-70.6249910">
    <ele>1699.8</ele>
   </trkpt>
   <trkpt lat="-36.5325250" lon="-70.6249400">
    <ele>1699.8</ele>
   </trkpt>
   <trkpt lat="-36.5324780" lon="-70.6248900">
    <ele>1699.8</ele>
   </trkpt>
   <trkpt lat="-36.5321500" lon="-70.6246040">
    <ele>1700.2</ele>
   </trkpt>
   <trkpt lat="-36.5318480" lon="-70.6242710">
    <ele>1699.0</ele>
   </trkpt>
   <trkpt lat="-36.5317270" lon="-70.6241930">
    <ele>1698.6</ele>
   </trkpt>
   <trkpt lat="-36.5313530" lon="-70.6240690">
    <ele>1698.6</ele>
   </trkpt>
   <trkpt lat="-36.5312860" lon="-70.6240310">
    <ele>1698.2</ele>
   </trkpt>
   <trkpt lat="-36.5309700" lon="-70.6237630">
    <ele>1696.2</ele>
   </trkpt>
   <trkpt lat="-36.5306800" lon="-70.6234230">
    <ele>1695.2</ele>
   </trkpt>
   <trkpt lat="-36.5304130" lon="-70.6231130">
    <ele>1692.4</ele>
   </trkpt>
   <trkpt lat="-36.5300660" lon="-70.6228420">
    <ele>1690.8</ele>
   </trkpt>
   <trkpt lat="-36.5297020" lon="-70.6225640">
    <ele>1689.8</ele>
   </trkpt>
   <trkpt lat="-36.5292850" lon="-70.6224400">
    <ele>1687.2</ele>
   </trkpt>
   <trkpt lat="-36.5288950" lon="-70.6222880">
    <ele>1687.0</ele>
   </trkpt>
   <trkpt lat="-36.5284910" lon="-70.6221260">
    <ele>1686.0</ele>
   </trkpt>
   <trkpt lat="-36.5281590" lon="-70.6219450">
    <ele>1684.0</ele>
   </trkpt>
   <trkpt lat="-36.5277770" lon="-70.6216920">
    <ele>1682.4</ele>
   </trkpt>
   <trkpt lat="-36.5273620" lon="-70.6215170">
    <ele>1681.6</ele>
   </trkpt>
   <trkpt lat="-36.5269280" lon="-70.6214550">
    <ele>1680.6</ele>
   </trkpt>
   <trkpt lat="-36.5265310" lon="-70.6213810">
    <ele>1679.8</ele>
   </trkpt>
   <trkpt lat="-36.5263780" lon="-70.6213570">
    <ele>1679.8</ele>
   </trkpt>
   <trkpt lat="-36.5260270" lon="-70.6212210">
    <ele>1678.4</ele>
   </trkpt>
   <trkpt lat="-36.5259660" lon="-70.6211800">
    <ele>1678.8</ele>
   </trkpt>
   <trkpt lat="-36.5256560" lon="-70.6208560">
    <ele>1680.2</ele>
   </trkpt>
   <trkpt lat="-36.5254420" lon="-70.6204420">
    <ele>1680.6</ele>
   </trkpt>
   <trkpt lat="-36.5252290" lon="-70.6200760">
    <ele>1680.4</ele>
   </trkpt>
   <trkpt lat="-36.5249860" lon="-70.6196450">
    <ele>1681.6</ele>
   </trkpt>
   <trkpt lat="-36.5247310" lon="-70.6192290">
    <ele>1681.0</ele>
   </trkpt>
   <trkpt lat="-36.5244650" lon="-70.6188940">
    <ele>1681.0</ele>
   </trkpt>
   <trkpt lat="-36.5241500" lon="-70.6185620">
    <ele>1681.8</ele>
   </trkpt>
   <trkpt lat="-36.5238520" lon="-70.6182380">
    <ele>1681.8</ele>
   </trkpt>
   <trkpt lat="-36.5235320" lon="-70.6179160">
    <ele>1683.0</ele>
   </trkpt>
   <trkpt lat="-36.5232200" lon="-70.6176030">
    <ele>1683.8</ele>
   </trkpt>
   <trkpt lat="-36.5229280" lon="-70.6172890">
    <ele>1684.0</ele>
   </trkpt>
   <trkpt lat="-36.5226460" lon="-70.6169650">
    <ele>1684.0</ele>
   </trkpt>
   <trkpt lat="-36.5223460" lon="-70.6166330">
    <ele>1685.0</ele>
   </trkpt>
   <trkpt lat="-36.5220620" lon="-70.6162900">
    <ele>1686.0</ele>
   </trkpt>
   <trkpt lat="-36.5217920" lon="-70.6159300">
    <ele>1685.8</ele>
   </trkpt>
   <trkpt lat="-36.5215190" lon="-70.6155710">
    <ele>1685.6</ele>
   </trkpt>
   <trkpt lat="-36.5212420" lon="-70.6152220">
    <ele>1687.4</ele>
   </trkpt>
   <trkpt lat="-36.5209610" lon="-70.6148730">
    <ele>1686.6</ele>
   </trkpt>
   <trkpt lat="-36.5206730" lon="-70.6145670">
    <ele>1687.0</ele>
   </trkpt>
   <trkpt lat="-36.5203620" lon="-70.6142900">
    <ele>1687.6</ele>
   </trkpt>
   <trkpt lat="-36.5200340" lon="-70.6140430">
    <ele>1687.6</ele>
   </trkpt>
   <trkpt lat="-36.5197060" lon="-70.6138080">
    <ele>1688.4</ele>
   </trkpt>
   <trkpt lat="-36.5193730" lon="-70.6135530">
    <ele>1689.6</ele>
   </trkpt>
   <trkpt lat="-36.5190760" lon="-70.6132790">
    <ele>1689.8</ele>
   </trkpt>
   <trkpt lat="-36.5188370" lon="-70.6130080">
    <ele>1690.2</ele>
   </trkpt>
   <trkpt lat="-36.5187830" lon="-70.6129750">
    <ele>1690.2</ele>
   </trkpt>
   <trkpt lat="-36.5187230" lon="-70.6129570">
    <ele>1690.2</ele>
   </trkpt>
   <trkpt lat="-36.5186640" lon="-70.6129360">
    <ele>1690.2</ele>
   </trkpt>
   <trkpt lat="-36.5186120" lon="-70.6129040">
    <ele>1690.0</ele>
   </trkpt>
   <trkpt lat="-36.5183060" lon="-70.6126370">
    <ele>1691.6</ele>
   </trkpt>
   <trkpt lat="-36.5179830" lon="-70.6124220">
    <ele>1690.6</ele>
   </trkpt>
   <trkpt lat="-36.5178090" lon="-70.6123270">
    <ele>1690.2</ele>
   </trkpt>
   <trkpt lat="-36.5177520" lon="-70.6123140">
    <ele>1690.4</ele>
   </trkpt>
   <trkpt lat="-36.5177030" lon="-70.6122860">
    <ele>1690.4</ele>
   </trkpt>
   <trkpt lat="-36.5176610" lon="-70.6122390">
    <ele>1690.4</ele>
   </trkpt>
   <trkpt lat="-36.5174430" lon="-70.6119910">
    <ele>1691.2</ele>
   </trkpt>
   <trkpt lat="-36.5171280" lon="-70.6117630">
    <ele>1691.4</ele>
   </trkpt>
   <trkpt lat="-36.5170240" lon="-70.6116970">
    <ele>1691.8</ele>
   </trkpt>
   <trkpt lat="-36.5169760" lon="-70.6116470">
    <ele>1691.8</ele>
   </trkpt>
   <trkpt lat="-36.5166490" lon="-70.6113800">
    <ele>1692.2</ele>
   </trkpt>
   <trkpt lat="-36.5163010" lon="-70.6111470">
    <ele>1692.8</ele>
   </trkpt>
   <trkpt lat="-36.5161270" lon="-70.6109530">
    <ele>1693.0</ele>
   </trkpt>
   <trkpt lat="-36.5158920" lon="-70.6105800">
    <ele>1694.8</ele>
   </trkpt>
   <trkpt lat="-36.5158590" lon="-70.6105370">
    <ele>1695.2</ele>
   </trkpt>
   <trkpt lat="-36.5158170" lon="-70.6105080">
    <ele>1695.4</ele>
   </trkpt>
   <trkpt lat="-36.5154890" lon="-70.6102360">
    <ele>1695.8</ele>
   </trkpt>
   <trkpt lat="-36.5151770" lon="-70.6099600">
    <ele>1695.0</ele>
   </trkpt>
   <trkpt lat="-36.5151290" lon="-70.6099130">
    <ele>1695.0</ele>
   </trkpt>
   <trkpt lat="-36.5150740" lon="-70.6098890">
    <ele>1695.0</ele>
   </trkpt>
   <trkpt lat="-36.5150270" lon="-70.6098720">
    <ele>1694.8</ele>
   </trkpt>
   <trkpt lat="-36.5149740" lon="-70.6098570">
    <ele>1694.8</ele>
   </trkpt>
   <trkpt lat="-36.5149230" lon="-70.6098320">
    <ele>1694.6</ele>
   </trkpt>
   <trkpt lat="-36.5145610" lon="-70.6096370">
    <ele>1695.8</ele>
   </trkpt>
   <trkpt lat="-36.5141780" lon="-70.6094260">
    <ele>1695.8</ele>
   </trkpt>
   <trkpt lat="-36.5140190" lon="-70.6093350">
    <ele>1695.6</ele>
   </trkpt>
   <trkpt lat="-36.5136420" lon="-70.6091780">
    <ele>1697.2</ele>
   </trkpt>
   <trkpt lat="-36.5134270" lon="-70.6090870">
    <ele>1697.0</ele>
   </trkpt>
   <trkpt lat="-36.5130910" lon="-70.6088670">
    <ele>1696.6</ele>
   </trkpt>
   <trkpt lat="-36.5129090" lon="-70.6086480">
    <ele>1699.8</ele>
   </trkpt>
   <trkpt lat="-36.5126970" lon="-70.6082780">
    <ele>1699.2</ele>
   </trkpt>
   <trkpt lat="-36.5125870" lon="-70.6081080">
    <ele>1699.0</ele>
   </trkpt>
   <trkpt lat="-36.5123110" lon="-70.6077220">
    <ele>1698.6</ele>
   </trkpt>
   <trkpt lat="-36.5120370" lon="-70.6074320">
    <ele>1697.6</ele>
   </trkpt>
   <trkpt lat="-36.5117190" lon="-70.6071910">
    <ele>1698.8</ele>
   </trkpt>
   <trkpt lat="-36.5114040" lon="-70.6069730">
    <ele>1700.0</ele>
   </trkpt>
   <trkpt lat="-36.5110770" lon="-70.6067760">
    <ele>1700.6</ele>
   </trkpt>
   <trkpt lat="-36.5108330" lon="-70.6066890">
    <ele>1700.4</ele>
   </trkpt>
   <trkpt lat="-36.5107830" lon="-70.6066380">
    <ele>1701.0</ele>
   </trkpt>
   <trkpt lat="-36.5106350" lon="-70.6064860">
    <ele>1701.0</ele>
   </trkpt>
   <trkpt lat="-36.5103650" lon="-70.6063530">
    <ele>1701.0</ele>
   </trkpt>
   <trkpt lat="-36.5103090" lon="-70.6063370">
    <ele>1701.4</ele>
   </trkpt>
   <trkpt lat="-36.5099160" lon="-70.6061980">
    <ele>1702.2</ele>
   </trkpt>
   <trkpt lat="-36.5098710" lon="-70.6061560">
    <ele>1702.8</ele>
   </trkpt>
   <trkpt lat="-36.5098000" lon="-70.6060630">
    <ele>1703.2</ele>
   </trkpt>
   <trkpt lat="-36.5097750" lon="-70.6060070">
    <ele>1703.6</ele>
   </trkpt>
   <trkpt lat="-36.5096700" lon="-70.6057700">
    <ele>1704.4</ele>
   </trkpt>
   <trkpt lat="-36.5096310" lon="-70.6056740">
    <ele>1705.4</ele>
   </trkpt>
   <trkpt lat="-36.5096180" lon="-70.6056290">
    <ele>1705.6</ele>
   </trkpt>
   <trkpt lat="-36.5095950" lon="-70.6055850">
    <ele>1705.8</ele>
   </trkpt>
   <trkpt lat="-36.5095550" lon="-70.6055090">
    <ele>1706.2</ele>
   </trkpt>
   <trkpt lat="-36.5094660" lon="-70.6053890">
    <ele>1707.0</ele>
   </trkpt>
   <trkpt lat="-36.5094330" lon="-70.6053550">
    <ele>1707.2</ele>
   </trkpt>
   <trkpt lat="-36.5091390" lon="-70.6050740">
    <ele>1709.8</ele>
   </trkpt>
   <trkpt lat="-36.5089820" lon="-70.6049840">
    <ele>1710.6</ele>
   </trkpt>
   <trkpt lat="-36.5086360" lon="-70.6048140">
    <ele>1711.8</ele>
   </trkpt>
   <trkpt lat="-36.5083090" lon="-70.6045880">
    <ele>1713.2</ele>
   </trkpt>
   <trkpt lat="-36.5079870" lon="-70.6043080">
    <ele>1713.8</ele>
   </trkpt>
   <trkpt lat="-36.5076830" lon="-70.6039970">
    <ele>1713.8</ele>
   </trkpt>
   <trkpt lat="-36.5073670" lon="-70.6036570">
    <ele>1714.6</ele>
   </trkpt>
   <trkpt lat="-36.5071100" lon="-70.6033330">
    <ele>1713.2</ele>
   </trkpt>
   <trkpt lat="-36.5068510" lon="-70.6030220">
    <ele>1714.2</ele>
   </trkpt>
   <trkpt lat="-36.5065700" lon="-70.6027160">
    <ele>1714.4</ele>
   </trkpt>
   <trkpt lat="-36.5062900" lon="-70.6023560">
    <ele>1714.8</ele>
   </trkpt>
   <trkpt lat="-36.5060490" lon="-70.6020530">
    <ele>1715.6</ele>
   </trkpt>
   <trkpt lat="-36.5057580" lon="-70.6017690">
    <ele>1717.4</ele>
   </trkpt>
   <trkpt lat="-36.5054320" lon="-70.6014480">
    <ele>1717.8</ele>
   </trkpt>
   <trkpt lat="-36.5054080" lon="-70.6014260">
    <ele>1718.2</ele>
   </trkpt>
   <trkpt lat="-36.5053840" lon="-70.6014040">
    <ele>1718.4</ele>
   </trkpt>
   <trkpt lat="-36.5050830" lon="-70.6011280">
    <ele>1717.8</ele>
   </trkpt>
   <trkpt lat="-36.5048250" lon="-70.6008160">
    <ele>1719.0</ele>
   </trkpt>
   <trkpt lat="-36.5045540" lon="-70.6005130">
    <ele>1719.2</ele>
   </trkpt>
   <trkpt lat="-36.5042790" lon="-70.6002140">
    <ele>1719.4</ele>
   </trkpt>
   <trkpt lat="-36.5039840" lon="-70.5999240">
    <ele>1720.0</ele>
   </trkpt>
   <trkpt lat="-36.5036850" lon="-70.5996630">
    <ele>1720.2</ele>
   </trkpt>
   <trkpt lat="-36.5033460" lon="-70.5993600">
    <ele>1721.2</ele>
   </trkpt>
   <trkpt lat="-36.5031680" lon="-70.5992050">
    <ele>1721.8</ele>
   </trkpt>
   <trkpt lat="-36.5030740" lon="-70.5991340">
    <ele>1722.2</ele>
   </trkpt>
   <trkpt lat="-36.5029440" lon="-70.5990110">
    <ele>1723.4</ele>
   </trkpt>
   <trkpt lat="-36.5028510" lon="-70.5989310">
    <ele>1723.6</ele>
   </trkpt>
   <trkpt lat="-36.5028080" lon="-70.5988780">
    <ele>1723.8</ele>
   </trkpt>
   <trkpt lat="-36.5027630" lon="-70.5988390">
    <ele>1724.2</ele>
   </trkpt>
   <trkpt lat="-36.5027220" lon="-70.5987970">
    <ele>1724.6</ele>
   </trkpt>
   <trkpt lat="-36.5026890" lon="-70.5987500">
    <ele>1725.0</ele>
   </trkpt>
   <trkpt lat="-36.5026510" lon="-70.5987110">
    <ele>1725.2</ele>
   </trkpt>
   <trkpt lat="-36.5025800" lon="-70.5986330">
    <ele>1726.0</ele>
   </trkpt>
   <trkpt lat="-36.5025070" lon="-70.5985430">
    <ele>1726.6</ele>
   </trkpt>
   <trkpt lat="-36.5024280" lon="-70.5984730">
    <ele>1727.4</ele>
   </trkpt>
   <trkpt lat="-36.5023470" lon="-70.5983900">
    <ele>1728.4</ele>
   </trkpt>
   <trkpt lat="-36.5022980" lon="-70.5983590">
    <ele>1728.8</ele>
   </trkpt>
   <trkpt lat="-36.5019440" lon="-70.5981460">
    <ele>1729.6</ele>
   </trkpt>
   <trkpt lat="-36.5018920" lon="-70.5981330">
    <ele>1729.6</ele>
   </trkpt>
   <trkpt lat="-36.5018370" lon="-70.5981300">
    <ele>1729.4</ele>
   </trkpt>
   <trkpt lat="-36.5017160" lon="-70.5981570">
    <ele>1729.4</ele>
   </trkpt>
   <trkpt lat="-36.5013630" lon="-70.5983150">
    <ele>1727.0</ele>
   </trkpt>
   <trkpt lat="-36.5011880" lon="-70.5983640">
    <ele>1726.2</ele>
   </trkpt>
   <trkpt lat="-36.5010970" lon="-70.5983470">
    <ele>1725.6</ele>
   </trkpt>
   <trkpt lat="-36.5010110" lon="-70.5983010">
    <ele>1725.2</ele>
   </trkpt>
   <trkpt lat="-36.5009420" lon="-70.5982400">
    <ele>1725.0</ele>
   </trkpt>
   <trkpt lat="-36.5006800" lon="-70.5978760">
    <ele>1724.2</ele>
   </trkpt>
   <trkpt lat="-36.5003930" lon="-70.5974750">
    <ele>1724.8</ele>
   </trkpt>
   <trkpt lat="-36.5000760" lon="-70.5971390">
    <ele>1725.4</ele>
   </trkpt>
   <trkpt lat="-36.4997430" lon="-70.5968480">
    <ele>1726.0</ele>
   </trkpt>
   <trkpt lat="-36.4993920" lon="-70.5965880">
    <ele>1726.8</ele>
   </trkpt>
   <trkpt lat="-36.4990840" lon="-70.5963280">
    <ele>1726.0</ele>
   </trkpt>
   <trkpt lat="-36.4987870" lon="-70.5960600">
    <ele>1726.6</ele>
   </trkpt>
   <trkpt lat="-36.4984670" lon="-70.5957580">
    <ele>1727.4</ele>
   </trkpt>
   <trkpt lat="-36.4981490" lon="-70.5954970">
    <ele>1729.0</ele>
   </trkpt>
   <trkpt lat="-36.4978240" lon="-70.5952750">
    <ele>1729.4</ele>
   </trkpt>
   <trkpt lat="-36.4977840" lon="-70.5952170">
    <ele>1729.4</ele>
   </trkpt>
   <trkpt lat="-36.4976960" lon="-70.5950700">
    <ele>1728.8</ele>
   </trkpt>
   <trkpt lat="-36.4976380" lon="-70.5950150">
    <ele>1729.6</ele>
   </trkpt>
   <trkpt lat="-36.4975680" lon="-70.5949850">
    <ele>1729.2</ele>
   </trkpt>
   <trkpt lat="-36.4975020" lon="-70.5949690">
    <ele>1728.8</ele>
   </trkpt>
   <trkpt lat="-36.4974060" lon="-70.5949590">
    <ele>1728.2</ele>
   </trkpt>
   <trkpt lat="-36.4973740" lon="-70.5949510">
    <ele>1728.2</ele>
   </trkpt>
   <trkpt lat="-36.4973190" lon="-70.5949300">
    <ele>1730.2</ele>
   </trkpt>
   <trkpt lat="-36.4972920" lon="-70.5949100">
    <ele>1730.8</ele>
   </trkpt>
   <trkpt lat="-36.4972650" lon="-70.5948790">
    <ele>1731.2</ele>
   </trkpt>
   <trkpt lat="-36.4972410" lon="-70.5948510">
    <ele>1731.2</ele>
   </trkpt>
   <trkpt lat="-36.4972230" lon="-70.5948170">
    <ele>1731.6</ele>
   </trkpt>
   <trkpt lat="-36.4971960" lon="-70.5947800">
    <ele>1732.2</ele>
   </trkpt>
   <trkpt lat="-36.4971770" lon="-70.5947450">
    <ele>1732.6</ele>
   </trkpt>
   <trkpt lat="-36.4971620" lon="-70.5947010">
    <ele>1732.8</ele>
   </trkpt>
   <trkpt lat="-36.4971470" lon="-70.5946580">
    <ele>1733.0</ele>
   </trkpt>
   <trkpt lat="-36.4971360" lon="-70.5946090">
    <ele>1733.4</ele>
   </trkpt>
   <trkpt lat="-36.4970830" lon="-70.5943470">
    <ele>1734.6</ele>
   </trkpt>
   <trkpt lat="-36.4970580" lon="-70.5942990">
    <ele>1734.4</ele>
   </trkpt>
   <trkpt lat="-36.4970290" lon="-70.5942600">
    <ele>1734.6</ele>
   </trkpt>
   <trkpt lat="-36.4969960" lon="-70.5942320">
    <ele>1734.8</ele>
   </trkpt>
   <trkpt lat="-36.4969710" lon="-70.5941970">
    <ele>1735.2</ele>
   </trkpt>
   <trkpt lat="-36.4969350" lon="-70.5941630">
    <ele>1735.6</ele>
   </trkpt>
   <trkpt lat="-36.4969030" lon="-70.5941300">
    <ele>1736.2</ele>
   </trkpt>
   <trkpt lat="-36.4968760" lon="-70.5940860">
    <ele>1736.8</ele>
   </trkpt>
   <trkpt lat="-36.4968460" lon="-70.5940520">
    <ele>1737.2</ele>
   </trkpt>
   <trkpt lat="-36.4968160" lon="-70.5940040">
    <ele>1737.2</ele>
   </trkpt>
   <trkpt lat="-36.4965190" lon="-70.5936570">
    <ele>1737.4</ele>
   </trkpt>
   <trkpt lat="-36.4964620" lon="-70.5935700">
    <ele>1738.6</ele>
   </trkpt>
   <trkpt lat="-36.4963810" lon="-70.5933510">
    <ele>1738.6</ele>
   </trkpt>
   <trkpt lat="-36.4963380" lon="-70.5933060">
    <ele>1738.6</ele>
   </trkpt>
   <trkpt lat="-36.4962940" lon="-70.5932720">
    <ele>1738.0</ele>
   </trkpt>
   <trkpt lat="-36.4962540" lon="-70.5932570">
    <ele>1738.0</ele>
   </trkpt>
   <trkpt lat="-36.4962120" lon="-70.5932690">
    <ele>1738.2</ele>
   </trkpt>
   <trkpt lat="-36.4961200" lon="-70.5932860">
    <ele>1738.0</ele>
   </trkpt>
   <trkpt lat="-36.4960660" lon="-70.5932760">
    <ele>1737.6</ele>
   </trkpt>
   <trkpt lat="-36.4956400" lon="-70.5931840">
    <ele>1734.8</ele>
   </trkpt>
   <trkpt lat="-36.4952740" lon="-70.5930950">
    <ele>1734.2</ele>
   </trkpt>
   <trkpt lat="-36.4949390" lon="-70.5929150">
    <ele>1733.8</ele>
   </trkpt>
   <trkpt lat="-36.4946070" lon="-70.5926820">
    <ele>1733.8</ele>
   </trkpt>
   <trkpt lat="-36.4943560" lon="-70.5923640">
    <ele>1734.6</ele>
   </trkpt>
   <trkpt lat="-36.4940860" lon="-70.5920030">
    <ele>1735.6</ele>
   </trkpt>
   <trkpt lat="-36.4937520" lon="-70.5918300">
    <ele>1736.6</ele>
   </trkpt>
   <trkpt lat="-36.4933890" lon="-70.5915800">
    <ele>1737.4</ele>
   </trkpt>
   <trkpt lat="-36.4933430" lon="-70.5915290">
    <ele>1737.6</ele>
   </trkpt>
   <trkpt lat="-36.4931050" lon="-70.5911910">
    <ele>1738.0</ele>
   </trkpt>
   <trkpt lat="-36.4928100" lon="-70.5908320">
    <ele>1739.6</ele>
   </trkpt>
   <trkpt lat="-36.4925090" lon="-70.5905320">
    <ele>1741.0</ele>
   </trkpt>
   <trkpt lat="-36.4921320" lon="-70.5903240">
    <ele>1742.0</ele>
   </trkpt>
   <trkpt lat="-36.4918460" lon="-70.5900140">
    <ele>1743.4</ele>
   </trkpt>
   <trkpt lat="-36.4917190" lon="-70.5897290">
    <ele>1744.4</ele>
   </trkpt>
   <trkpt lat="-36.4916330" lon="-70.5894570">
    <ele>1746.2</ele>
   </trkpt>
   <trkpt lat="-36.4916230" lon="-70.5894010">
    <ele>1746.6</ele>
   </trkpt>
   <trkpt lat="-36.4916030" lon="-70.5893520">
    <ele>1746.4</ele>
   </trkpt>
   <trkpt lat="-36.4915670" lon="-70.5892400">
    <ele>1747.0</ele>
   </trkpt>
   <trkpt lat="-36.4915460" lon="-70.5891980">
    <ele>1747.0</ele>
   </trkpt>
   <trkpt lat="-36.4915220" lon="-70.5891580">
    <ele>1747.6</ele>
   </trkpt>
   <trkpt lat="-36.4915070" lon="-70.5891130">
    <ele>1748.0</ele>
   </trkpt>
   <trkpt lat="-36.4914590" lon="-70.5890170">
    <ele>1748.2</ele>
   </trkpt>
   <trkpt lat="-36.4914010" lon="-70.5889280">
    <ele>1749.0</ele>
   </trkpt>
   <trkpt lat="-36.4913890" lon="-70.5888870">
    <ele>1749.2</ele>
   </trkpt>
   <trkpt lat="-36.4913720" lon="-70.5888430">
    <ele>1749.4</ele>
   </trkpt>
   <trkpt lat="-36.4913490" lon="-70.5887990">
    <ele>1749.6</ele>
   </trkpt>
   <trkpt lat="-36.4913180" lon="-70.5887610">
    <ele>1750.0</ele>
   </trkpt>
   <trkpt lat="-36.4912830" lon="-70.5887310">
    <ele>1750.2</ele>
   </trkpt>
   <trkpt lat="-36.4912310" lon="-70.5886650">
    <ele>1750.8</ele>
   </trkpt>
   <trkpt lat="-36.4912020" lon="-70.5886480">
    <ele>1751.4</ele>
   </trkpt>
   <trkpt lat="-36.4911540" lon="-70.5886150">
    <ele>1752.8</ele>
   </trkpt>
   <trkpt lat="-36.4911310" lon="-70.5885850">
    <ele>1753.2</ele>
   </trkpt>
   <trkpt lat="-36.4911050" lon="-70.5885660">
    <ele>1753.6</ele>
   </trkpt>
   <trkpt lat="-36.4910770" lon="-70.5885580">
    <ele>1754.0</ele>
   </trkpt>
   <trkpt lat="-36.4910500" lon="-70.5885420">
    <ele>1754.4</ele>
   </trkpt>
   <trkpt lat="-36.4910290" lon="-70.5885210">
    <ele>1754.8</ele>
   </trkpt>
   <trkpt lat="-36.4909630" lon="-70.5884720">
    <ele>1756.0</ele>
   </trkpt>
   <trkpt lat="-36.4909450" lon="-70.5884430">
    <ele>1756.4</ele>
   </trkpt>
   <trkpt lat="-36.4909230" lon="-70.5884170">
    <ele>1756.6</ele>
   </trkpt>
   <trkpt lat="-36.4909020" lon="-70.5883990">
    <ele>1757.2</ele>
   </trkpt>
   <trkpt lat="-36.4908820" lon="-70.5883730">
    <ele>1757.6</ele>
   </trkpt>
   <trkpt lat="-36.4906930" lon="-70.5881930">
    <ele>1759.2</ele>
   </trkpt>
   <trkpt lat="-36.4906580" lon="-70.5881760">
    <ele>1759.6</ele>
   </trkpt>
   <trkpt lat="-36.4905620" lon="-70.5881060">
    <ele>1759.8</ele>
   </trkpt>
   <trkpt lat="-36.4905320" lon="-70.5880640">
    <ele>1759.6</ele>
   </trkpt>
   <trkpt lat="-36.4905170" lon="-70.5880030">
    <ele>1759.2</ele>
   </trkpt>
   <trkpt lat="-36.4905070" lon="-70.5879240">
    <ele>1758.8</ele>
   </trkpt>
   <trkpt lat="-36.4904550" lon="-70.5876240">
    <ele>1757.6</ele>
   </trkpt>
   <trkpt lat="-36.4904500" lon="-70.5875140">
    <ele>1757.6</ele>
   </trkpt>
   <trkpt lat="-36.4904170" lon="-70.5874280">
    <ele>1757.4</ele>
   </trkpt>
   <trkpt lat="-36.4903770" lon="-70.5873680">
    <ele>1757.4</ele>
   </trkpt>
   <trkpt lat="-36.4903300" lon="-70.5873530">
    <ele>1757.4</ele>
   </trkpt>
   <trkpt lat="-36.4902950" lon="-70.5873610">
    <ele>1757.2</ele>
   </trkpt>
   <trkpt lat="-36.4902670" lon="-70.5873930">
    <ele>1757.0</ele>
   </trkpt>
   <trkpt lat="-36.4902400" lon="-70.5874490">
    <ele>1757.0</ele>
   </trkpt>
   <trkpt lat="-36.4901940" lon="-70.5875850">
    <ele>1757.2</ele>
   </trkpt>
   <trkpt lat="-36.4901800" lon="-70.5876570">
    <ele>1757.0</ele>
   </trkpt>
   <trkpt lat="-36.4901590" lon="-70.5878000">
    <ele>1756.8</ele>
   </trkpt>
   <trkpt lat="-36.4901210" lon="-70.5878580">
    <ele>1756.8</ele>
   </trkpt>
   <trkpt lat="-36.4900600" lon="-70.5878920">
    <ele>1756.0</ele>
   </trkpt>
   <trkpt lat="-36.4899940" lon="-70.5878910">
    <ele>1755.4</ele>
   </trkpt>
   <trkpt lat="-36.4899310" lon="-70.5878560">
    <ele>1754.4</ele>
   </trkpt>
   <trkpt lat="-36.4898690" lon="-70.5878030">
    <ele>1753.6</ele>
   </trkpt>
   <trkpt lat="-36.4895170" lon="-70.5875790">
    <ele>1752.2</ele>
   </trkpt>
   <trkpt lat="-36.4891930" lon="-70.5875280">
    <ele>1750.8</ele>
   </trkpt>
   <trkpt lat="-36.4891320" lon="-70.5874830">
    <ele>1750.2</ele>
   </trkpt>
   <trkpt lat="-36.4890970" lon="-70.5874110">
    <ele>1749.8</ele>
   </trkpt>
   <trkpt lat="-36.4890770" lon="-70.5873140">
    <ele>1749.6</ele>
   </trkpt>
   <trkpt lat="-36.4890880" lon="-70.5872100">
    <ele>1749.6</ele>
   </trkpt>
   <trkpt lat="-36.4891010" lon="-70.5871030">
    <ele>1749.4</ele>
   </trkpt>
   <trkpt lat="-36.4890920" lon="-70.5870030">
    <ele>1748.8</ele>
   </trkpt>
   <trkpt lat="-36.4890580" lon="-70.5869170">
    <ele>1748.2</ele>
   </trkpt>
   <trkpt lat="-36.4890080" lon="-70.5868440">
    <ele>1747.2</ele>
   </trkpt>
   <trkpt lat="-36.4889550" lon="-70.5868070">
    <ele>1746.6</ele>
   </trkpt>
   <trkpt lat="-36.4889100" lon="-70.5868060">
    <ele>1745.8</ele>
   </trkpt>
   <trkpt lat="-36.4888760" lon="-70.5868410">
    <ele>1745.6</ele>
   </trkpt>
   <trkpt lat="-36.4888560" lon="-70.5868840">
    <ele>1746.0</ele>
   </trkpt>
   <trkpt lat="-36.4888260" lon="-70.5869190">
    <ele>1746.0</ele>
   </trkpt>
   <trkpt lat="-36.4888040" lon="-70.5869610">
    <ele>1746.0</ele>
   </trkpt>
   <trkpt lat="-36.4887700" lon="-70.5869930">
    <ele>1746.0</ele>
   </trkpt>
   <trkpt lat="-36.4887400" lon="-70.5870300">
    <ele>1746.4</ele>
   </trkpt>
   <trkpt lat="-36.4886990" lon="-70.5870570">
    <ele>1746.6</ele>
   </trkpt>
   <trkpt lat="-36.4886550" lon="-70.5870760">
    <ele>1746.8</ele>
   </trkpt>
   <trkpt lat="-36.4886110" lon="-70.5870830">
    <ele>1747.2</ele>
   </trkpt>
   <trkpt lat="-36.4885610" lon="-70.5870720">
    <ele>1747.6</ele>
   </trkpt>
   <trkpt lat="-36.4885130" lon="-70.5870500">
    <ele>1747.6</ele>
   </trkpt>
   <trkpt lat="-36.4882120" lon="-70.5867720">
    <ele>1747.8</ele>
   </trkpt>
   <trkpt lat="-36.4879230" lon="-70.5864740">
    <ele>1748.0</ele>
   </trkpt>
   <trkpt lat="-36.4876460" lon="-70.5861520">
    <ele>1748.8</ele>
   </trkpt>
   <trkpt lat="-36.4873370" lon="-70.5858860">
    <ele>1749.2</ele>
   </trkpt>
   <trkpt lat="-36.4870400" lon="-70.5855990">
    <ele>1750.0</ele>
   </trkpt>
   <trkpt lat="-36.4868100" lon="-70.5852390">
    <ele>1751.0</ele>
   </trkpt>
   <trkpt lat="-36.4866780" lon="-70.5850470">
    <ele>1752.2</ele>
   </trkpt>
   <trkpt lat="-36.4866300" lon="-70.5850060">
    <ele>1752.0</ele>
   </trkpt>
   <trkpt lat="-36.4863100" lon="-70.5846970">
    <ele>1750.6</ele>
   </trkpt>
   <trkpt lat="-36.4859960" lon="-70.5843900">
    <ele>1750.0</ele>
   </trkpt>
   <trkpt lat="-36.4856810" lon="-70.5840100">
    <ele>1746.8</ele>
   </trkpt>
   <trkpt lat="-36.4853670" lon="-70.5836760">
    <ele>1744.8</ele>
   </trkpt>
   <trkpt lat="-36.4850650" lon="-70.5833360">
    <ele>1744.2</ele>
   </trkpt>
   <trkpt lat="-36.4849320" lon="-70.5831470">
    <ele>1743.8</ele>
   </trkpt>
   <trkpt lat="-36.4848750" lon="-70.5831040">
    <ele>1743.6</ele>
   </trkpt>
   <trkpt lat="-36.4848210" lon="-70.5830880">
    <ele>1743.4</ele>
   </trkpt>
   <trkpt lat="-36.4847670" lon="-70.5831090">
    <ele>1743.0</ele>
   </trkpt>
   <trkpt lat="-36.4847200" lon="-70.5831570">
    <ele>1742.8</ele>
   </trkpt>
   <trkpt lat="-36.4844980" lon="-70.5834280">
    <ele>1742.8</ele>
   </trkpt>
   <trkpt lat="-36.4844650" lon="-70.5834550">
    <ele>1743.0</ele>
   </trkpt>
   <trkpt lat="-36.4844440" lon="-70.5834800">
    <ele>1743.0</ele>
   </trkpt>
   <trkpt lat="-36.4844200" lon="-70.5835000">
    <ele>1743.2</ele>
   </trkpt>
   <trkpt lat="-36.4844010" lon="-70.5835190">
    <ele>1743.6</ele>
   </trkpt>
   <trkpt lat="-36.4843780" lon="-70.5835310">
    <ele>1744.2</ele>
   </trkpt>
   <trkpt lat="-36.4843310" lon="-70.5835470">
    <ele>1745.4</ele>
   </trkpt>
   <trkpt lat="-36.4843090" lon="-70.5835510">
    <ele>1746.2</ele>
   </trkpt>
   <trkpt lat="-36.4842850" lon="-70.5835500">
    <ele>1746.8</ele>
   </trkpt>
   <trkpt lat="-36.4842090" lon="-70.5835480">
    <ele>1747.8</ele>
   </trkpt>
   <trkpt lat="-36.4841090" lon="-70.5835370">
    <ele>1749.6</ele>
   </trkpt>
   <trkpt lat="-36.4840830" lon="-70.5835280">
    <ele>1749.8</ele>
   </trkpt>
   <trkpt lat="-36.4840630" lon="-70.5835260">
    <ele>1750.2</ele>
   </trkpt>
   <trkpt lat="-36.4840170" lon="-70.5835260">
    <ele>1750.8</ele>
   </trkpt>
   <trkpt lat="-36.4839930" lon="-70.5835200">
    <ele>1751.2</ele>
   </trkpt>
   <trkpt lat="-36.4839720" lon="-70.5835190">
    <ele>1751.6</ele>
   </trkpt>
   <trkpt lat="-36.4839240" lon="-70.5835160">
    <ele>1752.4</ele>
   </trkpt>
   <trkpt lat="-36.4838770" lon="-70.5835070">
    <ele>1753.4</ele>
   </trkpt>
   <trkpt lat="-36.4838530" lon="-70.5835080">
    <ele>1753.8</ele>
   </trkpt>
   <trkpt lat="-36.4837780" lon="-70.5834920">
    <ele>1754.6</ele>
   </trkpt>
   <trkpt lat="-36.4835310" lon="-70.5834550">
    <ele>1757.4</ele>
   </trkpt>
   <trkpt lat="-36.4835060" lon="-70.5834460">
    <ele>1757.6</ele>
   </trkpt>
   <trkpt lat="-36.4834800" lon="-70.5834420">
    <ele>1757.8</ele>
   </trkpt>
   <trkpt lat="-36.4834060" lon="-70.5834290">
    <ele>1758.8</ele>
   </trkpt>
   <trkpt lat="-36.4833820" lon="-70.5834300">
    <ele>1759.2</ele>
   </trkpt>
   <trkpt lat="-36.4833290" lon="-70.5834340">
    <ele>1759.8</ele>
   </trkpt>
   <trkpt lat="-36.4833040" lon="-70.5834290">
    <ele>1760.0</ele>
   </trkpt>
   <trkpt lat="-36.4832240" lon="-70.5834220">
    <ele>1760.6</ele>
   </trkpt>
   <trkpt lat="-36.4831980" lon="-70.5834260">
    <ele>1761.0</ele>
   </trkpt>
   <trkpt lat="-36.4831200" lon="-70.5834250">
    <ele>1761.6</ele>
   </trkpt>
   <trkpt lat="-36.4830950" lon="-70.5834290">
    <ele>1762.0</ele>
   </trkpt>
   <trkpt lat="-36.4830690" lon="-70.5834290">
    <ele>1762.2</ele>
   </trkpt>
   <trkpt lat="-36.4830470" lon="-70.5834330">
    <ele>1762.4</ele>
   </trkpt>
   <trkpt lat="-36.4830250" lon="-70.5834330">
    <ele>1762.8</ele>
   </trkpt>
   <trkpt lat="-36.4829570" lon="-70.5834250">
    <ele>1763.8</ele>
   </trkpt>
   <trkpt lat="-36.4829360" lon="-70.5834210">
    <ele>1764.2</ele>
   </trkpt>
   <trkpt lat="-36.4827780" lon="-70.5834020">
    <ele>1765.8</ele>
   </trkpt>
   <trkpt lat="-36.4827560" lon="-70.5834010">
    <ele>1766.0</ele>
   </trkpt>
   <trkpt lat="-36.4827060" lon="-70.5833950">
    <ele>1766.4</ele>
   </trkpt>
   <trkpt lat="-36.4826820" lon="-70.5833870">
    <ele>1766.6</ele>
   </trkpt>
   <trkpt lat="-36.4826050" lon="-70.5833760">
    <ele>1768.0</ele>
   </trkpt>
   <trkpt lat="-36.4825910" lon="-70.5833690">
    <ele>1768.4</ele>
   </trkpt>
   <trkpt lat="-36.4825740" lon="-70.5833680">
    <ele>1768.6</ele>
   </trkpt>
   <trkpt lat="-36.4824580" lon="-70.5833350">
    <ele>1770.8</ele>
   </trkpt>
   <trkpt lat="-36.4824420" lon="-70.5833260">
    <ele>1771.0</ele>
   </trkpt>
   <trkpt lat="-36.4824260" lon="-70.5833220">
    <ele>1771.2</ele>
   </trkpt>
   <trkpt lat="-36.4824100" lon="-70.5833200">
    <ele>1771.6</ele>
   </trkpt>
   <trkpt lat="-36.4823740" lon="-70.5833130">
    <ele>1772.0</ele>
   </trkpt>
   <trkpt lat="-36.4823190" lon="-70.5832910">
    <ele>1772.6</ele>
   </trkpt>
   <trkpt lat="-36.4823050" lon="-70.5832820">
    <ele>1772.8</ele>
   </trkpt>
   <trkpt lat="-36.4822860" lon="-70.5832740">
    <ele>1773.2</ele>
   </trkpt>
   <trkpt lat="-36.4822350" lon="-70.5832460">
    <ele>1774.0</ele>
   </trkpt>
   <trkpt lat="-36.4822180" lon="-70.5832410">
    <ele>1774.4</ele>
   </trkpt>
   <trkpt lat="-36.4821280" lon="-70.5831970">
    <ele>1776.0</ele>
   </trkpt>
   <trkpt lat="-36.4820470" lon="-70.5831670">
    <ele>1777.0</ele>
   </trkpt>
   <trkpt lat="-36.4820280" lon="-70.5831520">
    <ele>1777.2</ele>
   </trkpt>
   <trkpt lat="-36.4820100" lon="-70.5831430">
    <ele>1777.4</ele>
   </trkpt>
   <trkpt lat="-36.4818980" lon="-70.5830960">
    <ele>1778.6</ele>
   </trkpt>
   <trkpt lat="-36.4818770" lon="-70.5830780">
    <ele>1778.8</ele>
   </trkpt>
   <trkpt lat="-36.4818570" lon="-70.5830660">
    <ele>1779.0</ele>
   </trkpt>
   <trkpt lat="-36.4818360" lon="-70.5830630">
    <ele>1779.2</ele>
   </trkpt>
   <trkpt lat="-36.4817980" lon="-70.5830500">
    <ele>1779.8</ele>
   </trkpt>
   <trkpt lat="-36.4817740" lon="-70.5830470">
    <ele>1780.0</ele>
   </trkpt>
   <trkpt lat="-36.4817520" lon="-70.5830380">
    <ele>1780.2</ele>
   </trkpt>
   <trkpt lat="-36.4815680" lon="-70.5829900">
    <ele>1782.0</ele>
   </trkpt>
   <trkpt lat="-36.4815390" lon="-70.5829880">
    <ele>1782.0</ele>
   </trkpt>
   <trkpt lat="-36.4815140" lon="-70.5829820">
    <ele>1782.2</ele>
   </trkpt>
   <trkpt lat="-36.4814900" lon="-70.5829740">
    <ele>1782.4</ele>
   </trkpt>
   <trkpt lat="-36.4814630" lon="-70.5829730">
    <ele>1782.6</ele>
   </trkpt>
   <trkpt lat="-36.4812840" lon="-70.5829740">
    <ele>1784.0</ele>
   </trkpt>
   <trkpt lat="-36.4812580" lon="-70.5829790">
    <ele>1784.2</ele>
   </trkpt>
   <trkpt lat="-36.4812330" lon="-70.5829790">
    <ele>1784.2</ele>
   </trkpt>
   <trkpt lat="-36.4812090" lon="-70.5829830">
    <ele>1784.4</ele>
   </trkpt>
   <trkpt lat="-36.4810650" lon="-70.5830190">
    <ele>1786.2</ele>
   </trkpt>
   <trkpt lat="-36.4810400" lon="-70.5830300">
    <ele>1786.4</ele>
   </trkpt>
   <trkpt lat="-36.4810130" lon="-70.5830300">
    <ele>1786.6</ele>
   </trkpt>
   <trkpt lat="-36.4809650" lon="-70.5830330">
    <ele>1787.0</ele>
   </trkpt>
   <trkpt lat="-36.4809430" lon="-70.5830410">
    <ele>1787.4</ele>
   </trkpt>
   <trkpt lat="-36.4809200" lon="-70.5830420">
    <ele>1787.6</ele>
   </trkpt>
   <trkpt lat="-36.4808730" lon="-70.5830470">
    <ele>1788.2</ele>
   </trkpt>
   <trkpt lat="-36.4808510" lon="-70.5830600">
    <ele>1788.6</ele>
   </trkpt>
   <trkpt lat="-36.4808260" lon="-70.5830660">
    <ele>1789.0</ele>
   </trkpt>
   <trkpt lat="-36.4806560" lon="-70.5830860">
    <ele>1790.8</ele>
   </trkpt>
   <trkpt lat="-36.4806340" lon="-70.5830820">
    <ele>1791.0</ele>
   </trkpt>
   <trkpt lat="-36.4805630" lon="-70.5830640">
    <ele>1791.8</ele>
   </trkpt>
   <trkpt lat="-36.4805370" lon="-70.5830530">
    <ele>1792.2</ele>
   </trkpt>
   <trkpt lat="-36.4805120" lon="-70.5830370">
    <ele>1792.4</ele>
   </trkpt>
   <trkpt lat="-36.4804910" lon="-70.5830320">
    <ele>1792.6</ele>
   </trkpt>
   <trkpt lat="-36.4804710" lon="-70.5830200">
    <ele>1792.8</ele>
   </trkpt>
   <trkpt lat="-36.4804500" lon="-70.5830080">
    <ele>1793.4</ele>
   </trkpt>
   <trkpt lat="-36.4803820" lon="-70.5829730">
    <ele>1794.2</ele>
   </trkpt>
   <trkpt lat="-36.4803600" lon="-70.5829730">
    <ele>1794.6</ele>
   </trkpt>
   <trkpt lat="-36.4803360" lon="-70.5829670">
    <ele>1795.0</ele>
   </trkpt>
   <trkpt lat="-36.4803140" lon="-70.5829560">
    <ele>1795.4</ele>
   </trkpt>
   <trkpt lat="-36.4802950" lon="-70.5829400">
    <ele>1795.6</ele>
   </trkpt>
   <trkpt lat="-36.4802710" lon="-70.5829270">
    <ele>1795.8</ele>
   </trkpt>
   <trkpt lat="-36.4802470" lon="-70.5829210">
    <ele>1796.0</ele>
   </trkpt>
   <trkpt lat="-36.4801970" lon="-70.5829120">
    <ele>1796.4</ele>
   </trkpt>
   <trkpt lat="-36.4801720" lon="-70.5829060">
    <ele>1796.8</ele>
   </trkpt>
   <trkpt lat="-36.4800910" lon="-70.5828880">
    <ele>1797.6</ele>
   </trkpt>
   <trkpt lat="-36.4797180" lon="-70.5828650">
    <ele>1800.4</ele>
   </trkpt>
   <trkpt lat="-36.4796590" lon="-70.5828670">
    <ele>1801.0</ele>
   </trkpt>
   <trkpt lat="-36.4796280" lon="-70.5828640">
    <ele>1801.2</ele>
   </trkpt>
   <trkpt lat="-36.4795290" lon="-70.5828640">
    <ele>1801.6</ele>
   </trkpt>
   <trkpt lat="-36.4794950" lon="-70.5828700">
    <ele>1801.8</ele>
   </trkpt>
   <trkpt lat="-36.4792170" lon="-70.5828890">
    <ele>1802.8</ele>
   </trkpt>
   <trkpt lat="-36.4791300" lon="-70.5829040">
    <ele>1803.0</ele>
   </trkpt>
   <trkpt lat="-36.4787520" lon="-70.5829880">
    <ele>1804.2</ele>
   </trkpt>
   <trkpt lat="-36.4784280" lon="-70.5829940">
    <ele>1805.0</ele>
   </trkpt>
   <trkpt lat="-36.4783850" lon="-70.5829780">
    <ele>1805.2</ele>
   </trkpt>
   <trkpt lat="-36.4780260" lon="-70.5827830">
    <ele>1807.4</ele>
   </trkpt>
   <trkpt lat="-36.4778100" lon="-70.5826610">
    <ele>1808.8</ele>
   </trkpt>
   <trkpt lat="-36.4777020" lon="-70.5825960">
    <ele>1809.6</ele>
   </trkpt>
   <trkpt lat="-36.4776300" lon="-70.5825550">
    <ele>1809.8</ele>
   </trkpt>
   <trkpt lat="-36.4775940" lon="-70.5825380">
    <ele>1810.0</ele>
   </trkpt>
   <trkpt lat="-36.4775590" lon="-70.5825120">
    <ele>1810.4</ele>
   </trkpt>
   <trkpt lat="-36.4772440" lon="-70.5823310">
    <ele>1812.6</ele>
   </trkpt>
   <trkpt lat="-36.4772090" lon="-70.5823170">
    <ele>1812.6</ele>
   </trkpt>
   <trkpt lat="-36.4771790" lon="-70.5822960">
    <ele>1812.8</ele>
   </trkpt>
   <trkpt lat="-36.4771150" lon="-70.5822480">
    <ele>1813.6</ele>
   </trkpt>
   <trkpt lat="-36.4770530" lon="-70.5821870">
    <ele>1814.2</ele>
   </trkpt>
   <trkpt lat="-36.4770160" lon="-70.5821570">
    <ele>1814.4</ele>
   </trkpt>
   <trkpt lat="-36.4769450" lon="-70.5821030">
    <ele>1815.0</ele>
   </trkpt>
   <trkpt lat="-36.4769190" lon="-70.5820680">
    <ele>1815.2</ele>
   </trkpt>
   <trkpt lat="-36.4768930" lon="-70.5820340">
    <ele>1815.6</ele>
   </trkpt>
   <trkpt lat="-36.4768250" lon="-70.5819730">
    <ele>1816.6</ele>
   </trkpt>
   <trkpt lat="-36.4767140" lon="-70.5818940">
    <ele>1817.4</ele>
   </trkpt>
   <trkpt lat="-36.4766460" lon="-70.5818490">
    <ele>1817.8</ele>
   </trkpt>
   <trkpt lat="-36.4766040" lon="-70.5818350">
    <ele>1818.0</ele>
   </trkpt>
   <trkpt lat="-36.4765230" lon="-70.5818070">
    <ele>1818.6</ele>
   </trkpt>
   <trkpt lat="-36.4764820" lon="-70.5817990">
    <ele>1818.8</ele>
   </trkpt>
   <trkpt lat="-36.4761070" lon="-70.5817170">
    <ele>1820.0</ele>
   </trkpt>
   <trkpt lat="-36.4760350" lon="-70.5816860">
    <ele>1820.4</ele>
   </trkpt>
   <trkpt lat="-36.4756940" lon="-70.5814270">
    <ele>1822.8</ele>
   </trkpt>
   <trkpt lat="-36.4755510" lon="-70.5812210">
    <ele>1824.0</ele>
   </trkpt>
   <trkpt lat="-36.4755320" lon="-70.5811780">
    <ele>1824.2</ele>
   </trkpt>
   <trkpt lat="-36.4755050" lon="-70.5811360">
    <ele>1824.2</ele>
   </trkpt>
   <trkpt lat="-36.4753090" lon="-70.5808400">
    <ele>1824.0</ele>
   </trkpt>
   <trkpt lat="-36.4752520" lon="-70.5808020">
    <ele>1824.0</ele>
   </trkpt>
   <trkpt lat="-36.4751870" lon="-70.5807810">
    <ele>1823.8</ele>
   </trkpt>
   <trkpt lat="-36.4751150" lon="-70.5807680">
    <ele>1823.4</ele>
   </trkpt>
   <trkpt lat="-36.4748020" lon="-70.5807540">
    <ele>1821.8</ele>
   </trkpt>
   <trkpt lat="-36.4747360" lon="-70.5807270">
    <ele>1821.4</ele>
   </trkpt>
   <trkpt lat="-36.4746920" lon="-70.5806720">
    <ele>1821.4</ele>
   </trkpt>
   <trkpt lat="-36.4746740" lon="-70.5805950">
    <ele>1820.6</ele>
   </trkpt>
   <trkpt lat="-36.4746720" lon="-70.5805180">
    <ele>1820.4</ele>
   </trkpt>
   <trkpt lat="-36.4746790" lon="-70.5804620">
    <ele>1820.4</ele>
   </trkpt>
   <trkpt lat="-36.4746990" lon="-70.5804210">
    <ele>1820.6</ele>
   </trkpt>
   <trkpt lat="-36.4747280" lon="-70.5803930">
    <ele>1820.6</ele>
   </trkpt>
   <trkpt lat="-36.4747640" lon="-70.5803770">
    <ele>1820.6</ele>
   </trkpt>
   <trkpt lat="-36.4748730" lon="-70.5803200">
    <ele>1821.2</ele>
   </trkpt>
   <trkpt lat="-36.4749070" lon="-70.5802920">
    <ele>1821.6</ele>
   </trkpt>
   <trkpt lat="-36.4749320" lon="-70.5802600">
    <ele>1821.8</ele>
   </trkpt>
   <trkpt lat="-36.4749990" lon="-70.5801370">
    <ele>1823.0</ele>
   </trkpt>
   <trkpt lat="-36.4750090" lon="-70.5800930">
    <ele>1823.4</ele>
   </trkpt>
   <trkpt lat="-36.4750110" lon="-70.5800470">
    <ele>1823.8</ele>
   </trkpt>
   <trkpt lat="-36.4750210" lon="-70.5799580">
    <ele>1824.4</ele>
   </trkpt>
   <trkpt lat="-36.4750120" lon="-70.5799090">
    <ele>1824.8</ele>
   </trkpt>
   <trkpt lat="-36.4749870" lon="-70.5798610">
    <ele>1825.4</ele>
   </trkpt>
   <trkpt lat="-36.4748020" lon="-70.5794380">
    <ele>1827.8</ele>
   </trkpt>
   <trkpt lat="-36.4746480" lon="-70.5789990">
    <ele>1829.2</ele>
   </trkpt>
   <trkpt lat="-36.4745960" lon="-70.5788440">
    <ele>1830.0</ele>
   </trkpt>
   <trkpt lat="-36.4744390" lon="-70.5784280">
    <ele>1831.0</ele>
   </trkpt>
   <trkpt lat="-36.4742810" lon="-70.5780030">
    <ele>1831.4</ele>
   </trkpt>
   <trkpt lat="-36.4741400" lon="-70.5775760">
    <ele>1833.2</ele>
   </trkpt>
   <trkpt lat="-36.4740180" lon="-70.5772330">
    <ele>1834.4</ele>
   </trkpt>
   <trkpt lat="-36.4740020" lon="-70.5771850">
    <ele>1834.8</ele>
   </trkpt>
   <trkpt lat="-36.4739310" lon="-70.5770100">
    <ele>1835.4</ele>
   </trkpt>
   <trkpt lat="-36.4739170" lon="-70.5769640">
    <ele>1835.6</ele>
   </trkpt>
   <trkpt lat="-36.4738970" lon="-70.5769200">
    <ele>1836.0</ele>
   </trkpt>
   <trkpt lat="-36.4737600" lon="-70.5765910">
    <ele>1837.4</ele>
   </trkpt>
   <trkpt lat="-36.4735840" lon="-70.5761640">
    <ele>1839.8</ele>
   </trkpt>
   <trkpt lat="-36.4734000" lon="-70.5757700">
    <ele>1841.8</ele>
   </trkpt>
   <trkpt lat="-36.4732070" lon="-70.5753500">
    <ele>1843.8</ele>
   </trkpt>
   <trkpt lat="-36.4729950" lon="-70.5750030">
    <ele>1846.0</ele>
   </trkpt>
   <trkpt lat="-36.4729590" lon="-70.5749700">
    <ele>1845.8</ele>
   </trkpt>
   <trkpt lat="-36.4728340" lon="-70.5748320">
    <ele>1846.4</ele>
   </trkpt>
   <trkpt lat="-36.4727990" lon="-70.5748060">
    <ele>1846.6</ele>
   </trkpt>
   <trkpt lat="-36.4725320" lon="-70.5746760">
    <ele>1847.2</ele>
   </trkpt>
   <trkpt lat="-36.4724970" lon="-70.5746570">
    <ele>1847.4</ele>
   </trkpt>
   <trkpt lat="-36.4724570" lon="-70.5746450">
    <ele>1847.6</ele>
   </trkpt>
   <trkpt lat="-36.4720710" lon="-70.5745750">
    <ele>1850.0</ele>
   </trkpt>
   <trkpt lat="-36.4717110" lon="-70.5745600">
    <ele>1852.4</ele>
   </trkpt>
   <trkpt lat="-36.4715470" lon="-70.5745590">
    <ele>1852.8</ele>
   </trkpt>
   <trkpt lat="-36.4715060" lon="-70.5745680">
    <ele>1852.8</ele>
   </trkpt>
   <trkpt lat="-36.4714640" lon="-70.5745650">
    <ele>1853.0</ele>
   </trkpt>
   <trkpt lat="-36.4710820" lon="-70.5745230">
    <ele>1855.2</ele>
   </trkpt>
   <trkpt lat="-36.4709830" lon="-70.5745140">
    <ele>1855.6</ele>
   </trkpt>
   <trkpt lat="-36.4709500" lon="-70.5745140">
    <ele>1855.6</ele>
   </trkpt>
   <trkpt lat="-36.4707970" lon="-70.5744890">
    <ele>1857.0</ele>
   </trkpt>
   <trkpt lat="-36.4707280" lon="-70.5744830">
    <ele>1857.6</ele>
   </trkpt>
   <trkpt lat="-36.4706910" lon="-70.5744850">
    <ele>1857.8</ele>
   </trkpt>
   <trkpt lat="-36.4705980" lon="-70.5744820">
    <ele>1858.8</ele>
   </trkpt>
   <trkpt lat="-36.4705650" lon="-70.5744700">
    <ele>1859.2</ele>
   </trkpt>
   <trkpt lat="-36.4705350" lon="-70.5744640">
    <ele>1859.4</ele>
   </trkpt>
   <trkpt lat="-36.4704720" lon="-70.5744530">
    <ele>1860.0</ele>
   </trkpt>
   <trkpt lat="-36.4703680" lon="-70.5744470">
    <ele>1860.4</ele>
   </trkpt>
   <trkpt lat="-36.4703320" lon="-70.5744370">
    <ele>1860.6</ele>
   </trkpt>
   <trkpt lat="-36.4699520" lon="-70.5743660">
    <ele>1862.0</ele>
   </trkpt>
   <trkpt lat="-36.4695590" lon="-70.5743170">
    <ele>1860.8</ele>
   </trkpt>
   <trkpt lat="-36.4691750" lon="-70.5743080">
    <ele>1859.6</ele>
   </trkpt>
   <trkpt lat="-36.4687890" lon="-70.5742540">
    <ele>1859.4</ele>
   </trkpt>
   <trkpt lat="-36.4684220" lon="-70.5742200">
    <ele>1860.4</ele>
   </trkpt>
   <trkpt lat="-36.4682190" lon="-70.5742080">
    <ele>1861.4</ele>
   </trkpt>
   <trkpt lat="-36.4678520" lon="-70.5741980">
    <ele>1864.0</ele>
   </trkpt>
   <trkpt lat="-36.4677830" lon="-70.5741990">
    <ele>1864.6</ele>
   </trkpt>
   <trkpt lat="-36.4674610" lon="-70.5742250">
    <ele>1867.2</ele>
   </trkpt>
   <trkpt lat="-36.4674310" lon="-70.5742340">
    <ele>1867.6</ele>
   </trkpt>
   <trkpt lat="-36.4673690" lon="-70.5742470">
    <ele>1868.2</ele>
   </trkpt>
   <trkpt lat="-36.4673430" lon="-70.5742590">
    <ele>1868.4</ele>
   </trkpt>
   <trkpt lat="-36.4673160" lon="-70.5742710">
    <ele>1868.8</ele>
   </trkpt>
   <trkpt lat="-36.4672620" lon="-70.5743000">
    <ele>1869.6</ele>
   </trkpt>
   <trkpt lat="-36.4670960" lon="-70.5743710">
    <ele>1871.6</ele>
   </trkpt>
   <trkpt lat="-36.4670180" lon="-70.5744320">
    <ele>1872.2</ele>
   </trkpt>
   <trkpt lat="-36.4669900" lon="-70.5744430">
    <ele>1872.4</ele>
   </trkpt>
   <trkpt lat="-36.4669640" lon="-70.5744560">
    <ele>1872.6</ele>
   </trkpt>
   <trkpt lat="-36.4669360" lon="-70.5744820">
    <ele>1873.0</ele>
   </trkpt>
   <trkpt lat="-36.4667580" lon="-70.5746170">
    <ele>1874.8</ele>
   </trkpt>
   <trkpt lat="-36.4667060" lon="-70.5746730">
    <ele>1874.8</ele>
   </trkpt>
   <trkpt lat="-36.4666220" lon="-70.5747450">
    <ele>1875.4</ele>
   </trkpt>
   <trkpt lat="-36.4665980" lon="-70.5747760">
    <ele>1875.4</ele>
   </trkpt>
   <trkpt lat="-36.4663670" lon="-70.5751210">
    <ele>1877.0</ele>
   </trkpt>
   <trkpt lat="-36.4663390" lon="-70.5751860">
    <ele>1877.4</ele>
   </trkpt>
   <trkpt lat="-36.4663310" lon="-70.5752230">
    <ele>1877.6</ele>
   </trkpt>
   <trkpt lat="-36.4663190" lon="-70.5752530">
    <ele>1878.0</ele>
   </trkpt>
   <trkpt lat="-36.4663110" lon="-70.5752830">
    <ele>1878.0</ele>
   </trkpt>
   <trkpt lat="-36.4663040" lon="-70.5753140">
    <ele>1878.2</ele>
   </trkpt>
   <trkpt lat="-36.4662870" lon="-70.5753450">
    <ele>1878.4</ele>
   </trkpt>
   <trkpt lat="-36.4662760" lon="-70.5753740">
    <ele>1878.8</ele>
   </trkpt>
   <trkpt lat="-36.4662700" lon="-70.5754040">
    <ele>1879.0</ele>
   </trkpt>
   <trkpt lat="-36.4662190" lon="-70.5756450">
    <ele>1882.0</ele>
   </trkpt>
   <trkpt lat="-36.4662100" lon="-70.5756800">
    <ele>1882.4</ele>
   </trkpt>
   <trkpt lat="-36.4662130" lon="-70.5757180">
    <ele>1883.0</ele>
   </trkpt>
   <trkpt lat="-36.4662070" lon="-70.5757560">
    <ele>1883.2</ele>
   </trkpt>
   <trkpt lat="-36.4661540" lon="-70.5760680">
    <ele>1885.0</ele>
   </trkpt>
   <trkpt lat="-36.4661070" lon="-70.5763330">
    <ele>1886.8</ele>
   </trkpt>
   <trkpt lat="-36.4660210" lon="-70.5766060">
    <ele>1888.8</ele>
   </trkpt>
   <trkpt lat="-36.4660040" lon="-70.5766390">
    <ele>1889.0</ele>
   </trkpt>
   <trkpt lat="-36.4659660" lon="-70.5767250">
    <ele>1890.0</ele>
   </trkpt>
   <trkpt lat="-36.4659520" lon="-70.5767520">
    <ele>1890.0</ele>
   </trkpt>
   <trkpt lat="-36.4659420" lon="-70.5767810">
    <ele>1890.0</ele>
   </trkpt>
   <trkpt lat="-36.4659250" lon="-70.5768130">
    <ele>1890.2</ele>
   </trkpt>
   <trkpt lat="-36.4658430" lon="-70.5769820">
    <ele>1891.2</ele>
   </trkpt>
   <trkpt lat="-36.4658350" lon="-70.5770180">
    <ele>1891.4</ele>
   </trkpt>
   <trkpt lat="-36.4657750" lon="-70.5771880">
    <ele>1892.6</ele>
   </trkpt>
   <trkpt lat="-36.4657450" lon="-70.5773360">
    <ele>1893.0</ele>
   </trkpt>
   <trkpt lat="-36.4657420" lon="-70.5773730">
    <ele>1893.4</ele>
   </trkpt>
   <trkpt lat="-36.4657340" lon="-70.5775160">
    <ele>1894.6</ele>
   </trkpt>
   <trkpt lat="-36.4657410" lon="-70.5775520">
    <ele>1895.2</ele>
   </trkpt>
   <trkpt lat="-36.4657610" lon="-70.5776230">
    <ele>1896.2</ele>
   </trkpt>
   <trkpt lat="-36.4657810" lon="-70.5776510">
    <ele>1896.6</ele>
   </trkpt>
   <trkpt lat="-36.4658700" lon="-70.5777940">
    <ele>1898.0</ele>
   </trkpt>
   <trkpt lat="-36.4658930" lon="-70.5778160">
    <ele>1898.4</ele>
   </trkpt>
   <trkpt lat="-36.4660660" lon="-70.5779510">
    <ele>1899.0</ele>
   </trkpt>
   <trkpt lat="-36.4660940" lon="-70.5779660">
    <ele>1899.2</ele>
   </trkpt>
   <trkpt lat="-36.4662050" lon="-70.5780690">
    <ele>1901.2</ele>
   </trkpt>
   <trkpt lat="-36.4662220" lon="-70.5780920">
    <ele>1901.4</ele>
   </trkpt>
   <trkpt lat="-36.4662360" lon="-70.5781190">
    <ele>1904.0</ele>
   </trkpt>
   <trkpt lat="-36.4663190" lon="-70.5782430">
    <ele>1908.2</ele>
   </trkpt>
   <trkpt lat="-36.4663310" lon="-70.5782710">
    <ele>1908.2</ele>
   </trkpt>
   <trkpt lat="-36.4663340" lon="-70.5783010">
    <ele>1908.2</ele>
   </trkpt>
   <trkpt lat="-36.4663310" lon="-70.5783340">
    <ele>1908.0</ele>
   </trkpt>
   <trkpt lat="-36.4663360" lon="-70.5783730">
    <ele>1908.0</ele>
   </trkpt>
   <trkpt lat="-36.4663500" lon="-70.5784820">
    <ele>1907.8</ele>
   </trkpt>
   <trkpt lat="-36.4662720" lon="-70.5789630">
    <ele>1906.6</ele>
   </trkpt>
   <trkpt lat="-36.4662540" lon="-70.5790450">
    <ele>1906.8</ele>
   </trkpt>
   <trkpt lat="-36.4662520" lon="-70.5790830">
    <ele>1906.6</ele>
   </trkpt>
   <trkpt lat="-36.4662450" lon="-70.5791230">
    <ele>1906.8</ele>
   </trkpt>
   <trkpt lat="-36.4662400" lon="-70.5791630">
    <ele>1907.0</ele>
   </trkpt>
   <trkpt lat="-36.4662400" lon="-70.5792040">
    <ele>1907.0</ele>
   </trkpt>
   <trkpt lat="-36.4662320" lon="-70.5792840">
    <ele>1907.4</ele>
   </trkpt>
   <trkpt lat="-36.4662260" lon="-70.5793570">
    <ele>1907.8</ele>
   </trkpt>
   <trkpt lat="-36.4662000" lon="-70.5794530">
    <ele>1908.8</ele>
   </trkpt>
   <trkpt lat="-36.4661940" lon="-70.5794800">
    <ele>1909.2</ele>
   </trkpt>
   <trkpt lat="-36.4661820" lon="-70.5795110">
    <ele>1909.4</ele>
   </trkpt>
   <trkpt lat="-36.4661570" lon="-70.5795780">
    <ele>1909.6</ele>
   </trkpt>
   <trkpt lat="-36.4661350" lon="-70.5796030">
    <ele>1909.8</ele>
   </trkpt>
   <trkpt lat="-36.4661090" lon="-70.5796210">
    <ele>1910.2</ele>
   </trkpt>
   <trkpt lat="-36.4660520" lon="-70.5796690">
    <ele>1910.8</ele>
   </trkpt>
   <trkpt lat="-36.4660210" lon="-70.5796820">
    <ele>1911.0</ele>
   </trkpt>
   <trkpt lat="-36.4659870" lon="-70.5796960">
    <ele>1911.0</ele>
   </trkpt>
   <trkpt lat="-36.4659510" lon="-70.5796980">
    <ele>1911.0</ele>
   </trkpt>
   <trkpt lat="-36.4659100" lon="-70.5796990">
    <ele>1911.0</ele>
   </trkpt>
   <trkpt lat="-36.4655100" lon="-70.5795900">
    <ele>1911.0</ele>
   </trkpt>
   <trkpt lat="-36.4654560" lon="-70.5795730">
    <ele>1910.8</ele>
   </trkpt>
   <trkpt lat="-36.4650870" lon="-70.5794100">
    <ele>1910.6</ele>
   </trkpt>
   <trkpt lat="-36.4647100" lon="-70.5792700">
    <ele>1911.2</ele>
   </trkpt>
   <trkpt lat="-36.4643420" lon="-70.5791350">
    <ele>1912.4</ele>
   </trkpt>
   <trkpt lat="-36.4643010" lon="-70.5791140">
    <ele>1912.4</ele>
   </trkpt>
   <trkpt lat="-36.4639550" lon="-70.5789700">
    <ele>1913.4</ele>
   </trkpt>
   <trkpt lat="-36.4636430" lon="-70.5788420">
    <ele>1914.8</ele>
   </trkpt>
   <trkpt lat="-36.4635940" lon="-70.5788300">
    <ele>1914.8</ele>
   </trkpt>
   <trkpt lat="-36.4634630" lon="-70.5787840">
    <ele>1915.4</ele>
   </trkpt>
   <trkpt lat="-36.4631830" lon="-70.5787600">
    <ele>1917.0</ele>
   </trkpt>
   <trkpt lat="-36.4629560" lon="-70.5788050">
    <ele>1918.4</ele>
   </trkpt>
   <trkpt lat="-36.4628410" lon="-70.5788740">
    <ele>1918.8</ele>
   </trkpt>
   <trkpt lat="-36.4627210" lon="-70.5790000">
    <ele>1919.8</ele>
   </trkpt>
   <trkpt lat="-36.4625680" lon="-70.5792350">
    <ele>1920.2</ele>
   </trkpt>
   <trkpt lat="-36.4625530" lon="-70.5792760">
    <ele>1920.2</ele>
   </trkpt>
   <trkpt lat="-36.4624310" lon="-70.5797360">
    <ele>1922.4</ele>
   </trkpt>
   <trkpt lat="-36.4624060" lon="-70.5798430">
    <ele>1922.2</ele>
   </trkpt>
   <trkpt lat="-36.4623540" lon="-70.5800760">
    <ele>1923.2</ele>
   </trkpt>
   <trkpt lat="-36.4622180" lon="-70.5805090">
    <ele>1924.2</ele>
   </trkpt>
   <trkpt lat="-36.4620830" lon="-70.5809800">
    <ele>1924.4</ele>
   </trkpt>
   <trkpt lat="-36.4620110" lon="-70.5812490">
    <ele>1925.2</ele>
   </trkpt>
   <trkpt lat="-36.4619220" lon="-70.5816980">
    <ele>1927.2</ele>
   </trkpt>
   <trkpt lat="-36.4617750" lon="-70.5821310">
    <ele>1929.0</ele>
   </trkpt>
   <trkpt lat="-36.4616800" lon="-70.5823530">
    <ele>1929.2</ele>
   </trkpt>
   <trkpt lat="-36.4615530" lon="-70.5825860">
    <ele>1931.0</ele>
   </trkpt>
   <trkpt lat="-36.4615340" lon="-70.5826270">
    <ele>1931.4</ele>
   </trkpt>
   <trkpt lat="-36.4615090" lon="-70.5826640">
    <ele>1931.4</ele>
   </trkpt>
   <trkpt lat="-36.4614470" lon="-70.5827710">
    <ele>1932.2</ele>
   </trkpt>
   <trkpt lat="-36.4614320" lon="-70.5828120">
    <ele>1932.6</ele>
   </trkpt>
   <trkpt lat="-36.4614050" lon="-70.5828510">
    <ele>1932.8</ele>
   </trkpt>
   <trkpt lat="-36.4613580" lon="-70.5829150">
    <ele>1933.6</ele>
   </trkpt>
   <trkpt lat="-36.4613470" lon="-70.5829510">
    <ele>1933.8</ele>
   </trkpt>
   <trkpt lat="-36.4613140" lon="-70.5830320">
    <ele>1934.4</ele>
   </trkpt>
   <trkpt lat="-36.4612750" lon="-70.5831200">
    <ele>1934.8</ele>
   </trkpt>
   <trkpt lat="-36.4612510" lon="-70.5831590">
    <ele>1934.8</ele>
   </trkpt>
   <trkpt lat="-36.4611840" lon="-70.5832770">
    <ele>1935.2</ele>
   </trkpt>
   <trkpt lat="-36.4611320" lon="-70.5833570">
    <ele>1935.8</ele>
   </trkpt>
   <trkpt lat="-36.4611120" lon="-70.5833930">
    <ele>1935.6</ele>
   </trkpt>
   <trkpt lat="-36.4610290" lon="-70.5835070">
    <ele>1935.8</ele>
   </trkpt>
   <trkpt lat="-36.4608210" lon="-70.5838870">
    <ele>1937.4</ele>
   </trkpt>
   <trkpt lat="-36.4608000" lon="-70.5839140">
    <ele>1937.4</ele>
   </trkpt>
   <trkpt lat="-36.4606770" lon="-70.5841040">
    <ele>1939.0</ele>
   </trkpt>
   <trkpt lat="-36.4604950" lon="-70.5843460">
    <ele>1941.6</ele>
   </trkpt>
   <trkpt lat="-36.4604660" lon="-70.5843740">
    <ele>1941.8</ele>
   </trkpt>
   <trkpt lat="-36.4603740" lon="-70.5844530">
    <ele>1942.4</ele>
   </trkpt>
   <trkpt lat="-36.4600760" lon="-70.5847030">
    <ele>1943.6</ele>
   </trkpt>
   <trkpt lat="-36.4597100" lon="-70.5849320">
    <ele>1944.2</ele>
   </trkpt>
   <trkpt lat="-36.4594800" lon="-70.5850870">
    <ele>1944.8</ele>
   </trkpt>
   <trkpt lat="-36.4594390" lon="-70.5851210">
    <ele>1944.8</ele>
   </trkpt>
   <trkpt lat="-36.4593950" lon="-70.5851550">
    <ele>1945.2</ele>
   </trkpt>
   <trkpt lat="-36.4592180" lon="-70.5853140">
    <ele>1945.6</ele>
   </trkpt>
   <trkpt lat="-36.4591170" lon="-70.5854280">
    <ele>1946.6</ele>
   </trkpt>
   <trkpt lat="-36.4590910" lon="-70.5854520">
    <ele>1946.8</ele>
   </trkpt>
   <trkpt lat="-36.4590650" lon="-70.5854850">
    <ele>1947.0</ele>
   </trkpt>
   <trkpt lat="-36.4590430" lon="-70.5855190">
    <ele>1947.4</ele>
   </trkpt>
   <trkpt lat="-36.4589130" lon="-70.5856900">
    <ele>1949.2</ele>
   </trkpt>
   <trkpt lat="-36.4588250" lon="-70.5858220">
    <ele>1950.0</ele>
   </trkpt>
   <trkpt lat="-36.4588080" lon="-70.5858580">
    <ele>1950.4</ele>
   </trkpt>
   <trkpt lat="-36.4587080" lon="-70.5860190">
    <ele>1951.2</ele>
   </trkpt>
   <trkpt lat="-36.4586890" lon="-70.5860580">
    <ele>1951.6</ele>
   </trkpt>
   <trkpt lat="-36.4586660" lon="-70.5860900">
    <ele>1951.8</ele>
   </trkpt>
   <trkpt lat="-36.4586430" lon="-70.5861270">
    <ele>1952.2</ele>
   </trkpt>
   <trkpt lat="-36.4585150" lon="-70.5863450">
    <ele>1953.0</ele>
   </trkpt>
   <trkpt lat="-36.4583130" lon="-70.5867130">
    <ele>1954.2</ele>
   </trkpt>
   <trkpt lat="-36.4580950" lon="-70.5871070">
    <ele>1956.6</ele>
   </trkpt>
   <trkpt lat="-36.4579970" lon="-70.5872980">
    <ele>1957.6</ele>
   </trkpt>
   <trkpt lat="-36.4579010" lon="-70.5875140">
    <ele>1959.4</ele>
   </trkpt>
   <trkpt lat="-36.4578880" lon="-70.5875390">
    <ele>1959.8</ele>
   </trkpt>
   <trkpt lat="-36.4578800" lon="-70.5875640">
    <ele>1960.0</ele>
   </trkpt>
   <trkpt lat="-36.4578500" lon="-70.5876910">
    <ele>1961.8</ele>
   </trkpt>
   <trkpt lat="-36.4578420" lon="-70.5877100">
    <ele>1962.0</ele>
   </trkpt>
   <trkpt lat="-36.4578380" lon="-70.5877280">
    <ele>1962.0</ele>
   </trkpt>
   <trkpt lat="-36.4578360" lon="-70.5877540">
    <ele>1962.4</ele>
   </trkpt>
   <trkpt lat="-36.4578270" lon="-70.5877810">
    <ele>1962.8</ele>
   </trkpt>
   <trkpt lat="-36.4578220" lon="-70.5878020">
    <ele>1963.6</ele>
   </trkpt>
   <trkpt lat="-36.4578140" lon="-70.5878180">
    <ele>1964.0</ele>
   </trkpt>
   <trkpt lat="-36.4578040" lon="-70.5878410">
    <ele>1964.6</ele>
   </trkpt>
   <trkpt lat="-36.4577480" lon="-70.5879490">
    <ele>1966.0</ele>
   </trkpt>
   <trkpt lat="-36.4577320" lon="-70.5879660">
    <ele>1966.2</ele>
   </trkpt>
   <trkpt lat="-36.4577200" lon="-70.5879900">
    <ele>1966.6</ele>
   </trkpt>
   <trkpt lat="-36.4577060" lon="-70.5880090">
    <ele>1967.0</ele>
   </trkpt>
   <trkpt lat="-36.4576550" lon="-70.5880550">
    <ele>1967.8</ele>
   </trkpt>
   <trkpt lat="-36.4576240" lon="-70.5880800">
    <ele>1968.4</ele>
   </trkpt>
   <trkpt lat="-36.4576020" lon="-70.5881000">
    <ele>1968.6</ele>
   </trkpt>
   <trkpt lat="-36.4575890" lon="-70.5881180">
    <ele>1968.8</ele>
   </trkpt>
   <trkpt lat="-36.4575260" lon="-70.5881940">
    <ele>1970.2</ele>
   </trkpt>
   <trkpt lat="-36.4575100" lon="-70.5882150">
    <ele>1970.4</ele>
   </trkpt>
   <trkpt lat="-36.4574910" lon="-70.5882330">
    <ele>1970.6</ele>
   </trkpt>
   <trkpt lat="-36.4574770" lon="-70.5882560">
    <ele>1970.6</ele>
   </trkpt>
   <trkpt lat="-36.4574350" lon="-70.5883350">
    <ele>1971.2</ele>
   </trkpt>
   <trkpt lat="-36.4573980" lon="-70.5883810">
    <ele>1971.4</ele>
   </trkpt>
   <trkpt lat="-36.4573830" lon="-70.5884090">
    <ele>1971.6</ele>
   </trkpt>
   <trkpt lat="-36.4573640" lon="-70.5884310">
    <ele>1972.0</ele>
   </trkpt>
   <trkpt lat="-36.4573250" lon="-70.5884800">
    <ele>1972.6</ele>
   </trkpt>
   <trkpt lat="-36.4571870" lon="-70.5886480">
    <ele>1973.4</ele>
   </trkpt>
   <trkpt lat="-36.4571700" lon="-70.5886750">
    <ele>1973.6</ele>
   </trkpt>
   <trkpt lat="-36.4571490" lon="-70.5886960">
    <ele>1973.8</ele>
   </trkpt>
   <trkpt lat="-36.4569680" lon="-70.5889140">
    <ele>1974.4</ele>
   </trkpt>
   <trkpt lat="-36.4567200" lon="-70.5892080">
    <ele>1976.0</ele>
   </trkpt>
   <trkpt lat="-36.4566970" lon="-70.5892430">
    <ele>1976.2</ele>
   </trkpt>
   <trkpt lat="-36.4565910" lon="-70.5893680">
    <ele>1977.0</ele>
   </trkpt>
   <trkpt lat="-36.4565630" lon="-70.5893940">
    <ele>1977.2</ele>
   </trkpt>
   <trkpt lat="-36.4562620" lon="-70.5897020">
    <ele>1980.4</ele>
   </trkpt>
   <trkpt lat="-36.4559890" lon="-70.5899920">
    <ele>1983.6</ele>
   </trkpt>
   <trkpt lat="-36.4557080" lon="-70.5902850">
    <ele>1986.6</ele>
   </trkpt>
   <trkpt lat="-36.4556260" lon="-70.5903780">
    <ele>1987.2</ele>
   </trkpt>
   <trkpt lat="-36.4556030" lon="-70.5904130">
    <ele>1987.6</ele>
   </trkpt>
   <trkpt lat="-36.4555210" lon="-70.5905140">
    <ele>1988.2</ele>
   </trkpt>
   <trkpt lat="-36.4553950" lon="-70.5907200">
    <ele>1988.8</ele>
   </trkpt>
   <trkpt lat="-36.4551370" lon="-70.5911060">
    <ele>1988.6</ele>
   </trkpt>
   <trkpt lat="-36.4548540" lon="-70.5914820">
    <ele>1987.2</ele>
   </trkpt>
   <trkpt lat="-36.4545780" lon="-70.5918590">
    <ele>1987.2</ele>
   </trkpt>
   <trkpt lat="-36.4542970" lon="-70.5922490">
    <ele>1987.2</ele>
   </trkpt>
   <trkpt lat="-36.4540300" lon="-70.5926680">
    <ele>1986.8</ele>
   </trkpt>
   <trkpt lat="-36.4537940" lon="-70.5930510">
    <ele>1986.0</ele>
   </trkpt>
   <trkpt lat="-36.4535580" lon="-70.5934660">
    <ele>1985.0</ele>
   </trkpt>
   <trkpt lat="-36.4533400" lon="-70.5939060">
    <ele>1984.4</ele>
   </trkpt>
   <trkpt lat="-36.4531750" lon="-70.5943710">
    <ele>1984.4</ele>
   </trkpt>
   <trkpt lat="-36.4529460" lon="-70.5947910">
    <ele>1982.6</ele>
   </trkpt>
   <trkpt lat="-36.4527020" lon="-70.5951890">
    <ele>1982.0</ele>
   </trkpt>
   <trkpt lat="-36.4524820" lon="-70.5956250">
    <ele>1981.8</ele>
   </trkpt>
   <trkpt lat="-36.4524070" lon="-70.5961070">
    <ele>1981.2</ele>
   </trkpt>
   <trkpt lat="-36.4523940" lon="-70.5962030">
    <ele>1981.2</ele>
   </trkpt>
   <trkpt lat="-36.4522460" lon="-70.5966620">
    <ele>1979.4</ele>
   </trkpt>
   <trkpt lat="-36.4520430" lon="-70.5971320">
    <ele>1977.6</ele>
   </trkpt>
   <trkpt lat="-36.4519210" lon="-70.5973020">
    <ele>1976.8</ele>
   </trkpt>
   <trkpt lat="-36.4517770" lon="-70.5974460">
    <ele>1976.2</ele>
   </trkpt>
   <trkpt lat="-36.4517410" lon="-70.5975270">
    <ele>1975.8</ele>
   </trkpt>
   <trkpt lat="-36.4517250" lon="-70.5976170">
    <ele>1975.4</ele>
   </trkpt>
   <trkpt lat="-36.4516870" lon="-70.5979810">
    <ele>1975.4</ele>
   </trkpt>
   <trkpt lat="-36.4516610" lon="-70.5980630">
    <ele>1975.2</ele>
   </trkpt>
   <trkpt lat="-36.4515430" lon="-70.5983280">
    <ele>1975.2</ele>
   </trkpt>
   <trkpt lat="-36.4514900" lon="-70.5984010">
    <ele>1974.8</ele>
   </trkpt>
   <trkpt lat="-36.4511700" lon="-70.5986760">
    <ele>1973.6</ele>
   </trkpt>
   <trkpt lat="-36.4507850" lon="-70.5989210">
    <ele>1970.6</ele>
   </trkpt>
   <trkpt lat="-36.4504610" lon="-70.5991350">
    <ele>1968.4</ele>
   </trkpt>
   <trkpt lat="-36.4502470" lon="-70.5993250">
    <ele>1964.8</ele>
   </trkpt>
   <trkpt lat="-36.4502080" lon="-70.5994040">
    <ele>1963.4</ele>
   </trkpt>
   <trkpt lat="-36.4501980" lon="-70.5994820">
    <ele>1962.0</ele>
   </trkpt>
   <trkpt lat="-36.4502090" lon="-70.5995490">
    <ele>1961.4</ele>
   </trkpt>
   <trkpt lat="-36.4502320" lon="-70.5996110">
    <ele>1960.4</ele>
   </trkpt>
   <trkpt lat="-36.4503020" lon="-70.5998640">
    <ele>1961.4</ele>
   </trkpt>
   <trkpt lat="-36.4503100" lon="-70.5999190">
    <ele>1962.0</ele>
   </trkpt>
   <trkpt lat="-36.4503230" lon="-70.5999740">
    <ele>1962.4</ele>
   </trkpt>
   <trkpt lat="-36.4503270" lon="-70.6000200">
    <ele>1963.4</ele>
   </trkpt>
   <trkpt lat="-36.4503410" lon="-70.6000640">
    <ele>1963.6</ele>
   </trkpt>
   <trkpt lat="-36.4503790" lon="-70.6004700">
    <ele>1965.0</ele>
   </trkpt>
   <trkpt lat="-36.4503670" lon="-70.6005270">
    <ele>1965.0</ele>
   </trkpt>
   <trkpt lat="-36.4502900" lon="-70.6008000">
    <ele>1964.0</ele>
   </trkpt>
   <trkpt lat="-36.4501450" lon="-70.6012160">
    <ele>1963.8</ele>
   </trkpt>
   <trkpt lat="-36.4499840" lon="-70.6016280">
    <ele>1962.8</ele>
   </trkpt>
   <trkpt lat="-36.4497660" lon="-70.6020420">
    <ele>1963.8</ele>
   </trkpt>
   <trkpt lat="-36.4495020" lon="-70.6023790">
    <ele>1963.6</ele>
   </trkpt>
   <trkpt lat="-36.4492220" lon="-70.6027240">
    <ele>1965.6</ele>
   </trkpt>
   <trkpt lat="-36.4490500" lon="-70.6029470">
    <ele>1965.4</ele>
   </trkpt>
   <trkpt lat="-36.4488250" lon="-70.6033140">
    <ele>1965.6</ele>
   </trkpt>
   <trkpt lat="-36.4486690" lon="-70.6035880">
    <ele>1964.6</ele>
   </trkpt>
   <trkpt lat="-36.4485990" lon="-70.6036810">
    <ele>1964.6</ele>
   </trkpt>
   <trkpt lat="-36.4485720" lon="-70.6037390">
    <ele>1965.0</ele>
   </trkpt>
   <trkpt lat="-36.4483410" lon="-70.6041550">
    <ele>1964.0</ele>
   </trkpt>
   <trkpt lat="-36.4481030" lon="-70.6045650">
    <ele>1964.2</ele>
   </trkpt>
   <trkpt lat="-36.4478930" lon="-70.6049440">
    <ele>1966.8</ele>
   </trkpt>
   <trkpt lat="-36.4476800" lon="-70.6053550">
    <ele>1963.8</ele>
   </trkpt>
   <trkpt lat="-36.4474660" lon="-70.6057640">
    <ele>1963.8</ele>
   </trkpt>
   <trkpt lat="-36.4472380" lon="-70.6061750">
    <ele>1963.4</ele>
   </trkpt>
   <trkpt lat="-36.4470040" lon="-70.6065830">
    <ele>1964.2</ele>
   </trkpt>
   <trkpt lat="-36.4469750" lon="-70.6066440">
    <ele>1964.6</ele>
   </trkpt>
   <trkpt lat="-36.4467340" lon="-70.6069830">
    <ele>1966.4</ele>
   </trkpt>
   <trkpt lat="-36.4464740" lon="-70.6073670">
    <ele>1967.4</ele>
   </trkpt>
   <trkpt lat="-36.4462290" lon="-70.6077300">
    <ele>1967.8</ele>
   </trkpt>
   <trkpt lat="-36.4460040" lon="-70.6081540">
    <ele>1967.0</ele>
   </trkpt>
   <trkpt lat="-36.4458940" lon="-70.6086260">
    <ele>1967.4</ele>
   </trkpt>
   <trkpt lat="-36.4458470" lon="-70.6088510">
    <ele>1968.2</ele>
   </trkpt>
   <trkpt lat="-36.4458100" lon="-70.6093050">
    <ele>1968.2</ele>
   </trkpt>
   <trkpt lat="-36.4457630" lon="-70.6094510">
    <ele>1967.8</ele>
   </trkpt>
   <trkpt lat="-36.4457270" lon="-70.6095170">
    <ele>1967.8</ele>
   </trkpt>
   <trkpt lat="-36.4455110" lon="-70.6098830">
    <ele>1967.6</ele>
   </trkpt>
   <trkpt lat="-36.4452980" lon="-70.6102580">
    <ele>1968.2</ele>
   </trkpt>
   <trkpt lat="-36.4451740" lon="-70.6104520">
    <ele>1968.8</ele>
   </trkpt>
   <trkpt lat="-36.4451460" lon="-70.6105090">
    <ele>1969.0</ele>
   </trkpt>
   <trkpt lat="-36.4450110" lon="-70.6107290">
    <ele>1969.4</ele>
   </trkpt>
   <trkpt lat="-36.4449530" lon="-70.6108490">
    <ele>1969.8</ele>
   </trkpt>
   <trkpt lat="-36.4447180" lon="-70.6112400">
    <ele>1969.2</ele>
   </trkpt>
   <trkpt lat="-36.4445140" lon="-70.6116450">
    <ele>1969.8</ele>
   </trkpt>
   <trkpt lat="-36.4443040" lon="-70.6120560">
    <ele>1970.8</ele>
   </trkpt>
   <trkpt lat="-36.4440550" lon="-70.6124440">
    <ele>1970.0</ele>
   </trkpt>
   <trkpt lat="-36.4438300" lon="-70.6128120">
    <ele>1971.0</ele>
   </trkpt>
   <trkpt lat="-36.4435940" lon="-70.6132730">
    <ele>1970.0</ele>
   </trkpt>
   <trkpt lat="-36.4433970" lon="-70.6136780">
    <ele>1970.0</ele>
   </trkpt>
   <trkpt lat="-36.4432190" lon="-70.6140880">
    <ele>1969.0</ele>
   </trkpt>
   <trkpt lat="-36.4430090" lon="-70.6145240">
    <ele>1967.8</ele>
   </trkpt>
   <trkpt lat="-36.4427420" lon="-70.6148940">
    <ele>1967.4</ele>
   </trkpt>
   <trkpt lat="-36.4424520" lon="-70.6152620">
    <ele>1965.2</ele>
   </trkpt>
   <trkpt lat="-36.4421390" lon="-70.6156430">
    <ele>1964.8</ele>
   </trkpt>
   <trkpt lat="-36.4418120" lon="-70.6159500">
    <ele>1963.8</ele>
   </trkpt>
   <trkpt lat="-36.4414760" lon="-70.6162740">
    <ele>1962.6</ele>
   </trkpt>
   <trkpt lat="-36.4411840" lon="-70.6166250">
    <ele>1962.8</ele>
   </trkpt>
   <trkpt lat="-36.4409390" lon="-70.6169960">
    <ele>1962.8</ele>
   </trkpt>
   <trkpt lat="-36.4408260" lon="-70.6170980">
    <ele>1962.6</ele>
   </trkpt>
   <trkpt lat="-36.4407620" lon="-70.6171290">
    <ele>1962.8</ele>
   </trkpt>
   <trkpt lat="-36.4407000" lon="-70.6171430">
    <ele>1963.0</ele>
   </trkpt>
   <trkpt lat="-36.4406430" lon="-70.6171430">
    <ele>1963.4</ele>
   </trkpt>
   <trkpt lat="-36.4404800" lon="-70.6171520">
    <ele>1964.6</ele>
   </trkpt>
   <trkpt lat="-36.4404270" lon="-70.6171750">
    <ele>1964.8</ele>
   </trkpt>
   <trkpt lat="-36.4403720" lon="-70.6172200">
    <ele>1964.8</ele>
   </trkpt>
   <trkpt lat="-36.4403180" lon="-70.6172840">
    <ele>1964.8</ele>
   </trkpt>
   <trkpt lat="-36.4400360" lon="-70.6176040">
    <ele>1963.4</ele>
   </trkpt>
   <trkpt lat="-36.4399360" lon="-70.6177110">
    <ele>1963.0</ele>
   </trkpt>
   <trkpt lat="-36.4399020" lon="-70.6177650">
    <ele>1963.0</ele>
   </trkpt>
   <trkpt lat="-36.4398710" lon="-70.6178220">
    <ele>1963.2</ele>
   </trkpt>
   <trkpt lat="-36.4396870" lon="-70.6182280">
    <ele>1963.0</ele>
   </trkpt>
   <trkpt lat="-36.4394910" lon="-70.6186740">
    <ele>1962.6</ele>
   </trkpt>
   <trkpt lat="-36.4392570" lon="-70.6190320">
    <ele>1962.6</ele>
   </trkpt>
   <trkpt lat="-36.4390360" lon="-70.6194270">
    <ele>1962.0</ele>
   </trkpt>
   <trkpt lat="-36.4387680" lon="-70.6197850">
    <ele>1960.8</ele>
   </trkpt>
   <trkpt lat="-36.4384640" lon="-70.6200680">
    <ele>1961.8</ele>
   </trkpt>
   <trkpt lat="-36.4381270" lon="-70.6203200">
    <ele>1962.6</ele>
   </trkpt>
   <trkpt lat="-36.4378240" lon="-70.6205940">
    <ele>1963.0</ele>
   </trkpt>
   <trkpt lat="-36.4375040" lon="-70.6209020">
    <ele>1962.6</ele>
   </trkpt>
   <trkpt lat="-36.4371420" lon="-70.6211570">
    <ele>1961.8</ele>
   </trkpt>
   <trkpt lat="-36.4367430" lon="-70.6213290">
    <ele>1961.8</ele>
   </trkpt>
   <trkpt lat="-36.4364710" lon="-70.6214110">
    <ele>1961.6</ele>
   </trkpt>
   <trkpt lat="-36.4364090" lon="-70.6214450">
    <ele>1961.6</ele>
   </trkpt>
   <trkpt lat="-36.4360320" lon="-70.6216920">
    <ele>1962.4</ele>
   </trkpt>
   <trkpt lat="-36.4356750" lon="-70.6218220">
    <ele>1962.2</ele>
   </trkpt>
   <trkpt lat="-36.4352900" lon="-70.6219090">
    <ele>1963.6</ele>
   </trkpt>
   <trkpt lat="-36.4348880" lon="-70.6220130">
    <ele>1962.8</ele>
   </trkpt>
   <trkpt lat="-36.4344840" lon="-70.6220550">
    <ele>1961.8</ele>
   </trkpt>
   <trkpt lat="-36.4341190" lon="-70.6220530">
    <ele>1962.0</ele>
   </trkpt>
   <trkpt lat="-36.4337530" lon="-70.6220290">
    <ele>1961.4</ele>
   </trkpt>
   <trkpt lat="-36.4333640" lon="-70.6219770">
    <ele>1963.2</ele>
   </trkpt>
   <trkpt lat="-36.4333010" lon="-70.6219820">
    <ele>1963.2</ele>
   </trkpt>
   <trkpt lat="-36.4330270" lon="-70.6220130">
    <ele>1963.0</ele>
   </trkpt>
   <trkpt lat="-36.4329230" lon="-70.6220200">
    <ele>1963.0</ele>
   </trkpt>
   <trkpt lat="-36.4325080" lon="-70.6220470">
    <ele>1960.8</ele>
   </trkpt>
   <trkpt lat="-36.4320970" lon="-70.6218920">
    <ele>1961.0</ele>
   </trkpt>
   <trkpt lat="-36.4317510" lon="-70.6216600">
    <ele>1961.8</ele>
   </trkpt>
   <trkpt lat="-36.4315410" lon="-70.6214920">
    <ele>1962.8</ele>
   </trkpt>
   <trkpt lat="-36.4314940" lon="-70.6214630">
    <ele>1963.2</ele>
   </trkpt>
   <trkpt lat="-36.4314580" lon="-70.6214260">
    <ele>1963.6</ele>
   </trkpt>
   <trkpt lat="-36.4314100" lon="-70.6213960">
    <ele>1964.0</ele>
   </trkpt>
   <trkpt lat="-36.4313710" lon="-70.6213570">
    <ele>1964.2</ele>
   </trkpt>
   <trkpt lat="-36.4313250" lon="-70.6213280">
    <ele>1964.6</ele>
   </trkpt>
   <trkpt lat="-36.4310340" lon="-70.6210640">
    <ele>1964.2</ele>
   </trkpt>
   <trkpt lat="-36.4307490" lon="-70.6207560">
    <ele>1962.2</ele>
   </trkpt>
   <trkpt lat="-36.4303620" lon="-70.6205490">
    <ele>1960.8</ele>
   </trkpt>
   <trkpt lat="-36.4299680" lon="-70.6205190">
    <ele>1960.2</ele>
   </trkpt>
   <trkpt lat="-36.4295840" lon="-70.6205420">
    <ele>1960.0</ele>
   </trkpt>
   <trkpt lat="-36.4295130" lon="-70.6205270">
    <ele>1960.2</ele>
   </trkpt>
   <trkpt lat="-36.4293070" lon="-70.6204670">
    <ele>1959.8</ele>
   </trkpt>
   <trkpt lat="-36.4292450" lon="-70.6204220">
    <ele>1959.6</ele>
   </trkpt>
   <trkpt lat="-36.4292020" lon="-70.6203640">
    <ele>1959.6</ele>
   </trkpt>
   <trkpt lat="-36.4289820" lon="-70.6199970">
    <ele>1960.4</ele>
   </trkpt>
   <trkpt lat="-36.4289120" lon="-70.6199490">
    <ele>1960.0</ele>
   </trkpt>
   <trkpt lat="-36.4288370" lon="-70.6199210">
    <ele>1960.0</ele>
   </trkpt>
   <trkpt lat="-36.4284770" lon="-70.6198810">
    <ele>1960.8</ele>
   </trkpt>
   <trkpt lat="-36.4283800" lon="-70.6198870">
    <ele>1961.4</ele>
   </trkpt>
   <trkpt lat="-36.4282960" lon="-70.6198850">
    <ele>1962.4</ele>
   </trkpt>
   <trkpt lat="-36.4282560" lon="-70.6198700">
    <ele>1963.0</ele>
   </trkpt>
   <trkpt lat="-36.4282110" lon="-70.6198620">
    <ele>1963.6</ele>
   </trkpt>
   <trkpt lat="-36.4280310" lon="-70.6197750">
    <ele>1964.0</ele>
   </trkpt>
   <trkpt lat="-36.4277060" lon="-70.6195030">
    <ele>1962.6</ele>
   </trkpt>
   <trkpt lat="-36.4274350" lon="-70.6192730">
    <ele>1961.8</ele>
   </trkpt>
   <trkpt lat="-36.4273530" lon="-70.6192560">
    <ele>1961.4</ele>
   </trkpt>
   <trkpt lat="-36.4272740" lon="-70.6192640">
    <ele>1961.0</ele>
   </trkpt>
   <trkpt lat="-36.4271990" lon="-70.6192870">
    <ele>1961.0</ele>
   </trkpt>
   <trkpt lat="-36.4271230" lon="-70.6193250">
    <ele>1960.8</ele>
   </trkpt>
   <trkpt lat="-36.4267780" lon="-70.6194910">
    <ele>1959.8</ele>
   </trkpt>
   <trkpt lat="-36.4263660" lon="-70.6195550">
    <ele>1960.0</ele>
   </trkpt>
   <trkpt lat="-36.4260010" lon="-70.6197840">
    <ele>1961.2</ele>
   </trkpt>
   <trkpt lat="-36.4258100" lon="-70.6199130">
    <ele>1963.2</ele>
   </trkpt>
   <trkpt lat="-36.4257530" lon="-70.6199380">
    <ele>1963.2</ele>
   </trkpt>
   <trkpt lat="-36.4256940" lon="-70.6199630">
    <ele>1963.4</ele>
   </trkpt>
   <trkpt lat="-36.4253010" lon="-70.6200750">
    <ele>1963.8</ele>
   </trkpt>
   <trkpt lat="-36.4248890" lon="-70.6200610">
    <ele>1963.6</ele>
   </trkpt>
   <trkpt lat="-36.4247390" lon="-70.6200320">
    <ele>1963.4</ele>
   </trkpt>
   <trkpt lat="-36.4246700" lon="-70.6200420">
    <ele>1963.2</ele>
   </trkpt>
   <trkpt lat="-36.4246080" lon="-70.6200640">
    <ele>1963.0</ele>
   </trkpt>
   <trkpt lat="-36.4245550" lon="-70.6201070">
    <ele>1962.6</ele>
   </trkpt>
   <trkpt lat="-36.4245180" lon="-70.6201350">
    <ele>1962.0</ele>
   </trkpt>
   <trkpt lat="-36.4244840" lon="-70.6201490">
    <ele>1961.4</ele>
   </trkpt>
   <trkpt lat="-36.4244630" lon="-70.6201750">
    <ele>1961.2</ele>
   </trkpt>
   <trkpt lat="-36.4244330" lon="-70.6201940">
    <ele>1961.2</ele>
   </trkpt>
   <trkpt lat="-36.4242170" lon="-70.6203360">
    <ele>1961.6</ele>
   </trkpt>
   <trkpt lat="-36.4241580" lon="-70.6203390">
    <ele>1961.4</ele>
   </trkpt>
   <trkpt lat="-36.4241140" lon="-70.6203110">
    <ele>1961.4</ele>
   </trkpt>
   <trkpt lat="-36.4240780" lon="-70.6202680">
    <ele>1961.0</ele>
   </trkpt>
   <trkpt lat="-36.4240750" lon="-70.6202100">
    <ele>1961.0</ele>
   </trkpt>
   <trkpt lat="-36.4240820" lon="-70.6201440">
    <ele>1961.2</ele>
   </trkpt>
   <trkpt lat="-36.4240830" lon="-70.6200740">
    <ele>1961.6</ele>
   </trkpt>
   <trkpt lat="-36.4240590" lon="-70.6200150">
    <ele>1961.8</ele>
   </trkpt>
   <trkpt lat="-36.4240210" lon="-70.6199660">
    <ele>1962.2</ele>
   </trkpt>
   <trkpt lat="-36.4239660" lon="-70.6199160">
    <ele>1962.4</ele>
   </trkpt>
   <trkpt lat="-36.4239000" lon="-70.6198730">
    <ele>1962.6</ele>
   </trkpt>
   <trkpt lat="-36.4238420" lon="-70.6198160">
    <ele>1962.8</ele>
   </trkpt>
  </trkseg>
 </trk>
</gpx>
