<?xml version="1.0" encoding="UTF-8"?>
<gpx creator="Garmin Connect" version="1.1"
  xsi:schemaLocation="http://www.topografix.com/GPX/1/1 http://www.topografix.com/GPX/11.xsd"
  xmlns:ns3="http://www.garmin.com/xmlschemas/TrackPointExtension/v1"
  xmlns="http://www.topografix.com/GPX/1/1"
  xmlns:xsi="http://www.w3.org/2001/XMLSchema-instance" xmlns:ns2="http://www.garmin.com/xmlschemas/GpxExtensions/v3">
  <metadata>
    <name>rally: etapa 3</name>
    <link href="connect.garmin.com">
      <text>Garmin Connect</text>
    </link>
    <time>2024-08-06T17:00:17.000Z</time>
  </metadata>
  <trk>
    <name>rally: etapa 3</name>
    <trkseg>
      <trkpt lat="-36.45028701983392" lon="-70.67242990247905">
        <ele>1703.6</ele>
      </trkpt>
      <trkpt lat="-36.450287103652954" lon="-70.67243023775518">
        <ele>1703.6</ele>
      </trkpt>
      <trkpt lat="-36.45042775198817" lon="-70.67237776704133">
        <ele>1703.8</ele>
      </trkpt>
      <trkpt lat="-36.450505536049604" lon="-70.67234683781862">
        <ele>1704.0</ele>
      </trkpt>
      <trkpt lat="-36.450583236292005" lon="-70.67231993190944">
        <ele>1703.9</ele>
      </trkpt>
      <trkpt lat="-36.450659008696675" lon="-70.67228707484901">
        <ele>1703.1</ele>
      </trkpt>
      <trkpt lat="-36.45072765648365" lon="-70.67226134240627">
        <ele>1702.3</ele>
      </trkpt>
      <trkpt lat="-36.45080686546862" lon="-70.67225145176053">
        <ele>1701.2</ele>
      </trkpt>
      <trkpt lat="-36.450944831594825" lon="-70.67223644815385">
        <ele>1699.8</ele>
      </trkpt>
      <trkpt lat="-36.45118991844356" lon="-70.6722133141011">
        <ele>1697.4</ele>
      </trkpt>
      <trkpt lat="-36.45124062895775" lon="-70.67221608012915">
        <ele>1696.8</ele>
      </trkpt>
      <trkpt lat="-36.451370464637876" lon="-70.67228112369776">
        <ele>1695.1</ele>
      </trkpt>
      <trkpt lat="-36.4514244440943" lon="-70.67233887501061">
        <ele>1695.1</ele>
      </trkpt>
      <trkpt lat="-36.451453529298306" lon="-70.67234985530376">
        <ele>1695.0</ele>
      </trkpt>
      <trkpt lat="-36.45155972801149" lon="-70.67238648422062">
        <ele>1695.2</ele>
      </trkpt>
      <trkpt lat="-36.45169601775706" lon="-70.67248069681227">
        <ele>1694.7</ele>
      </trkpt>
      <trkpt lat="-36.45180347375572" lon="-70.67258882336318">
        <ele>1693.7</ele>
      </trkpt>
      <trkpt lat="-36.45186759531498" lon="-70.67269753664732">
        <ele>1693.8</ele>
      </trkpt>
      <trkpt lat="-36.45194236189127" lon="-70.67285670898855">
        <ele>1694.7</ele>
      </trkpt>
      <trkpt lat="-36.45217889919877" lon="-70.67311403341591">
        <ele>1694.9</ele>
      </trkpt>
      <trkpt lat="-36.45233027637005" lon="-70.67325610667467">
        <ele>1693.9</ele>
      </trkpt>
      <trkpt lat="-36.45270469598472" lon="-70.67362859845161">
        <ele>1692.4</ele>
      </trkpt>
      <trkpt lat="-36.453009294345975" lon="-70.6739433389157">
        <ele>1690.1</ele>
      </trkpt>
      <trkpt lat="-36.45312085747719" lon="-70.67407543770969">
        <ele>1690.0</ele>
      </trkpt>
      <trkpt lat="-36.45334850996733" lon="-70.67416856065392">
        <ele>1690.8</ele>
      </trkpt>
      <trkpt lat="-36.453399723395705" lon="-70.67416973412037">
        <ele>1691.5</ele>
      </trkpt>
      <trkpt lat="-36.45397539250553" lon="-70.67415062338114">
        <ele>1695.8</ele>
      </trkpt>
      <trkpt lat="-36.45402719266713" lon="-70.6741510424763">
        <ele>1696.0</ele>
      </trkpt>
      <trkpt lat="-36.45407781936228" lon="-70.67415380850434">
        <ele>1696.2</ele>
      </trkpt>
      <trkpt lat="-36.45420514047146" lon="-70.67417652346194">
        <ele>1696.6</ele>
      </trkpt>
      <trkpt lat="-36.4546933863312" lon="-70.67415255121887">
        <ele>1697.6</ele>
      </trkpt>
      <trkpt lat="-36.45473982207477" lon="-70.67415389232337">
        <ele>1697.2</ele>
      </trkpt>
      <trkpt lat="-36.454972168430686" lon="-70.67423209547997">
        <ele>1695.3</ele>
      </trkpt>
      <trkpt lat="-36.455206107348204" lon="-70.6742599233985">
        <ele>1694.8</ele>
      </trkpt>
      <trkpt lat="-36.45532906986773" lon="-70.67432454787195">
        <ele>1694.6</ele>
      </trkpt>
      <trkpt lat="-36.45549134351313" lon="-70.67445949651301">
        <ele>1694.1</ele>
      </trkpt>
      <trkpt lat="-36.45555957220495" lon="-70.6745516974479">
        <ele>1693.5</ele>
      </trkpt>
      <trkpt lat="-36.45563852973282" lon="-70.67470609210432">
        <ele>1691.7</ele>
      </trkpt>
      <trkpt lat="-36.45569443702698" lon="-70.67477189004421">
        <ele>1690.9</ele>
      </trkpt>
      <trkpt lat="-36.45586693659425" lon="-70.67490264773369">
        <ele>1690.0</ele>
      </trkpt>
      <trkpt lat="-36.4562217425555" lon="-70.67535158246756">
        <ele>1691.0</ele>
      </trkpt>
      <trkpt lat="-36.45654855296016" lon="-70.67589791491628">
        <ele>1687.6</ele>
      </trkpt>
      <trkpt lat="-36.456687273457646" lon="-70.6760520581156">
        <ele>1687.3</ele>
      </trkpt>
      <trkpt lat="-36.45705699920654" lon="-70.6765145715326">
        <ele>1686.5</ele>
      </trkpt>
      <trkpt lat="-36.4572474360466" lon="-70.67661859095097">
        <ele>1687.3</ele>
      </trkpt>
      <trkpt lat="-36.4575307443738" lon="-70.67678128369153">
        <ele>1687.6</ele>
      </trkpt>
      <trkpt lat="-36.45765965804458" lon="-70.67682914435863">
        <ele>1686.6</ele>
      </trkpt>
      <trkpt lat="-36.457800725474954" lon="-70.67684900946915">
        <ele>1685.9</ele>
      </trkpt>
      <trkpt lat="-36.45784992724657" lon="-70.67685822956264">
        <ele>1685.7</ele>
      </trkpt>
      <trkpt lat="-36.457992838695645" lon="-70.67690550349653">
        <ele>1684.8</ele>
      </trkpt>
      <trkpt lat="-36.45818796940148" lon="-70.67694875411689">
        <ele>1684.3</ele>
      </trkpt>
      <trkpt lat="-36.45833624526858" lon="-70.67701078020036">
        <ele>1684.2</ele>
      </trkpt>
      <trkpt lat="-36.45843858830631" lon="-70.6770333275199">
        <ele>1684.1</ele>
      </trkpt>
      <trkpt lat="-36.458539087325335" lon="-70.67704590037465">
        <ele>1684.0</ele>
      </trkpt>
      <trkpt lat="-36.45883119665086" lon="-70.67712100222707">
        <ele>1683.5</ele>
      </trkpt>
      <trkpt lat="-36.459138644859195" lon="-70.67747253924608">
        <ele>1686.5</ele>
      </trkpt>
      <trkpt lat="-36.459393706172705" lon="-70.67764218896627">
        <ele>1687.2</ele>
      </trkpt>
      <trkpt lat="-36.45981062203646" lon="-70.67792382091284">
        <ele>1692.9</ele>
      </trkpt>
      <trkpt lat="-36.45992260426283" lon="-70.67800311371684">
        <ele>1693.2</ele>
      </trkpt>
      <trkpt lat="-36.46014061756432" lon="-70.67826538346708">
        <ele>1694.9</ele>
      </trkpt>
      <trkpt lat="-36.46053993143141" lon="-70.67880501039326">
        <ele>1691.3</ele>
      </trkpt>
      <trkpt lat="-36.460744785144925" lon="-70.67944354377687">
        <ele>1689.6</ele>
      </trkpt>
      <trkpt lat="-36.460785772651434" lon="-70.67974160425365">
        <ele>1689.7</ele>
      </trkpt>
      <trkpt lat="-36.46082357503474" lon="-70.68046580068767">
        <ele>1695.1</ele>
      </trkpt>
      <trkpt lat="-36.4608446136117" lon="-70.68056940101087">
        <ele>1695.0</ele>
      </trkpt>
      <trkpt lat="-36.460944693535566" lon="-70.68085220642388">
        <ele>1691.3</ele>
      </trkpt>
      <trkpt lat="-36.4611451048404" lon="-70.68152267485857">
        <ele>1689.4</ele>
      </trkpt>
      <trkpt lat="-36.46119053475559" lon="-70.68160850554705">
        <ele>1689.3</ele>
      </trkpt>
      <trkpt lat="-36.46164458245039" lon="-70.68207973614335">
        <ele>1688.9</ele>
      </trkpt>
      <trkpt lat="-36.461687833070755" lon="-70.68225458264351">
        <ele>1690.6</ele>
      </trkpt>
      <trkpt lat="-36.461881287395954" lon="-70.6829924415797">
        <ele>1688.0</ele>
      </trkpt>
      <trkpt lat="-36.46192328073084" lon="-70.68308849819005">
        <ele>1687.5</ele>
      </trkpt>
      <trkpt lat="-36.46206283941865" lon="-70.68334666080773">
        <ele>1686.8</ele>
      </trkpt>
      <trkpt lat="-36.46236869506538" lon="-70.68401268683374">
        <ele>1684.2</ele>
      </trkpt>
      <trkpt lat="-36.46247430704534" lon="-70.68430127575994">
        <ele>1683.2</ele>
      </trkpt>
      <trkpt lat="-36.46256080828607" lon="-70.68472791463137">
        <ele>1686.9</ele>
      </trkpt>
      <trkpt lat="-36.46268016658723" lon="-70.68499336950481">
        <ele>1683.8</ele>
      </trkpt>
      <trkpt lat="-36.46280321292579" lon="-70.6851889193058">
        <ele>1680.6</ele>
      </trkpt>
      <trkpt lat="-36.4628476370126" lon="-70.68523099645972">
        <ele>1680.1</ele>
      </trkpt>
      <trkpt lat="-36.462943190708756" lon="-70.6853287294507">
        <ele>1679.1</ele>
      </trkpt>
      <trkpt lat="-36.46307151764631" lon="-70.68550877273083">
        <ele>1678.7</ele>
      </trkpt>
      <trkpt lat="-36.46310705691576" lon="-70.68555923178792">
        <ele>1679.1</ele>
      </trkpt>
      <trkpt lat="-36.46328886039555" lon="-70.68572636693716">
        <ele>1679.4</ele>
      </trkpt>
      <trkpt lat="-36.46350326947868" lon="-70.68584270775318">
        <ele>1681.7</ele>
      </trkpt>
      <trkpt lat="-36.46368524059653" lon="-70.6860626488924">
        <ele>1683.0</ele>
      </trkpt>
      <trkpt lat="-36.46404365077615" lon="-70.68663035519421">
        <ele>1685.5</ele>
      </trkpt>
      <trkpt lat="-36.46412830799818" lon="-70.68675499409437">
        <ele>1686.4</ele>
      </trkpt>
      <trkpt lat="-36.46418605931103" lon="-70.68682850338519">
        <ele>1687.4</ele>
      </trkpt>
      <trkpt lat="-36.46426300518215" lon="-70.68693428300321">
        <ele>1688.8</ele>
      </trkpt>
      <trkpt lat="-36.46428764797747" lon="-70.68696890026331">
        <ele>1689.5</ele>
      </trkpt>
      <trkpt lat="-36.46435487084091" lon="-70.68706856109202">
        <ele>1690.3</ele>
      </trkpt>
      <trkpt lat="-36.46441010758281" lon="-70.68715489469469">
        <ele>1691.3</ele>
      </trkpt>
      <trkpt lat="-36.46447515115142" lon="-70.68724977783859">
        <ele>1691.7</ele>
      </trkpt>
      <trkpt lat="-36.46452326327562" lon="-70.6873076967895">
        <ele>1691.5</ele>
      </trkpt>
      <trkpt lat="-36.46459635347128" lon="-70.68738900125027">
        <ele>1691.5</ele>
      </trkpt>
      <trkpt lat="-36.464660642668605" lon="-70.68750970065594">
        <ele>1690.8</ele>
      </trkpt>
      <trkpt lat="-36.46468386054039" lon="-70.68755806423724">
        <ele>1690.2</ele>
      </trkpt>
      <trkpt lat="-36.46518727764487" lon="-70.68791915662587">
        <ele>1690.1</ele>
      </trkpt>
      <trkpt lat="-36.46553738974035" lon="-70.68808536976576">
        <ele>1689.6</ele>
      </trkpt>
      <trkpt lat="-36.465679882094264" lon="-70.68819089792669">
        <ele>1685.9</ele>
      </trkpt>
      <trkpt lat="-36.46581709384918" lon="-70.68832232616842">
        <ele>1680.8</ele>
      </trkpt>
      <trkpt lat="-36.46596956066787" lon="-70.68845023401082">
        <ele>1678.8</ele>
      </trkpt>
      <trkpt lat="-36.46604709327221" lon="-70.68851628340781">
        <ele>1678.2</ele>
      </trkpt>
      <trkpt lat="-36.4661184232682" lon="-70.68858685903251">
        <ele>1677.6</ele>
      </trkpt>
      <trkpt lat="-36.46618086844683" lon="-70.68866103887558">
        <ele>1677.1</ele>
      </trkpt>
      <trkpt lat="-36.46628363057971" lon="-70.68884426727891">
        <ele>1675.0</ele>
      </trkpt>
      <trkpt lat="-36.46632277406752" lon="-70.68906353786588">
        <ele>1673.5</ele>
      </trkpt>
      <trkpt lat="-36.46631799638271" lon="-70.68927878513932">
        <ele>1671.0</ele>
      </trkpt>
      <trkpt lat="-36.46631254814565" lon="-70.68946192972362">
        <ele>1667.8</ele>
      </trkpt>
      <trkpt lat="-36.46631338633597" lon="-70.68954071961343">
        <ele>1666.9</ele>
      </trkpt>
      <trkpt lat="-36.46632093004882" lon="-70.68960366770625">
        <ele>1666.6</ele>
      </trkpt>
      <trkpt lat="-36.46634062752128" lon="-70.68971657194197">
        <ele>1666.0</ele>
      </trkpt>
      <trkpt lat="-36.46637289784849" lon="-70.68989301100373">
        <ele>1667.7</ele>
      </trkpt>
      <trkpt lat="-36.46646107546985" lon="-70.69020833820105">
        <ele>1671.7</ele>
      </trkpt>
      <trkpt lat="-36.466569285839796" lon="-70.69049843586981">
        <ele>1673.1</ele>
      </trkpt>
      <trkpt lat="-36.46672569215298" lon="-70.69073430262506">
        <ele>1673.9</ele>
      </trkpt>
      <trkpt lat="-36.46678386256099" lon="-70.69084268063307">
        <ele>1674.0</ele>
      </trkpt>
      <trkpt lat="-36.46687782369554" lon="-70.69096421822906">
        <ele>1672.1</ele>
      </trkpt>
      <trkpt lat="-36.46707471460104" lon="-70.69127946160734">
        <ele>1668.1</ele>
      </trkpt>
      <trkpt lat="-36.467113103717566" lon="-70.69130846299231">
        <ele>1668.2</ele>
      </trkpt>
      <trkpt lat="-36.4672685880214" lon="-70.69162035360932">
        <ele>1671.9</ele>
      </trkpt>
      <trkpt lat="-36.4673169516027" lon="-70.69180274382234">
        <ele>1674.6</ele>
      </trkpt>
      <trkpt lat="-36.46731996908784" lon="-70.69184339605272">
        <ele>1674.5</ele>
      </trkpt>
      <trkpt lat="-36.46731745451689" lon="-70.69192537106574">
        <ele>1675.1</ele>
      </trkpt>
      <trkpt lat="-36.4673013612628" lon="-70.6920066755265">
        <ele>1674.8</ele>
      </trkpt>
      <trkpt lat="-36.46725199185312" lon="-70.69211312569678">
        <ele>1673.4</ele>
      </trkpt>
      <trkpt lat="-36.4672009460628" lon="-70.69218898192048">
        <ele>1672.9</ele>
      </trkpt>
      <trkpt lat="-36.467166831716895" lon="-70.69222695194185">
        <ele>1673.0</ele>
      </trkpt>
      <trkpt lat="-36.46706205792725" lon="-70.69234245456755">
        <ele>1671.2</ele>
      </trkpt>
      <trkpt lat="-36.46697949618101" lon="-70.69241177290678">
        <ele>1669.9</ele>
      </trkpt>
      <trkpt lat="-36.46687572821975" lon="-70.69266415201128">
        <ele>1669.2</ele>
      </trkpt>
      <trkpt lat="-36.466839937493205" lon="-70.69288509897888">
        <ele>1668.8</ele>
      </trkpt>
      <trkpt lat="-36.46684253588319" lon="-70.69306019693613">
        <ele>1668.0</ele>
      </trkpt>
      <trkpt lat="-36.466817473992705" lon="-70.6931793037802">
        <ele>1666.8</ele>
      </trkpt>
      <trkpt lat="-36.46678050979972" lon="-70.69333428516984">
        <ele>1664.5</ele>
      </trkpt>
      <trkpt lat="-36.46675175987184" lon="-70.69351105950773">
        <ele>1663.9</ele>
      </trkpt>
      <trkpt lat="-36.4667228423059" lon="-70.69378430955112">
        <ele>1664.2</ele>
      </trkpt>
      <trkpt lat="-36.466778833419085" lon="-70.69403652101755">
        <ele>1670.6</ele>
      </trkpt>
      <trkpt lat="-36.46676978096366" lon="-70.69419636391103">
        <ele>1672.9</ele>
      </trkpt>
      <trkpt lat="-36.466739270836115" lon="-70.69435654208064">
        <ele>1671.1</ele>
      </trkpt>
      <trkpt lat="-36.46671907044947" lon="-70.69443290121853">
        <ele>1669.5</ele>
      </trkpt>
      <trkpt lat="-36.466663079336286" lon="-70.69456935860217">
        <ele>1664.3</ele>
      </trkpt>
      <trkpt lat="-36.466611195355654" lon="-70.69470154121518">
        <ele>1662.5</ele>
      </trkpt>
      <trkpt lat="-36.46660189144313" lon="-70.69477261975408">
        <ele>1661.8</ele>
      </trkpt>
      <trkpt lat="-36.466619493439794" lon="-70.69498023949564">
        <ele>1661.9</ele>
      </trkpt>
      <trkpt lat="-36.466631228104234" lon="-70.69505324587226">
        <ele>1661.8</ele>
      </trkpt>
      <trkpt lat="-36.46674723364413" lon="-70.69560050033033">
        <ele>1660.4</ele>
      </trkpt>
      <trkpt lat="-36.466744132339954" lon="-70.69582681171596">
        <ele>1657.2</ele>
      </trkpt>
      <trkpt lat="-36.46673306822777" lon="-70.69590006954968">
        <ele>1656.1</ele>
      </trkpt>
      <trkpt lat="-36.46667841821909" lon="-70.69619502872229">
        <ele>1653.2</ele>
      </trkpt>
      <trkpt lat="-36.46666123531759" lon="-70.69633500650525">
        <ele>1653.4</ele>
      </trkpt>
      <trkpt lat="-36.46663726307452" lon="-70.69655519910157">
        <ele>1654.2</ele>
      </trkpt>
      <trkpt lat="-36.466629886999726" lon="-70.69665754213929">
        <ele>1654.5</ele>
      </trkpt>
      <trkpt lat="-36.46664899773896" lon="-70.69677497260273">
        <ele>1654.7</ele>
      </trkpt>
      <trkpt lat="-36.466876566410065" lon="-70.69742322899401">
        <ele>1652.0</ele>
      </trkpt>
      <trkpt lat="-36.466971533373" lon="-70.69759304635227">
        <ele>1651.3</ele>
      </trkpt>
      <trkpt lat="-36.467114612460136" lon="-70.6977173499763">
        <ele>1652.3</ele>
      </trkpt>
      <trkpt lat="-36.467128694057465" lon="-70.69773017428815">
        <ele>1652.5</ele>
      </trkpt>
      <trkpt lat="-36.467207400128245" lon="-70.6977620255202">
        <ele>1653.5</ele>
      </trkpt>
      <trkpt lat="-36.467215698212385" lon="-70.69776604883373">
        <ele>1653.6</ele>
      </trkpt>
      <trkpt lat="-36.467242017388344" lon="-70.69779035635293">
        <ele>1653.8</ele>
      </trkpt>
      <trkpt lat="-36.46730488166213" lon="-70.69784542545676">
        <ele>1654.3</ele>
      </trkpt>
      <trkpt lat="-36.46751535125077" lon="-70.69801976904273">
        <ele>1655.2</ele>
      </trkpt>
      <trkpt lat="-36.46754510700703" lon="-70.69803988561034">
        <ele>1655.3</ele>
      </trkpt>
      <trkpt lat="-36.46763169206679" lon="-70.69810291752219">
        <ele>1655.7</ele>
      </trkpt>
      <trkpt lat="-36.46777343004942" lon="-70.69822747260332">
        <ele>1655.9</ele>
      </trkpt>
      <trkpt lat="-36.467914413660765" lon="-70.69831523112953">
        <ele>1657.3</ele>
      </trkpt>
      <trkpt lat="-36.467993538826704" lon="-70.69834867492318">
        <ele>1658.5</ele>
      </trkpt>
      <trkpt lat="-36.46812873892486" lon="-70.69843903183937">
        <ele>1659.3</ele>
      </trkpt>
      <trkpt lat="-36.46828078664839" lon="-70.69851824082434">
        <ele>1660.0</ele>
      </trkpt>
      <trkpt lat="-36.4684478379786" lon="-70.69860407151282">
        <ele>1659.6</ele>
      </trkpt>
      <trkpt lat="-36.468643471598625" lon="-70.698670623824">
        <ele>1659.5</ele>
      </trkpt>
      <trkpt lat="-36.468761237338185" lon="-70.69869887083769">
        <ele>1660.7</ele>
      </trkpt>
      <trkpt lat="-36.46893197670579" lon="-70.69874731823802">
        <ele>1662.4</ele>
      </trkpt>
      <trkpt lat="-36.46907011047006" lon="-70.6988281197846">
        <ele>1663.7</ele>
      </trkpt>
      <trkpt lat="-36.46922090090811" lon="-70.69902509450912">
        <ele>1662.7</ele>
      </trkpt>
      <trkpt lat="-36.46942215040326" lon="-70.69938283413649">
        <ele>1660.2</ele>
      </trkpt>
      <trkpt lat="-36.46951334550977" lon="-70.69980653934181">
        <ele>1659.3</ele>
      </trkpt>
      <trkpt lat="-36.46954678930342" lon="-70.70010929368436">
        <ele>1658.1</ele>
      </trkpt>
      <trkpt lat="-36.469559697434306" lon="-70.70020409300923">
        <ele>1657.7</ele>
      </trkpt>
      <trkpt lat="-36.469579143449664" lon="-70.70038321428001">
        <ele>1657.9</ele>
      </trkpt>
      <trkpt lat="-36.46959071047604" lon="-70.70047189481556">
        <ele>1657.8</ele>
      </trkpt>
      <trkpt lat="-36.46971576847136" lon="-70.70099174045026">
        <ele>1656.9</ele>
      </trkpt>
      <trkpt lat="-36.469730185344815" lon="-70.70108477957547">
        <ele>1657.0</ele>
      </trkpt>
      <trkpt lat="-36.46970269270241" lon="-70.70175885222852">
        <ele>1656.2</ele>
      </trkpt>
      <trkpt lat="-36.46955609321594" lon="-70.70242211222649">
        <ele>1659.1</ele>
      </trkpt>
      <trkpt lat="-36.46947579458356" lon="-70.70262964814901">
        <ele>1654.4</ele>
      </trkpt>
      <trkpt lat="-36.46942500025034" lon="-70.702856881544">
        <ele>1651.0</ele>
      </trkpt>
      <trkpt lat="-36.46941334940493" lon="-70.70291547104716">
        <ele>1650.8</ele>
      </trkpt>
      <trkpt lat="-36.46941812708974" lon="-70.7031055726111">
        <ele>1652.5</ele>
      </trkpt>
      <trkpt lat="-36.46942751482129" lon="-70.70316986180842">
        <ele>1653.0</ele>
      </trkpt>
      <trkpt lat="-36.46943966858089" lon="-70.70323155261576">
        <ele>1653.6</ele>
      </trkpt>
      <trkpt lat="-36.46952675655484" lon="-70.70348778739572">
        <ele>1656.0</ele>
      </trkpt>
      <trkpt lat="-36.469625663012266" lon="-70.70366313681006">
        <ele>1657.6</ele>
      </trkpt>
      <trkpt lat="-36.46969137713313" lon="-70.7037472911179">
        <ele>1658.7</ele>
      </trkpt>
      <trkpt lat="-36.46979162469506" lon="-70.70388324558735">
        <ele>1661.2</ele>
      </trkpt>
      <trkpt lat="-36.46988349035382" lon="-70.70404266938567">
        <ele>1661.6</ele>
      </trkpt>
      <trkpt lat="-36.47020158357918" lon="-70.7046423945576">
        <ele>1661.8</ele>
      </trkpt>
      <trkpt lat="-36.47025975398719" lon="-70.70540959015489">
        <ele>1657.2</ele>
      </trkpt>
      <trkpt lat="-36.4702973049134" lon="-70.705761378631">
        <ele>1653.3</ele>
      </trkpt>
      <trkpt lat="-36.470355140045285" lon="-70.70601920597255">
        <ele>1650.3</ele>
      </trkpt>
      <trkpt lat="-36.47042613476515" lon="-70.70629882626235">
        <ele>1647.0</ele>
      </trkpt>
      <trkpt lat="-36.47048531100154" lon="-70.7065952103585">
        <ele>1646.3</ele>
      </trkpt>
      <trkpt lat="-36.47053526714444" lon="-70.70688388310373">
        <ele>1646.1</ele>
      </trkpt>
      <trkpt lat="-36.470561837777495" lon="-70.70702126249671">
        <ele>1645.4</ele>
      </trkpt>
      <trkpt lat="-36.4705893304199" lon="-70.70715453475714">
        <ele>1645.5</ele>
      </trkpt>
      <trkpt lat="-36.47061740979552" lon="-70.70728470571339">
        <ele>1645.7</ele>
      </trkpt>
      <trkpt lat="-36.47064398042858" lon="-70.70741177536547">
        <ele>1643.7</ele>
      </trkpt>
      <trkpt lat="-36.470670802518725" lon="-70.70753700099885">
        <ele>1642.6</ele>
      </trkpt>
      <trkpt lat="-36.470699133351445" lon="-70.7076610531658">
        <ele>1640.3</ele>
      </trkpt>
      <trkpt lat="-36.470728386193514" lon="-70.70778636261821">
        <ele>1638.3</ele>
      </trkpt>
      <trkpt lat="-36.47082251496613" lon="-70.70831735618412">
        <ele>1642.1</ele>
      </trkpt>
      <trkpt lat="-36.470853528007865" lon="-70.70869160816073">
        <ele>1649.3</ele>
      </trkpt>
      <trkpt lat="-36.47085084579885" lon="-70.70880526676774">
        <ele>1649.7</ele>
      </trkpt>
      <trkpt lat="-36.47080751135945" lon="-70.7091215159744">
        <ele>1645.6</ele>
      </trkpt>
      <trkpt lat="-36.47078479640186" lon="-70.70921958424151">
        <ele>1643.8</ele>
      </trkpt>
      <trkpt lat="-36.47076208144426" lon="-70.70931547321379">
        <ele>1643.1</ele>
      </trkpt>
      <trkpt lat="-36.47074481472373" lon="-70.70941102690995">
        <ele>1642.4</ele>
      </trkpt>
      <trkpt lat="-36.470707431435585" lon="-70.70967346429825">
        <ele>1641.0</ele>
      </trkpt>
      <trkpt lat="-36.470665438100696" lon="-70.70983070880175">
        <ele>1641.5</ele>
      </trkpt>
      <trkpt lat="-36.4705703034997" lon="-70.71013488806784">
        <ele>1642.9</ele>
      </trkpt>
      <trkpt lat="-36.47054892964661" lon="-70.7102352194488">
        <ele>1644.0</ele>
      </trkpt>
      <trkpt lat="-36.47053308784962" lon="-70.71028240956366">
        <ele>1644.2</ele>
      </trkpt>
      <trkpt lat="-36.470457231625915" lon="-70.71050226688385">
        <ele>1644.9</ele>
      </trkpt>
      <trkpt lat="-36.47037542425096" lon="-70.71071298792958">
        <ele>1644.9</ele>
      </trkpt>
      <trkpt lat="-36.47014953196049" lon="-70.71142662316561">
        <ele>1639.9</ele>
      </trkpt>
      <trkpt lat="-36.47005741484463" lon="-70.7117191515863">
        <ele>1639.0</ele>
      </trkpt>
      <trkpt lat="-36.46991710178554" lon="-70.71235860697925">
        <ele>1637.4</ele>
      </trkpt>
      <trkpt lat="-36.46989572793245" lon="-70.71258097887039">
        <ele>1635.2</ele>
      </trkpt>
      <trkpt lat="-36.469918778166175" lon="-70.71280309930444">
        <ele>1633.7</ele>
      </trkpt>
      <trkpt lat="-36.4700142480433" lon="-70.71311691775918">
        <ele>1633.1</ele>
      </trkpt>
      <trkpt lat="-36.470267632976174" lon="-70.71371220052242">
        <ele>1631.9</ele>
      </trkpt>
      <trkpt lat="-36.47046376951039" lon="-70.71396139450371">
        <ele>1632.3</ele>
      </trkpt>
      <trkpt lat="-36.470606764778495" lon="-70.71427747607231">
        <ele>1632.9</ele>
      </trkpt>
      <trkpt lat="-36.47064263932407" lon="-70.71439046412706">
        <ele>1633.8</ele>
      </trkpt>
      <trkpt lat="-36.47067993879318" lon="-70.71449850685894">
        <ele>1634.9</ele>
      </trkpt>
      <trkpt lat="-36.47072461433709" lon="-70.71460009552538">
        <ele>1635.2</ele>
      </trkpt>
      <trkpt lat="-36.470771888270974" lon="-70.71469254791737">
        <ele>1635.6</ele>
      </trkpt>
      <trkpt lat="-36.47085528820753" lon="-70.71486655622721">
        <ele>1635.0</ele>
      </trkpt>
      <trkpt lat="-36.470887726172805" lon="-70.71495724841952">
        <ele>1634.1</ele>
      </trkpt>
      <trkpt lat="-36.47095050662756" lon="-70.71534826420248">
        <ele>1629.8</ele>
      </trkpt>
      <trkpt lat="-36.47095100954175" lon="-70.71553350426257">
        <ele>1628.3</ele>
      </trkpt>
      <trkpt lat="-36.470847660675645" lon="-70.71590851061046">
        <ele>1626.3</ele>
      </trkpt>
      <trkpt lat="-36.470779767259955" lon="-70.71632215753198">
        <ele>1628.5</ele>
      </trkpt>
      <trkpt lat="-36.47070952691138" lon="-70.71657403372228">
        <ele>1629.0</ele>
      </trkpt>
      <trkpt lat="-36.47051313892007" lon="-70.71685650385916">
        <ele>1628.5</ele>
      </trkpt>
      <trkpt lat="-36.470453375950456" lon="-70.71691408753395">
        <ele>1628.7</ele>
      </trkpt>
      <trkpt lat="-36.470025731250644" lon="-70.71735975332558">
        <ele>1630.9</ele>
      </trkpt>
      <trkpt lat="-36.4696706738323" lon="-70.71770793758333">
        <ele>1627.2</ele>
      </trkpt>
      <trkpt lat="-36.469263564795256" lon="-70.71815016679466">
        <ele>1627.6</ele>
      </trkpt>
      <trkpt lat="-36.469200029969215" lon="-70.7182256039232">
        <ele>1627.3</ele>
      </trkpt>
      <trkpt lat="-36.46888956427574" lon="-70.71859298273921">
        <ele>1625.7</ele>
      </trkpt>
      <trkpt lat="-36.46856392733753" lon="-70.71916739456356">
        <ele>1625.2</ele>
      </trkpt>
      <trkpt lat="-36.468430487439036" lon="-70.71953351609409">
        <ele>1625.1</ele>
      </trkpt>
      <trkpt lat="-36.46845177747309" lon="-70.71982126682997">
        <ele>1626.1</ele>
      </trkpt>
      <trkpt lat="-36.468463679775596" lon="-70.71989737451077">
        <ele>1626.4</ele>
      </trkpt>
      <trkpt lat="-36.46837365813553" lon="-70.7202579639852">
        <ele>1627.2</ele>
      </trkpt>
      <trkpt lat="-36.46831389516592" lon="-70.72038872167468">
        <ele>1627.2</ele>
      </trkpt>
      <trkpt lat="-36.46800267510116" lon="-70.72089683264494">
        <ele>1627.0</ele>
      </trkpt>
      <trkpt lat="-36.46777485497296" lon="-70.72118366137147">
        <ele>1627.0</ele>
      </trkpt>
      <trkpt lat="-36.46767117083073" lon="-70.72127024643123">
        <ele>1627.0</ele>
      </trkpt>
      <trkpt lat="-36.467233803123236" lon="-70.72162656113505">
        <ele>1623.9</ele>
      </trkpt>
      <trkpt lat="-36.466795010492206" lon="-70.72188262827694">
        <ele>1625.4</ele>
      </trkpt>
      <trkpt lat="-36.46630307659507" lon="-70.72219141758978">
        <ele>1630.8</ele>
      </trkpt>
      <trkpt lat="-36.46621313877404" lon="-70.72228655219078">
        <ele>1630.2</ele>
      </trkpt>
      <trkpt lat="-36.4661321695894" lon="-70.722387554124">
        <ele>1630.1</ele>
      </trkpt>
      <trkpt lat="-36.46599520929158" lon="-70.72254974395037">
        <ele>1630.6</ele>
      </trkpt>
      <trkpt lat="-36.46592773497105" lon="-70.72265451774001">
        <ele>1631.2</ele>
      </trkpt>
      <trkpt lat="-36.465863697230816" lon="-70.72276507504284">
        <ele>1630.5</ele>
      </trkpt>
      <trkpt lat="-36.465783063322306" lon="-70.72291913442314">
        <ele>1630.4</ele>
      </trkpt>
      <trkpt lat="-36.465698489919305" lon="-70.72310697287321">
        <ele>1629.9</ele>
      </trkpt>
      <trkpt lat="-36.46560595370829" lon="-70.72324426844716">
        <ele>1629.3</ele>
      </trkpt>
      <trkpt lat="-36.465388694778085" lon="-70.72360100224614">
        <ele>1625.4</ele>
      </trkpt>
      <trkpt lat="-36.46504688076675" lon="-70.72401506826282">
        <ele>1622.7</ele>
      </trkpt>
      <trkpt lat="-36.4649198949337" lon="-70.72416317649186">
        <ele>1621.7</ele>
      </trkpt>
      <trkpt lat="-36.464746640995145" lon="-70.72438085451722">
        <ele>1620.6</ele>
      </trkpt>
      <trkpt lat="-36.46469861268997" lon="-70.72445327416062">
        <ele>1620.3</ele>
      </trkpt>
      <trkpt lat="-36.464654272422194" lon="-70.72452644817531">
        <ele>1619.9</ele>
      </trkpt>
      <trkpt lat="-36.46456559188664" lon="-70.72467438876629">
        <ele>1619.5</ele>
      </trkpt>
      <trkpt lat="-36.46450054831803" lon="-70.72483632713556">
        <ele>1619.6</ele>
      </trkpt>
      <trkpt lat="-36.464316649362445" lon="-70.72551182471216">
        <ele>1622.3</ele>
      </trkpt>
      <trkpt lat="-36.464220341295004" lon="-70.72577132843435">
        <ele>1624.3</ele>
      </trkpt>
      <trkpt lat="-36.464087907224894" lon="-70.72608665563166">
        <ele>1626.0</ele>
      </trkpt>
      <trkpt lat="-36.464036693796515" lon="-70.72624381631613">
        <ele>1626.0</ele>
      </trkpt>
      <trkpt lat="-36.464006435126066" lon="-70.7264197524637">
        <ele>1625.7</ele>
      </trkpt>
      <trkpt lat="-36.46394197829068" lon="-70.7266063336283">
        <ele>1625.2</ele>
      </trkpt>
      <trkpt lat="-36.46383888088167" lon="-70.7268603052944">
        <ele>1624.9</ele>
      </trkpt>
      <trkpt lat="-36.46376855671406" lon="-70.72697413153946">
        <ele>1625.1</ele>
      </trkpt>
      <trkpt lat="-36.46363419480622" lon="-70.72708829306066">
        <ele>1625.3</ele>
      </trkpt>
      <trkpt lat="-36.463512824848294" lon="-70.72718250565231">
        <ele>1626.2</ele>
      </trkpt>
      <trkpt lat="-36.46325642243028" lon="-70.7272932305932">
        <ele>1631.2</ele>
      </trkpt>
      <trkpt lat="-36.46305098198354" lon="-70.72756497189403">
        <ele>1631.9</ele>
      </trkpt>
      <trkpt lat="-36.46300446242094" lon="-70.72770461440086">
        <ele>1630.8</ele>
      </trkpt>
      <trkpt lat="-36.46275862120092" lon="-70.72835295461118">
        <ele>1626.9</ele>
      </trkpt>
      <trkpt lat="-36.46249081939459" lon="-70.72887296788394">
        <ele>1631.9</ele>
      </trkpt>
      <trkpt lat="-36.46233315579593" lon="-70.72955978102982">
        <ele>1628.2</ele>
      </trkpt>
      <trkpt lat="-36.46223743446171" lon="-70.73026503436267">
        <ele>1629.4</ele>
      </trkpt>
      <trkpt lat="-36.462164176627994" lon="-70.73098889552057">
        <ele>1629.4</ele>
      </trkpt>
      <trkpt lat="-36.462241960689425" lon="-70.73129994794726">
        <ele>1624.9</ele>
      </trkpt>
      <trkpt lat="-36.46233927458525" lon="-70.73156758211553">
        <ele>1623.5</ele>
      </trkpt>
      <trkpt lat="-36.462384620681405" lon="-70.73165827430785">
        <ele>1623.4</ele>
      </trkpt>
      <trkpt lat="-36.46248059347272" lon="-70.73187176138163">
        <ele>1623.0</ele>
      </trkpt>
      <trkpt lat="-36.46265367977321" lon="-70.73240837082267">
        <ele>1622.7</ele>
      </trkpt>
      <trkpt lat="-36.46265217103064" lon="-70.73260794393718">
        <ele>1623.5</ele>
      </trkpt>
      <trkpt lat="-36.46254798397422" lon="-70.73290181346238">
        <ele>1623.7</ele>
      </trkpt>
      <trkpt lat="-36.46244890987873" lon="-70.73318168520927">
        <ele>1624.5</ele>
      </trkpt>
      <trkpt lat="-36.462502386420965" lon="-70.73349516838789">
        <ele>1622.8</ele>
      </trkpt>
      <trkpt lat="-36.46255183964968" lon="-70.73363740928471">
        <ele>1621.9</ele>
      </trkpt>
      <trkpt lat="-36.462568351998925" lon="-70.73371452279389">
        <ele>1621.7</ele>
      </trkpt>
      <trkpt lat="-36.46262082271278" lon="-70.73396128602326">
        <ele>1621.2</ele>
      </trkpt>
      <trkpt lat="-36.46264789626002" lon="-70.73404083028436">
        <ele>1621.3</ele>
      </trkpt>
      <trkpt lat="-36.46276314742863" lon="-70.73425540700555">
        <ele>1621.2</ele>
      </trkpt>
      <trkpt lat="-36.46284797228873" lon="-70.73439211584628">
        <ele>1620.7</ele>
      </trkpt>
      <trkpt lat="-36.463105883449316" lon="-70.7347117178142">
        <ele>1617.3</ele>
      </trkpt>
      <trkpt lat="-36.46315257064998" lon="-70.73479159735143">
        <ele>1616.5</ele>
      </trkpt>
      <trkpt lat="-36.46334543824196" lon="-70.73513642884791">
        <ele>1614.8</ele>
      </trkpt>
      <trkpt lat="-36.46359278820455" lon="-70.73547882959247">
        <ele>1613.6</ele>
      </trkpt>
      <trkpt lat="-36.46372715011239" lon="-70.73565870523453">
        <ele>1612.3</ele>
      </trkpt>
      <trkpt lat="-36.46379789337516" lon="-70.7357379142195">
        <ele>1611.6</ele>
      </trkpt>
      <trkpt lat="-36.46387115120888" lon="-70.73580949567258">
        <ele>1610.8</ele>
      </trkpt>
      <trkpt lat="-36.464011799544096" lon="-70.7359517365694">
        <ele>1608.6</ele>
      </trkpt>
      <trkpt lat="-36.46420986391604" lon="-70.7361747790128">
        <ele>1605.2</ele>
      </trkpt>
      <trkpt lat="-36.46426644176245" lon="-70.73626195080578">
        <ele>1604.4</ele>
      </trkpt>
      <trkpt lat="-36.46437247283757" lon="-70.73645607568324">
        <ele>1602.9</ele>
      </trkpt>
      <trkpt lat="-36.464456375688314" lon="-70.73667710646987">
        <ele>1602.6</ele>
      </trkpt>
      <trkpt lat="-36.46449585445225" lon="-70.736915320158">
        <ele>1603.4</ele>
      </trkpt>
      <trkpt lat="-36.46450884640217" lon="-70.73703534901142">
        <ele>1603.9</ele>
      </trkpt>
      <trkpt lat="-36.4645142108202" lon="-70.7371576409787">
        <ele>1603.9</ele>
      </trkpt>
      <trkpt lat="-36.4644986204803" lon="-70.73739778250456">
        <ele>1604.1</ele>
      </trkpt>
      <trkpt lat="-36.464456459507346" lon="-70.73763406835496">
        <ele>1604.5</ele>
      </trkpt>
      <trkpt lat="-36.464241882786155" lon="-70.73829598724842">
        <ele>1604.6</ele>
      </trkpt>
      <trkpt lat="-36.464203745126724" lon="-70.7383905351162">
        <ele>1604.2</ele>
      </trkpt>
      <trkpt lat="-36.46400450728834" lon="-70.73877383954823">
        <ele>1602.7</ele>
      </trkpt>
      <trkpt lat="-36.4639890845865" lon="-70.73882153257728">
        <ele>1602.1</ele>
      </trkpt>
      <trkpt lat="-36.4639803674072" lon="-70.73887542821467">
        <ele>1600.9</ele>
      </trkpt>
      <trkpt lat="-36.46396326832473" lon="-70.73905454948545">
        <ele>1599.3</ele>
      </trkpt>
      <trkpt lat="-36.46396310068667" lon="-70.73911431245506">
        <ele>1598.6</ele>
      </trkpt>
      <trkpt lat="-36.4639822114259" lon="-70.73926485143602">
        <ele>1597.5</ele>
      </trkpt>
      <trkpt lat="-36.464007860049605" lon="-70.73934162966907">
        <ele>1597.9</ele>
      </trkpt>
      <trkpt lat="-36.46404867991805" lon="-70.73946023359895">
        <ele>1598.2</ele>
      </trkpt>
      <trkpt lat="-36.46408027969301" lon="-70.73956676758826">
        <ele>1598.2</ele>
      </trkpt>
      <trkpt lat="-36.464180778712034" lon="-70.73992148973048">
        <ele>1597.7</ele>
      </trkpt>
      <trkpt lat="-36.46423869766295" lon="-70.74015475809574">
        <ele>1597.3</ele>
      </trkpt>
      <trkpt lat="-36.464429050683975" lon="-70.74078809469938">
        <ele>1595.8</ele>
      </trkpt>
      <trkpt lat="-36.46458721719682" lon="-70.7414295617491">
        <ele>1592.7</ele>
      </trkpt>
      <trkpt lat="-36.46463298238814" lon="-70.74160826392472">
        <ele>1593.3</ele>
      </trkpt>
      <trkpt lat="-36.46479768678546" lon="-70.74230689555407">
        <ele>1598.3</ele>
      </trkpt>
      <trkpt lat="-36.46492970176041" lon="-70.74291433207691">
        <ele>1599.9</ele>
      </trkpt>
      <trkpt lat="-36.464965073391795" lon="-70.74309596791863">
        <ele>1599.8</ele>
      </trkpt>
      <trkpt lat="-36.464968426153064" lon="-70.74315782636404">
        <ele>1599.8</ele>
      </trkpt>
      <trkpt lat="-36.46496566012502" lon="-70.74328439310193">
        <ele>1599.8</ele>
      </trkpt>
      <trkpt lat="-36.46495685912669" lon="-70.74334692209959">
        <ele>1599.7</ele>
      </trkpt>
      <trkpt lat="-36.46485568955541" lon="-70.74371916241944">
        <ele>1599.5</ele>
      </trkpt>
      <trkpt lat="-36.464722165837884" lon="-70.74417656287551">
        <ele>1601.3</ele>
      </trkpt>
      <trkpt lat="-36.46460901014507" lon="-70.74448736384511">
        <ele>1601.5</ele>
      </trkpt>
      <trkpt lat="-36.46435026079416" lon="-70.74514576233923">
        <ele>1599.8</ele>
      </trkpt>
      <trkpt lat="-36.464163679629564" lon="-70.74564783833921">
        <ele>1598.2</ele>
      </trkpt>
      <trkpt lat="-36.464102575555444" lon="-70.74579745531082">
        <ele>1597.8</ele>
      </trkpt>
      <trkpt lat="-36.464031748473644" lon="-70.7460180670023">
        <ele>1597.6</ele>
      </trkpt>
      <trkpt lat="-36.46401439793408" lon="-70.74609610252082">
        <ele>1597.6</ele>
      </trkpt>
      <trkpt lat="-36.46395580843091" lon="-70.74641738086939">
        <ele>1598.0</ele>
      </trkpt>
      <trkpt lat="-36.46378808654845" lon="-70.74687838554382">
        <ele>1597.9</ele>
      </trkpt>
      <trkpt lat="-36.46373477764428" lon="-70.7470815628767">
        <ele>1597.6</ele>
      </trkpt>
      <trkpt lat="-36.46361952647567" lon="-70.74736294336617">
        <ele>1595.5</ele>
      </trkpt>
      <trkpt lat="-36.46353981457651" lon="-70.74754315428436">
        <ele>1594.0</ele>
      </trkpt>
      <trkpt lat="-36.46345725283027" lon="-70.74770928360522">
        <ele>1594.0</ele>
      </trkpt>
      <trkpt lat="-36.463414169847965" lon="-70.74778027832508">
        <ele>1593.8</ele>
      </trkpt>
      <trkpt lat="-36.46311208605766" lon="-70.74820540845394">
        <ele>1593.7</ele>
      </trkpt>
      <trkpt lat="-36.46286515519023" lon="-70.74877026490867">
        <ele>1590.4</ele>
      </trkpt>
      <trkpt lat="-36.46282374858856" lon="-70.74898056685925">
        <ele>1589.1</ele>
      </trkpt>
      <trkpt lat="-36.462803380563855" lon="-70.7493025995791">
        <ele>1589.7</ele>
      </trkpt>
      <trkpt lat="-36.46283112466335" lon="-70.75004464946687">
        <ele>1589.4</ele>
      </trkpt>
      <trkpt lat="-36.46284302696586" lon="-70.75015688315034">
        <ele>1589.4</ele>
      </trkpt>
      <trkpt lat="-36.462981747463346" lon="-70.75080011039972">
        <ele>1589.1</ele>
      </trkpt>
      <trkpt lat="-36.46302357316017" lon="-70.75089004822075">
        <ele>1589.5</ele>
      </trkpt>
      <trkpt lat="-36.46312415599823" lon="-70.7510503102094">
        <ele>1589.2</ele>
      </trkpt>
      <trkpt lat="-36.463287603110075" lon="-70.7512760348618">
        <ele>1589.3</ele>
      </trkpt>
      <trkpt lat="-36.46343587897718" lon="-70.75150787830353">
        <ele>1589.7</ele>
      </trkpt>
      <trkpt lat="-36.4635160099715" lon="-70.75167241506279">
        <ele>1590.1</ele>
      </trkpt>
      <trkpt lat="-36.46352279931307" lon="-70.75229343026876">
        <ele>1587.6</ele>
      </trkpt>
      <trkpt lat="-36.46345012821257" lon="-70.75248478911817">
        <ele>1587.4</ele>
      </trkpt>
      <trkpt lat="-36.46339396946132" lon="-70.75260875746608">
        <ele>1588.2</ele>
      </trkpt>
      <trkpt lat="-36.46330160088837" lon="-70.75279667973518">
        <ele>1590.2</ele>
      </trkpt>
      <trkpt lat="-36.46310496143997" lon="-70.7532100751996">
        <ele>1592.1</ele>
      </trkpt>
      <trkpt lat="-36.46293665282428" lon="-70.75355859473348">
        <ele>1591.0</ele>
      </trkpt>
      <trkpt lat="-36.46284068003297" lon="-70.75394533574581">
        <ele>1590.3</ele>
      </trkpt>
      <trkpt lat="-36.46295132115483" lon="-70.75463013723493">
        <ele>1590.6</ele>
      </trkpt>
      <trkpt lat="-36.46298233419657" lon="-70.75471856631339">
        <ele>1589.9</ele>
      </trkpt>
      <trkpt lat="-36.46310009993613" lon="-70.75498863123357">
        <ele>1586.5</ele>
      </trkpt>
      <trkpt lat="-36.463201185688376" lon="-70.7552773039788">
        <ele>1584.3</ele>
      </trkpt>
      <trkpt lat="-36.463253404945135" lon="-70.7554514799267">
        <ele>1584.4</ele>
      </trkpt>
      <trkpt lat="-36.463381899520755" lon="-70.75573881156743">
        <ele>1588.3</ele>
      </trkpt>
      <trkpt lat="-36.46351424977183" lon="-70.75605422258377">
        <ele>1590.8</ele>
      </trkpt>
      <trkpt lat="-36.46356881596148" lon="-70.75620870105922">
        <ele>1590.6</ele>
      </trkpt>
      <trkpt lat="-36.46366118453443" lon="-70.75658622197807">
        <ele>1590.7</ele>
      </trkpt>
      <trkpt lat="-36.46378104574978" lon="-70.75727831572294">
        <ele>1592.1</ele>
      </trkpt>
      <trkpt lat="-36.46382647566497" lon="-70.7580113131553">
        <ele>1588.0</ele>
      </trkpt>
      <trkpt lat="-36.463828571140766" lon="-70.75809974223375">
        <ele>1587.7</ele>
      </trkpt>
      <trkpt lat="-36.46390300244093" lon="-70.75882787816226">
        <ele>1588.7</ele>
      </trkpt>
      <trkpt lat="-36.46391876041889" lon="-70.75901739299297">
        <ele>1589.4</ele>
      </trkpt>
      <trkpt lat="-36.46389428526163" lon="-70.75920305214822">
        <ele>1589.2</ele>
      </trkpt>
      <trkpt lat="-36.46383963525295" lon="-70.75936180539429">
        <ele>1589.3</ele>
      </trkpt>
      <trkpt lat="-36.46373997442424" lon="-70.75960613787174">
        <ele>1589.8</ele>
      </trkpt>
      <trkpt lat="-36.463558841496706" lon="-70.75999103486538">
        <ele>1590.1</ele>
      </trkpt>
      <trkpt lat="-36.4634589292109" lon="-70.7602107245475">
        <ele>1592.4</ele>
      </trkpt>
      <trkpt lat="-36.463279724121094" lon="-70.7606205996126">
        <ele>1591.7</ele>
      </trkpt>
      <trkpt lat="-36.46307419985533" lon="-70.76125301420689">
        <ele>1587.4</ele>
      </trkpt>
      <trkpt lat="-36.462866915389895" lon="-70.76186464168131">
        <ele>1584.6</ele>
      </trkpt>
      <trkpt lat="-36.46277077496052" lon="-70.76213420368731">
        <ele>1582.5</ele>
      </trkpt>
      <trkpt lat="-36.46267027594149" lon="-70.76241181232035">
        <ele>1581.7</ele>
      </trkpt>
      <trkpt lat="-36.46261881105602" lon="-70.76255187392235">
        <ele>1580.4</ele>
      </trkpt>
      <trkpt lat="-36.46256860345602" lon="-70.76268858276308">
        <ele>1579.0</ele>
      </trkpt>
      <trkpt lat="-36.462520407512784" lon="-70.7628223579377">
        <ele>1577.8</ele>
      </trkpt>
      <trkpt lat="-36.46247170865536" lon="-70.76295613311231">
        <ele>1578.0</ele>
      </trkpt>
      <trkpt lat="-36.462422255426645" lon="-70.76308714225888">
        <ele>1578.7</ele>
      </trkpt>
      <trkpt lat="-36.46232184022665" lon="-70.7633451372385">
        <ele>1579.2</ele>
      </trkpt>
      <trkpt lat="-36.46222108975053" lon="-70.76358427293599">
        <ele>1578.2</ele>
      </trkpt>
      <trkpt lat="-36.46211665123701" lon="-70.76380362734199">
        <ele>1577.0</ele>
      </trkpt>
      <trkpt lat="-36.46200316026807" lon="-70.76399708166718">
        <ele>1575.4</ele>
      </trkpt>
      <trkpt lat="-36.46175455302" lon="-70.76431852765381">
        <ele>1575.2</ele>
      </trkpt>
      <trkpt lat="-36.4616940356791" lon="-70.76438868418336">
        <ele>1575.1</ele>
      </trkpt>
      <trkpt lat="-36.461308719590306" lon="-70.76490182429552">
        <ele>1575.5</ele>
      </trkpt>
      <trkpt lat="-36.460825921967626" lon="-70.76539736241102">
        <ele>1573.5</ele>
      </trkpt>
      <trkpt lat="-36.46063255146146" lon="-70.76563230715692">
        <ele>1572.9</ele>
      </trkpt>
      <trkpt lat="-36.460520988330245" lon="-70.7657992746681">
        <ele>1572.3</ele>
      </trkpt>
      <trkpt lat="-36.46015436388552" lon="-70.76641014777124">
        <ele>1570.5</ele>
      </trkpt>
      <trkpt lat="-36.46009996533394" lon="-70.76649572700262">
        <ele>1570.5</ele>
      </trkpt>
      <trkpt lat="-36.4597256295383" lon="-70.76706225983799">
        <ele>1568.2</ele>
      </trkpt>
      <trkpt lat="-36.459585735574365" lon="-70.76732251793146">
        <ele>1568.1</ele>
      </trkpt>
      <trkpt lat="-36.459303852170706" lon="-70.76800622977316">
        <ele>1568.0</ele>
      </trkpt>
      <trkpt lat="-36.459041414782405" lon="-70.76867518946528">
        <ele>1566.0</ele>
      </trkpt>
      <trkpt lat="-36.458937311545014" lon="-70.7689680531621">
        <ele>1566.0</ele>
      </trkpt>
      <trkpt lat="-36.458767745643854" lon="-70.76969518326223">
        <ele>1569.7</ele>
      </trkpt>
      <trkpt lat="-36.4586912188679" lon="-70.77044905163348">
        <ele>1569.3</ele>
      </trkpt>
      <trkpt lat="-36.45857353694737" lon="-70.77115472406149">
        <ele>1567.8</ele>
      </trkpt>
      <trkpt lat="-36.45841930992901" lon="-70.77186651527882">
        <ele>1567.0</ele>
      </trkpt>
      <trkpt lat="-36.458297185599804" lon="-70.77254746109247">
        <ele>1567.7</ele>
      </trkpt>
      <trkpt lat="-36.45820314064622" lon="-70.77328900806606">
        <ele>1565.7</ele>
      </trkpt>
      <trkpt lat="-36.458133570849895" lon="-70.77389728277922">
        <ele>1564.0</ele>
      </trkpt>
      <trkpt lat="-36.458102306351066" lon="-70.77450681477785">
        <ele>1565.4</ele>
      </trkpt>
      <trkpt lat="-36.45810297690332" lon="-70.7747997622937">
        <ele>1565.4</ele>
      </trkpt>
      <trkpt lat="-36.458094511181116" lon="-70.77489472925663">
        <ele>1565.3</ele>
      </trkpt>
      <trkpt lat="-36.458024522289634" lon="-70.77527912333608">
        <ele>1563.8</ele>
      </trkpt>
      <trkpt lat="-36.45786467939615" lon="-70.77588303945959">
        <ele>1562.9</ele>
      </trkpt>
      <trkpt lat="-36.457718247547746" lon="-70.77634949237108">
        <ele>1564.1</ele>
      </trkpt>
      <trkpt lat="-36.457511465996504" lon="-70.77705407515168">
        <ele>1565.0</ele>
      </trkpt>
      <trkpt lat="-36.45744340494275" lon="-70.77734316699207">
        <ele>1564.9</ele>
      </trkpt>
      <trkpt lat="-36.45729688927531" lon="-70.77799410559237">
        <ele>1565.9</ele>
      </trkpt>
      <trkpt lat="-36.4571887627244" lon="-70.77862408943474">
        <ele>1566.8</ele>
      </trkpt>
      <trkpt lat="-36.457110308110714" lon="-70.77934795059264">
        <ele>1566.7</ele>
      </trkpt>
      <trkpt lat="-36.457013161852956" lon="-70.78002898022532">
        <ele>1568.5</ele>
      </trkpt>
      <trkpt lat="-36.4570108987391" lon="-70.78007876873016">
        <ele>1568.5</ele>
      </trkpt>
      <trkpt lat="-36.45701291039586" lon="-70.78023735433817">
        <ele>1569.3</ele>
      </trkpt>
      <trkpt lat="-36.457020873203874" lon="-70.78034933656454">
        <ele>1570.0</ele>
      </trkpt>
      <trkpt lat="-36.45703470334411" lon="-70.78051806427538">
        <ele>1571.9</ele>
      </trkpt>
      <trkpt lat="-36.457034116610885" lon="-70.78057522885501">
        <ele>1572.3</ele>
      </trkpt>
      <trkpt lat="-36.457026824355125" lon="-70.78067656606436">
        <ele>1572.7</ele>
      </trkpt>
      <trkpt lat="-36.4569884352386" lon="-70.7809507381171">
        <ele>1572.5</ele>
      </trkpt>
      <trkpt lat="-36.45697133615613" lon="-70.7811270095408">
        <ele>1574.6</ele>
      </trkpt>
      <trkpt lat="-36.45696546882391" lon="-70.78124343417585">
        <ele>1576.0</ele>
      </trkpt>
      <trkpt lat="-36.45695800893009" lon="-70.78146136365831">
        <ele>1578.0</ele>
      </trkpt>
      <trkpt lat="-36.45695633254945" lon="-70.7815725915134">
        <ele>1579.2</ele>
      </trkpt>
      <trkpt lat="-36.45695675164461" lon="-70.78168340027332">
        <ele>1580.4</ele>
      </trkpt>
      <trkpt lat="-36.45695901475847" lon="-70.78186646103859">
        <ele>1581.7</ele>
      </trkpt>
      <trkpt lat="-36.45696555264294" lon="-70.78203267417848">
        <ele>1582.8</ele>
      </trkpt>
      <trkpt lat="-36.45697141997516" lon="-70.78220576047897">
        <ele>1583.4</ele>
      </trkpt>
      <trkpt lat="-36.45694971084595" lon="-70.78248529694974">
        <ele>1585.7</ele>
      </trkpt>
      <trkpt lat="-36.4568935520947" lon="-70.78266307711601">
        <ele>1585.9</ele>
      </trkpt>
      <trkpt lat="-36.456839237362146" lon="-70.7827880512923">
        <ele>1586.5</ele>
      </trkpt>
      <trkpt lat="-36.456796154379845" lon="-70.7829347345978">
        <ele>1586.4</ele>
      </trkpt>
      <trkpt lat="-36.456752652302384" lon="-70.78313732519746">
        <ele>1586.5</ele>
      </trkpt>
      <trkpt lat="-36.45672817714512" lon="-70.78330563381314">
        <ele>1587.7</ele>
      </trkpt>
      <trkpt lat="-36.45669607445598" lon="-70.78346069902182">
        <ele>1588.7</ele>
      </trkpt>
      <trkpt lat="-36.45667654462159" lon="-70.78355717472732">
        <ele>1589.7</ele>
      </trkpt>
      <trkpt lat="-36.45667042583227" lon="-70.78358810395002">
        <ele>1589.8</ele>
      </trkpt>
      <trkpt lat="-36.456652488559484" lon="-70.783685836941">
        <ele>1590.8</ele>
      </trkpt>
      <trkpt lat="-36.45663505420089" lon="-70.78382925130427">
        <ele>1591.9</ele>
      </trkpt>
      <trkpt lat="-36.45662114024162" lon="-70.78399060294032">
        <ele>1592.9</ele>
      </trkpt>
      <trkpt lat="-36.45660739392042" lon="-70.78411557711661">
        <ele>1593.9</ele>
      </trkpt>
      <trkpt lat="-36.456571938470006" lon="-70.78435496427119">
        <ele>1593.9</ele>
      </trkpt>
      <trkpt lat="-36.45654084160924" lon="-70.78457498922944">
        <ele>1594.9</ele>
      </trkpt>
      <trkpt lat="-36.4564685896039" lon="-70.78491160646081">
        <ele>1598.1</ele>
      </trkpt>
      <trkpt lat="-36.456402372568846" lon="-70.78513775020838">
        <ele>1596.8</ele>
      </trkpt>
      <trkpt lat="-36.45636633038521" lon="-70.7852866128087">
        <ele>1596.3</ele>
      </trkpt>
      <trkpt lat="-36.45634495653212" lon="-70.7854388281703">
        <ele>1597.0</ele>
      </trkpt>
      <trkpt lat="-36.456340765580535" lon="-70.7856320310384">
        <ele>1599.5</ele>
      </trkpt>
      <trkpt lat="-36.456363312900066" lon="-70.78578676097095">
        <ele>1602.0</ele>
      </trkpt>
      <trkpt lat="-36.45639508031309" lon="-70.78597828745842">
        <ele>1605.2</ele>
      </trkpt>
      <trkpt lat="-36.4564323797822" lon="-70.78615137375891">
        <ele>1607.4</ele>
      </trkpt>
      <trkpt lat="-36.4564841799438" lon="-70.78637760132551">
        <ele>1607.0</ele>
      </trkpt>
      <trkpt lat="-36.45668777637184" lon="-70.78708712942898">
        <ele>1599.6</ele>
      </trkpt>
      <trkpt lat="-36.45676304586232" lon="-70.78728712163866">
        <ele>1596.9</ele>
      </trkpt>
      <trkpt lat="-36.45691702142358" lon="-70.78760605305433">
        <ele>1593.2</ele>
      </trkpt>
      <trkpt lat="-36.457028249278665" lon="-70.78784150071442">
        <ele>1591.0</ele>
      </trkpt>
      <trkpt lat="-36.457083486020565" lon="-70.78796404413879">
        <ele>1589.9</ele>
      </trkpt>
      <trkpt lat="-36.45714140497148" lon="-70.78809320926666">
        <ele>1589.2</ele>
      </trkpt>
      <trkpt lat="-36.45720208995044" lon="-70.78822455368936">
        <ele>1588.9</ele>
      </trkpt>
      <trkpt lat="-36.457267217338085" lon="-70.78835095278919">
        <ele>1588.0</ele>
      </trkpt>
      <trkpt lat="-36.45733159035444" lon="-70.78846687451005">
        <ele>1586.5</ele>
      </trkpt>
      <trkpt lat="-36.45739043131471" lon="-70.78857231885195">
        <ele>1585.4</ele>
      </trkpt>
      <trkpt lat="-36.45745664834976" lon="-70.78867047093809">
        <ele>1584.6</ele>
      </trkpt>
      <trkpt lat="-36.45752881653607" lon="-70.78877440653741">
        <ele>1584.3</ele>
      </trkpt>
      <trkpt lat="-36.4575962908566" lon="-70.78889418393373">
        <ele>1583.6</ele>
      </trkpt>
      <trkpt lat="-36.45764825865626" lon="-70.78902670182288">
        <ele>1581.6</ele>
      </trkpt>
      <trkpt lat="-36.457662004977465" lon="-70.78917145729065">
        <ele>1578.3</ele>
      </trkpt>
      <trkpt lat="-36.45768262445927" lon="-70.78930623829365">
        <ele>1576.3</ele>
      </trkpt>
      <trkpt lat="-36.457711374387145" lon="-70.78943749889731">
        <ele>1575.0</ele>
      </trkpt>
      <trkpt lat="-36.45775127224624" lon="-70.78956423327327">
        <ele>1574.5</ele>
      </trkpt>
      <trkpt lat="-36.457800306379795" lon="-70.78968996182084">
        <ele>1573.8</ele>
      </trkpt>
      <trkpt lat="-36.45785420201719" lon="-70.78981937840581">
        <ele>1572.9</ele>
      </trkpt>
      <trkpt lat="-36.457907259464264" lon="-70.78995457850397">
        <ele>1572.0</ele>
      </trkpt>
      <trkpt lat="-36.4579570479691" lon="-70.79009464010596">
        <ele>1570.1</ele>
      </trkpt>
      <trkpt lat="-36.45799979567528" lon="-70.79022958874702">
        <ele>1567.8</ele>
      </trkpt>
      <trkpt lat="-36.45804589614272" lon="-70.79036101698875">
        <ele>1566.3</ele>
      </trkpt>
      <trkpt lat="-36.45808772183955" lon="-70.7904916908592">
        <ele>1564.9</ele>
      </trkpt>
      <trkpt lat="-36.45810591056943" lon="-70.79062228091061">
        <ele>1562.0</ele>
      </trkpt>
      <trkpt lat="-36.458106245845556" lon="-70.79075245186687">
        <ele>1559.0</ele>
      </trkpt>
      <trkpt lat="-36.4580987021327" lon="-70.79087574966252">
        <ele>1557.7</ele>
      </trkpt>
      <trkpt lat="-36.45810197107494" lon="-70.79099896363914">
        <ele>1555.8</ele>
      </trkpt>
      <trkpt lat="-36.45811848342419" lon="-70.79112477600574">
        <ele>1554.1</ele>
      </trkpt>
      <trkpt lat="-36.45817690528929" lon="-70.79137723892927">
        <ele>1555.1</ele>
      </trkpt>
      <trkpt lat="-36.45822409540415" lon="-70.79164646565914">
        <ele>1551.9</ele>
      </trkpt>
      <trkpt lat="-36.45822417922318" lon="-70.79191896133125">
        <ele>1542.2</ele>
      </trkpt>
      <trkpt lat="-36.458217641338706" lon="-70.79204536043108">
        <ele>1539.7</ele>
      </trkpt>
      <trkpt lat="-36.45821738988161" lon="-70.79217259772122">
        <ele>1541.0</ele>
      </trkpt>
      <trkpt lat="-36.45823599770665" lon="-70.79229262657464">
        <ele>1542.5</ele>
      </trkpt>
      <trkpt lat="-36.4582749735564" lon="-70.79240955412388">
        <ele>1544.3</ele>
      </trkpt>
      <trkpt lat="-36.45832886919379" lon="-70.79251156188548">
        <ele>1546.9</ele>
      </trkpt>
      <trkpt lat="-36.458386620506644" lon="-70.79262119717896">
        <ele>1549.1</ele>
      </trkpt>
      <trkpt lat="-36.45843984559178" lon="-70.79273820854723">
        <ele>1549.1</ele>
      </trkpt>
      <trkpt lat="-36.4585960842669" lon="-70.79309695400298">
        <ele>1547.7</ele>
      </trkpt>
      <trkpt lat="-36.45869323052466" lon="-70.7932994607836">
        <ele>1546.1</ele>
      </trkpt>
      <trkpt lat="-36.45875240676105" lon="-70.79337791539729">
        <ele>1545.6</ele>
      </trkpt>
      <trkpt lat="-36.45890763960779" lon="-70.79350724816322">
        <ele>1545.2</ele>
      </trkpt>
      <trkpt lat="-36.45907435566187" lon="-70.79362157732248">
        <ele>1546.4</ele>
      </trkpt>
      <trkpt lat="-36.4593852404505" lon="-70.79384797252715">
        <ele>1549.2</ele>
      </trkpt>
      <trkpt lat="-36.45951742306352" lon="-70.79396305605769">
        <ele>1550.1</ele>
      </trkpt>
      <trkpt lat="-36.459655137732625" lon="-70.79408308491111">
        <ele>1548.8</ele>
      </trkpt>
      <trkpt lat="-36.45971791818738" lon="-70.79414611682296">
        <ele>1547.3</ele>
      </trkpt>
      <trkpt lat="-36.45977650769055" lon="-70.79420906491578">
        <ele>1546.4</ele>
      </trkpt>
      <trkpt lat="-36.45988840609789" lon="-70.79433923587203">
        <ele>1544.8</ele>
      </trkpt>
      <trkpt lat="-36.46004179492593" lon="-70.79455800354481">
        <ele>1541.6</ele>
      </trkpt>
      <trkpt lat="-36.4604611415416" lon="-70.79499344341457">
        <ele>1541.2</ele>
      </trkpt>
      <trkpt lat="-36.46052920259535" lon="-70.79504968598485">
        <ele>1541.4</ele>
      </trkpt>
      <trkpt lat="-36.4609931409359" lon="-70.7954163942486">
        <ele>1544.3</ele>
      </trkpt>
      <trkpt lat="-36.46116136573255" lon="-70.79554748721421">
        <ele>1546.5</ele>
      </trkpt>
      <trkpt lat="-36.46140527911484" lon="-70.79575141891837">
        <ele>1548.3</ele>
      </trkpt>
      <trkpt lat="-36.461501168087125" lon="-70.79582895152271">
        <ele>1547.7</ele>
      </trkpt>
      <trkpt lat="-36.461595045402646" lon="-70.79590933397412">
        <ele>1547.2</ele>
      </trkpt>
      <trkpt lat="-36.461738711223006" lon="-70.79604922793806">
        <ele>1545.6</ele>
      </trkpt>
      <trkpt lat="-36.461928980425" lon="-70.79627377912402">
        <ele>1543.3</ele>
      </trkpt>
      <trkpt lat="-36.46244019269943" lon="-70.79668306745589">
        <ele>1544.0</ele>
      </trkpt>
      <trkpt lat="-36.46287462674081" lon="-70.79719034023583">
        <ele>1545.1</ele>
      </trkpt>
      <trkpt lat="-36.462990967556834" lon="-70.79764991998672">
        <ele>1540.2</ele>
      </trkpt>
      <trkpt lat="-36.46302156150341" lon="-70.79790866933763">
        <ele>1540.3</ele>
      </trkpt>
      <trkpt lat="-36.4630773011595" lon="-70.79818200320005">
        <ele>1538.5</ele>
      </trkpt>
      <trkpt lat="-36.463143518194556" lon="-70.79846866428852">
        <ele>1534.3</ele>
      </trkpt>
      <trkpt lat="-36.46318559534848" lon="-70.7986110728234">
        <ele>1531.8</ele>
      </trkpt>
      <trkpt lat="-36.46323907189071" lon="-70.7987495418638">
        <ele>1530.7</ele>
      </trkpt>
      <trkpt lat="-36.46341919898987" lon="-70.79913569614291">
        <ele>1529.8</ele>
      </trkpt>
      <trkpt lat="-36.46347736939788" lon="-70.79924172721803">
        <ele>1529.8</ele>
      </trkpt>
      <trkpt lat="-36.463541742414236" lon="-70.7993365265429">
        <ele>1528.7</ele>
      </trkpt>
      <trkpt lat="-36.4636248908937" lon="-70.79942646436393">
        <ele>1527.7</ele>
      </trkpt>
      <trkpt lat="-36.46370275877416" lon="-70.79949771054089">
        <ele>1526.1</ele>
      </trkpt>
      <trkpt lat="-36.46378431469202" lon="-70.79956040717661">
        <ele>1525.4</ele>
      </trkpt>
      <trkpt lat="-36.46385966800153" lon="-70.79960164614022">
        <ele>1525.1</ele>
      </trkpt>
      <trkpt lat="-36.46392689086497" lon="-70.79963282682002">
        <ele>1525.2</ele>
      </trkpt>
      <trkpt lat="-36.46398715674877" lon="-70.79966694116592">
        <ele>1525.4</ele>
      </trkpt>
      <trkpt lat="-36.46412135101855" lon="-70.79979049041867">
        <ele>1525.9</ele>
      </trkpt>
      <trkpt lat="-36.464155381545424" lon="-70.79983131028712">
        <ele>1526.1</ele>
      </trkpt>
      <trkpt lat="-36.464222855865955" lon="-70.80001210793853">
        <ele>1526.8</ele>
      </trkpt>
      <trkpt lat="-36.46428035572171" lon="-70.80020036548376">
        <ele>1527.1</ele>
      </trkpt>
      <trkpt lat="-36.464350847527385" lon="-70.80038669519126">
        <ele>1527.5</ele>
      </trkpt>
      <trkpt lat="-36.46441463381052" lon="-70.8004312030971">
        <ele>1527.1</ele>
      </trkpt>
      <trkpt lat="-36.46477388218045" lon="-70.80050907097757">
        <ele>1524.7</ele>
      </trkpt>
      <trkpt lat="-36.46502290852368" lon="-70.80067779868841">
        <ele>1525.0</ele>
      </trkpt>
      <trkpt lat="-36.46508099511266" lon="-70.80072859302163">
        <ele>1524.7</ele>
      </trkpt>
      <trkpt lat="-36.46519825793803" lon="-70.80081157386303">
        <ele>1524.0</ele>
      </trkpt>
      <trkpt lat="-36.465376457199454" lon="-70.80089757218957">
        <ele>1523.5</ele>
      </trkpt>
      <trkpt lat="-36.465766886249185" lon="-70.8010269049555">
        <ele>1521.4</ele>
      </trkpt>
      <trkpt lat="-36.46628740243614" lon="-70.80123125575483">
        <ele>1520.4</ele>
      </trkpt>
      <trkpt lat="-36.46649762056768" lon="-70.8013590797782">
        <ele>1521.4</ele>
      </trkpt>
      <trkpt lat="-36.466697780415416" lon="-70.80151280388236">
        <ele>1522.0</ele>
      </trkpt>
      <trkpt lat="-36.46685712039471" lon="-70.80164037644863">
        <ele>1522.0</ele>
      </trkpt>
      <trkpt lat="-36.4673584420234" lon="-70.80201420933008">
        <ele>1521.4</ele>
      </trkpt>
      <trkpt lat="-36.46780947223306" lon="-70.802220152691">
        <ele>1523.1</ele>
      </trkpt>
      <trkpt lat="-36.46828665398061" lon="-70.80232827924192">
        <ele>1520.2</ele>
      </trkpt>
      <trkpt lat="-36.46887271665037" lon="-70.80256414599717">
        <ele>1518.0</ele>
      </trkpt>
      <trkpt lat="-36.46938837133348" lon="-70.80295465886593">
        <ele>1517.5</ele>
      </trkpt>
      <trkpt lat="-36.46966103464365" lon="-70.8032149169594">
        <ele>1518.3</ele>
      </trkpt>
      <trkpt lat="-36.46979137323797" lon="-70.80334131605923">
        <ele>1517.9</ele>
      </trkpt>
      <trkpt lat="-36.46999429911375" lon="-70.80350065603852">
        <ele>1516.0</ele>
      </trkpt>
      <trkpt lat="-36.47005791775882" lon="-70.80353535711765">
        <ele>1515.8</ele>
      </trkpt>
      <trkpt lat="-36.47021993994713" lon="-70.8036002330482">
        <ele>1515.0</ele>
      </trkpt>
      <trkpt lat="-36.47036645561457" lon="-70.80364264547825">
        <ele>1514.4</ele>
      </trkpt>
      <trkpt lat="-36.47045404650271" lon="-70.80362001433969">
        <ele>1514.1</ele>
      </trkpt>
      <trkpt lat="-36.47087532095611" lon="-70.80359755083919">
        <ele>1513.3</ele>
      </trkpt>
      <trkpt lat="-36.4711073320359" lon="-70.80374808982015">
        <ele>1513.0</ele>
      </trkpt>
      <trkpt lat="-36.47116810083389" lon="-70.80384121276438">
        <ele>1513.0</ele>
      </trkpt>
      <trkpt lat="-36.471605971455574" lon="-70.80426751635969">
        <ele>1514.1</ele>
      </trkpt>
      <trkpt lat="-36.47196186706424" lon="-70.80455258488655">
        <ele>1517.2</ele>
      </trkpt>
      <trkpt lat="-36.47210955619812" lon="-70.8046798221767">
        <ele>1518.2</ele>
      </trkpt>
      <trkpt lat="-36.47222254425287" lon="-70.80480915494263">
        <ele>1518.9</ele>
      </trkpt>
      <trkpt lat="-36.472256407141685" lon="-70.80486564897001">
        <ele>1518.3</ele>
      </trkpt>
      <trkpt lat="-36.47234885953367" lon="-70.80507083795965">
        <ele>1517.0</ele>
      </trkpt>
      <trkpt lat="-36.4724438264966" lon="-70.80538348294795">
        <ele>1514.9</ele>
      </trkpt>
      <trkpt lat="-36.47251381538808" lon="-70.8057295717299">
        <ele>1513.7</ele>
      </trkpt>
      <trkpt lat="-36.47257911041379" lon="-70.80586401745677">
        <ele>1512.4</ele>
      </trkpt>
      <trkpt lat="-36.47276242263615" lon="-70.80597725696862">
        <ele>1509.6</ele>
      </trkpt>
      <trkpt lat="-36.47306643426418" lon="-70.80598337575793">
        <ele>1507.8</ele>
      </trkpt>
      <trkpt lat="-36.473139775916934" lon="-70.80595060251653">
        <ele>1507.1</ele>
      </trkpt>
      <trkpt lat="-36.47320398129523" lon="-70.80592428334057">
        <ele>1506.5</ele>
      </trkpt>
      <trkpt lat="-36.47331504151225" lon="-70.80589109100401">
        <ele>1506.0</ele>
      </trkpt>
      <trkpt lat="-36.4734214078635" lon="-70.80586812458932">
        <ele>1506.0</ele>
      </trkpt>
      <trkpt lat="-36.473472621291876" lon="-70.805859323591">
        <ele>1506.0</ele>
      </trkpt>
      <trkpt lat="-36.47368250414729" lon="-70.80582554452121">
        <ele>1506.3</ele>
      </trkpt>
      <trkpt lat="-36.47373631596565" lon="-70.80581515096128">
        <ele>1506.5</ele>
      </trkpt>
      <trkpt lat="-36.47378912195563" lon="-70.80580299720168">
        <ele>1506.5</ele>
      </trkpt>
      <trkpt lat="-36.474164547398686" lon="-70.80570174381137">
        <ele>1505.4</ele>
      </trkpt>
      <trkpt lat="-36.474240655079484" lon="-70.8056724909693">
        <ele>1505.2</ele>
      </trkpt>
      <trkpt lat="-36.474597891792655" lon="-70.80567031167448">
        <ele>1507.3</ele>
      </trkpt>
      <trkpt lat="-36.474787993356586" lon="-70.80570769496262">
        <ele>1510.4</ele>
      </trkpt>
      <trkpt lat="-36.47491615265608" lon="-70.8057708106935">
        <ele>1513.0</ele>
      </trkpt>
      <trkpt lat="-36.474939957261086" lon="-70.80578061752021">
        <ele>1513.4</ele>
      </trkpt>
      <trkpt lat="-36.47501640021801" lon="-70.80580366775393">
        <ele>1514.7</ele>
      </trkpt>
      <trkpt lat="-36.475096363574266" lon="-70.80582319758832">
        <ele>1515.5</ele>
      </trkpt>
      <trkpt lat="-36.47517850622535" lon="-70.80582990311086">
        <ele>1516.3</ele>
      </trkpt>
      <trkpt lat="-36.47523432970047" lon="-70.8058278914541">
        <ele>1517.4</ele>
      </trkpt>
      <trkpt lat="-36.47531999275088" lon="-70.8058154862374">
        <ele>1518.9</ele>
      </trkpt>
      <trkpt lat="-36.4753760676831" lon="-70.80579905770719">
        <ele>1519.9</ele>
      </trkpt>
      <trkpt lat="-36.47548922337592" lon="-70.80576544627547">
        <ele>1521.5</ele>
      </trkpt>
      <trkpt lat="-36.47563255392015" lon="-70.80572127364576">
        <ele>1523.4</ele>
      </trkpt>
      <trkpt lat="-36.47575048729777" lon="-70.80569235607982">
        <ele>1524.7</ele>
      </trkpt>
      <trkpt lat="-36.47594536654651" lon="-70.80567869357765">
        <ele>1525.0</ele>
      </trkpt>
      <trkpt lat="-36.47616270929575" lon="-70.80570803023875">
        <ele>1524.0</ele>
      </trkpt>
      <trkpt lat="-36.47637477144599" lon="-70.80578757449985">
        <ele>1523.7</ele>
      </trkpt>
      <trkpt lat="-36.47662740200758" lon="-70.80592855811119">
        <ele>1527.0</ele>
      </trkpt>
      <trkpt lat="-36.47681306116283" lon="-70.80598547123373">
        <ele>1528.9</ele>
      </trkpt>
      <trkpt lat="-36.476908111944795" lon="-70.80601145513356">
        <ele>1529.9</ele>
      </trkpt>
      <trkpt lat="-36.477043898776174" lon="-70.80604892224073">
        <ele>1529.6</ele>
      </trkpt>
      <trkpt lat="-36.47731589153409" lon="-70.80605671741068">
        <ele>1529.1</ele>
      </trkpt>
      <trkpt lat="-36.47785669192672" lon="-70.80611664801836">
        <ele>1529.1</ele>
      </trkpt>
      <trkpt lat="-36.47799298167229" lon="-70.80612553283572">
        <ele>1530.3</ele>
      </trkpt>
      <trkpt lat="-36.47809322923422" lon="-70.80613441765308">
        <ele>1531.8</ele>
      </trkpt>
      <trkpt lat="-36.478228345513344" lon="-70.806147409603">
        <ele>1533.4</ele>
      </trkpt>
      <trkpt lat="-36.478362707421184" lon="-70.8061698731035">
        <ele>1534.8</ele>
      </trkpt>
      <trkpt lat="-36.47858046926558" lon="-70.8062890637666">
        <ele>1536.6</ele>
      </trkpt>
      <trkpt lat="-36.47870787419379" lon="-70.80642250366509">
        <ele>1536.7</ele>
      </trkpt>
      <trkpt lat="-36.47881876677275" lon="-70.80656943842769">
        <ele>1537.0</ele>
      </trkpt>
      <trkpt lat="-36.47886478342116" lon="-70.80662928521633">
        <ele>1537.2</ele>
      </trkpt>
      <trkpt lat="-36.47895681671798" lon="-70.80672492273152">
        <ele>1537.9</ele>
      </trkpt>
      <trkpt lat="-36.47907458245754" lon="-70.80673187971115">
        <ele>1539.1</ele>
      </trkpt>
      <trkpt lat="-36.479139709845185" lon="-70.80665023997426">
        <ele>1540.1</ele>
      </trkpt>
      <trkpt lat="-36.47917030379176" lon="-70.80650615505874">
        <ele>1541.0</ele>
      </trkpt>
      <trkpt lat="-36.479174327105284" lon="-70.8063717931509">
        <ele>1541.5</ele>
      </trkpt>
      <trkpt lat="-36.479170471429825" lon="-70.80617548897862">
        <ele>1542.1</ele>
      </trkpt>
      <trkpt lat="-36.47919209674001" lon="-70.8058950304985">
        <ele>1543.1</ele>
      </trkpt>
      <trkpt lat="-36.479218415915966" lon="-70.80543109215796">
        <ele>1541.7</ele>
      </trkpt>
      <trkpt lat="-36.47930324077606" lon="-70.8047419320792">
        <ele>1544.2</ele>
      </trkpt>
      <trkpt lat="-36.47931790910661" lon="-70.80467118881643">
        <ele>1544.6</ele>
      </trkpt>
      <trkpt lat="-36.47942779585719" lon="-70.80426936037838">
        <ele>1545.0</ele>
      </trkpt>
      <trkpt lat="-36.47964128293097" lon="-70.80378186888993">
        <ele>1540.0</ele>
      </trkpt>
      <trkpt lat="-36.48007378913462" lon="-70.80396333709359">
        <ele>1538.5</ele>
      </trkpt>
      <trkpt lat="-36.480416441336274" lon="-70.80449047498405">
        <ele>1537.2</ele>
      </trkpt>
      <trkpt lat="-36.48050629533827" lon="-70.80456239171326">
        <ele>1536.4</ele>
      </trkpt>
      <trkpt lat="-36.48069958202541" lon="-70.80470312386751">
        <ele>1534.3</ele>
      </trkpt>
      <trkpt lat="-36.480802511796355" lon="-70.80476900562644">
        <ele>1533.0</ele>
      </trkpt>
      <trkpt lat="-36.48090745322406" lon="-70.80483363009989">
        <ele>1531.7</ele>
      </trkpt>
      <trkpt lat="-36.48101096972823" lon="-70.80490353517234">
        <ele>1531.1</ele>
      </trkpt>
      <trkpt lat="-36.4812093693763" lon="-70.80506597645581">
        <ele>1530.4</ele>
      </trkpt>
      <trkpt lat="-36.48130274377763" lon="-70.80515666864812">
        <ele>1530.4</ele>
      </trkpt>
      <trkpt lat="-36.481493851169944" lon="-70.80533201806247">
        <ele>1528.9</ele>
      </trkpt>
      <trkpt lat="-36.48158806376159" lon="-70.80541935749352">
        <ele>1528.0</ele>
      </trkpt>
      <trkpt lat="-36.48177129216492" lon="-70.8056051004678">
        <ele>1528.4</ele>
      </trkpt>
      <trkpt lat="-36.481866678223014" lon="-70.8056880813092">
        <ele>1528.0</ele>
      </trkpt>
      <trkpt lat="-36.481960974633694" lon="-70.80575555562973">
        <ele>1527.5</ele>
      </trkpt>
      <trkpt lat="-36.48213950917125" lon="-70.80589218065143">
        <ele>1526.2</ele>
      </trkpt>
      <trkpt lat="-36.48222257383168" lon="-70.80596351064742">
        <ele>1526.6</ele>
      </trkpt>
      <trkpt lat="-36.48230714723468" lon="-70.80602754838765">
        <ele>1527.1</ele>
      </trkpt>
      <trkpt lat="-36.48239859379828" lon="-70.80607373267412">
        <ele>1526.5</ele>
      </trkpt>
      <trkpt lat="-36.482493644580245" lon="-70.80610055476427">
        <ele>1525.7</ele>
      </trkpt>
      <trkpt lat="-36.48259749636054" lon="-70.80611958168447">
        <ele>1525.1</ele>
      </trkpt>
      <trkpt lat="-36.48270361125469" lon="-70.80613743513823">
        <ele>1524.8</ele>
      </trkpt>
      <trkpt lat="-36.482917349785566" lon="-70.80616593360901">
        <ele>1523.7</ele>
      </trkpt>
      <trkpt lat="-36.483029667288065" lon="-70.80615713261068">
        <ele>1522.1</ele>
      </trkpt>
      <trkpt lat="-36.48339746519923" lon="-70.80613106489182">
        <ele>1517.4</ele>
      </trkpt>
      <trkpt lat="-36.4835216011852" lon="-70.80614414066076">
        <ele>1517.3</ele>
      </trkpt>
      <trkpt lat="-36.483644815161824" lon="-70.80615671351552">
        <ele>1517.5</ele>
      </trkpt>
      <trkpt lat="-36.483766855672" lon="-70.80616744235158">
        <ele>1515.4</ele>
      </trkpt>
      <trkpt lat="-36.48388847708702" lon="-70.80618395470083">
        <ele>1513.6</ele>
      </trkpt>
      <trkpt lat="-36.48400766775012" lon="-70.80620549619198">
        <ele>1512.4</ele>
      </trkpt>
      <trkpt lat="-36.48412459529936" lon="-70.80622795969248">
        <ele>1511.1</ele>
      </trkpt>
      <trkpt lat="-36.48423582315445" lon="-70.80624539405107">
        <ele>1510.9</ele>
      </trkpt>
      <trkpt lat="-36.48434177041054" lon="-70.80625955946743">
        <ele>1511.3</ele>
      </trkpt>
      <trkpt lat="-36.484447717666626" lon="-70.80627657473087">
        <ele>1511.9</ele>
      </trkpt>
      <trkpt lat="-36.484629018232226" lon="-70.80632250756025">
        <ele>1512.1</ele>
      </trkpt>
      <trkpt lat="-36.484864465892315" lon="-70.80637506209314">
        <ele>1512.2</ele>
      </trkpt>
      <trkpt lat="-36.48493646644056" lon="-70.80638822168112">
        <ele>1511.8</ele>
      </trkpt>
      <trkpt lat="-36.48500821553171" lon="-70.80639442428946">
        <ele>1511.3</ele>
      </trkpt>
      <trkpt lat="-36.485080467537045" lon="-70.80639249645174">
        <ele>1511.1</ele>
      </trkpt>
      <trkpt lat="-36.48532790131867" lon="-70.80637011677027">
        <ele>1509.7</ele>
      </trkpt>
      <trkpt lat="-36.48549126461148" lon="-70.80634312704206">
        <ele>1508.5</ele>
      </trkpt>
      <trkpt lat="-36.485653622075915" lon="-70.80629015341401">
        <ele>1506.0</ele>
      </trkpt>
      <trkpt lat="-36.48581941612065" lon="-70.80624589696527">
        <ele>1503.7</ele>
      </trkpt>
      <trkpt lat="-36.485902816057205" lon="-70.80623692832887">
        <ele>1503.1</ele>
      </trkpt>
      <trkpt lat="-36.485989233478904" lon="-70.80623055808246">
        <ele>1502.7</ele>
      </trkpt>
      <trkpt lat="-36.48616349324584" lon="-70.80620314925909">
        <ele>1502.0</ele>
      </trkpt>
      <trkpt lat="-36.486518969759345" lon="-70.80613818950951">
        <ele>1501.8</ele>
      </trkpt>
      <trkpt lat="-36.48678584955633" lon="-70.80608395859599">
        <ele>1502.5</ele>
      </trkpt>
      <trkpt lat="-36.4871325250715" lon="-70.8059864770621">
        <ele>1502.9</ele>
      </trkpt>
      <trkpt lat="-36.48721936158836" lon="-70.805962421">
        <ele>1503.3</ele>
      </trkpt>
      <trkpt lat="-36.487306617200375" lon="-70.80593928694725">
        <ele>1503.3</ele>
      </trkpt>
      <trkpt lat="-36.48784356191754" lon="-70.8057811204344">
        <ele>1502.1</ele>
      </trkpt>
      <trkpt lat="-36.48811052553356" lon="-70.80568682402372">
        <ele>1497.6</ele>
      </trkpt>
      <trkpt lat="-36.48820105008781" lon="-70.8056589961052">
        <ele>1496.5</ele>
      </trkpt>
      <trkpt lat="-36.48869298398495" lon="-70.80558674409986">
        <ele>1493.7</ele>
      </trkpt>
      <trkpt lat="-36.489302180707455" lon="-70.80548180267215">
        <ele>1492.6</ele>
      </trkpt>
      <trkpt lat="-36.48950284346938" lon="-70.8054396416992">
        <ele>1493.9</ele>
      </trkpt>
      <trkpt lat="-36.48960208520293" lon="-70.80541918985546">
        <ele>1494.4</ele>
      </trkpt>
      <trkpt lat="-36.4898007363081" lon="-70.8053823094815">
        <ele>1494.6</ele>
      </trkpt>
      <trkpt lat="-36.490402054041624" lon="-70.80528172664344">
        <ele>1493.1</ele>
      </trkpt>
      <trkpt lat="-36.49092189967632" lon="-70.80516261979938">
        <ele>1496.8</ele>
      </trkpt>
      <trkpt lat="-36.49146957322955" lon="-70.8050839137286">
        <ele>1492.9</ele>
      </trkpt>
      <trkpt lat="-36.491645593196154" lon="-70.80506337806582">
        <ele>1492.7</ele>
      </trkpt>
      <trkpt lat="-36.491731172427535" lon="-70.80506270751357">
        <ele>1492.5</ele>
      </trkpt>
      <trkpt lat="-36.49189755320549" lon="-70.80508257262409">
        <ele>1492.1</ele>
      </trkpt>
      <trkpt lat="-36.4921335875988" lon="-70.80515390262008">
        <ele>1492.9</ele>
      </trkpt>
      <trkpt lat="-36.492650331929326" lon="-70.8053722511977">
        <ele>1493.1</ele>
      </trkpt>
      <trkpt lat="-36.49318115785718" lon="-70.80560233443975">
        <ele>1493.3</ele>
      </trkpt>
      <trkpt lat="-36.49338726885617" lon="-70.80568539910018">
        <ele>1493.5</ele>
      </trkpt>
      <trkpt lat="-36.493836203590035" lon="-70.80583518370986">
        <ele>1496.0</ele>
      </trkpt>
      <trkpt lat="-36.49404952302575" lon="-70.80590609461069">
        <ele>1496.9</ele>
      </trkpt>
      <trkpt lat="-36.49424633011222" lon="-70.80601111985743">
        <ele>1498.0</ele>
      </trkpt>
      <trkpt lat="-36.49440214969218" lon="-70.80607331357896">
        <ele>1498.3</ele>
      </trkpt>
      <trkpt lat="-36.494817808270454" lon="-70.80612963996828">
        <ele>1498.0</ele>
      </trkpt>
      <trkpt lat="-36.495113940909505" lon="-70.8061373513192">
        <ele>1498.6</ele>
      </trkpt>
      <trkpt lat="-36.49550118483603" lon="-70.80612360499799">
        <ele>1500.0</ele>
      </trkpt>
      <trkpt lat="-36.49572238326073" lon="-70.80606660805643">
        <ele>1499.1</ele>
      </trkpt>
      <trkpt lat="-36.495939726009965" lon="-70.80591137520969">
        <ele>1497.9</ele>
      </trkpt>
      <trkpt lat="-36.496246587485075" lon="-70.80571892671287">
        <ele>1495.6</ele>
      </trkpt>
      <trkpt lat="-36.49651849642396" lon="-70.8056521229446">
        <ele>1495.1</ele>
      </trkpt>
      <trkpt lat="-36.49658295325935" lon="-70.80562806688249">
        <ele>1494.9</ele>
      </trkpt>
      <trkpt lat="-36.49683332070708" lon="-70.80553737469018">
        <ele>1494.9</ele>
      </trkpt>
      <trkpt lat="-36.49689392186701" lon="-70.80551625229418">
        <ele>1494.7</ele>
      </trkpt>
      <trkpt lat="-36.4969948399812" lon="-70.80546629615128">
        <ele>1494.7</ele>
      </trkpt>
      <trkpt lat="-36.49724202230573" lon="-70.80535213463008">
        <ele>1494.9</ele>
      </trkpt>
      <trkpt lat="-36.49744117632508" lon="-70.80531005747616">
        <ele>1495.6</ele>
      </trkpt>
      <trkpt lat="-36.49750554934144" lon="-70.80529656261206">
        <ele>1495.7</ele>
      </trkpt>
      <trkpt lat="-36.497884495183825" lon="-70.80510495230556">
        <ele>1490.0</ele>
      </trkpt>
      <trkpt lat="-36.498308116570115" lon="-70.80525314435363">
        <ele>1491.3</ele>
      </trkpt>
      <trkpt lat="-36.49862403050065" lon="-70.80546621233225">
        <ele>1496.1</ele>
      </trkpt>
      <trkpt lat="-36.49877951480448" lon="-70.80555262975395">
        <ele>1496.4</ele>
      </trkpt>
      <trkpt lat="-36.4989531878382" lon="-70.80558573827147">
        <ele>1495.9</ele>
      </trkpt>
      <trkpt lat="-36.49929726496339" lon="-70.80546453595161">
        <ele>1488.3</ele>
      </trkpt>
      <trkpt lat="-36.49967612698674" lon="-70.80525876022875">
        <ele>1484.5</ele>
      </trkpt>
      <trkpt lat="-36.49998055770993" lon="-70.80512179993093">
        <ele>1483.6</ele>
      </trkpt>
      <trkpt lat="-36.50016110390425" lon="-70.80503881908953">
        <ele>1485.4</ele>
      </trkpt>
      <trkpt lat="-36.5002429112792" lon="-70.80501115880907">
        <ele>1486.5</ele>
      </trkpt>
      <trkpt lat="-36.50032136589289" lon="-70.80498978495598">
        <ele>1487.7</ele>
      </trkpt>
      <trkpt lat="-36.50040149688721" lon="-70.80495885573328">
        <ele>1488.9</ele>
      </trkpt>
      <trkpt lat="-36.500734174624085" lon="-70.80440673977137">
        <ele>1486.7</ele>
      </trkpt>
      <trkpt lat="-36.50074230507016" lon="-70.8043235912919">
        <ele>1486.6</ele>
      </trkpt>
      <trkpt lat="-36.50076284073293" lon="-70.80397649668157">
        <ele>1486.9</ele>
      </trkpt>
      <trkpt lat="-36.50077591650188" lon="-70.80392167903483">
        <ele>1487.6</ele>
      </trkpt>
      <trkpt lat="-36.50091581046581" lon="-70.80382411368191">
        <ele>1489.2</ele>
      </trkpt>
      <trkpt lat="-36.50095562450588" lon="-70.80383392050862">
        <ele>1489.4</ele>
      </trkpt>
      <trkpt lat="-36.50102762505412" lon="-70.80389024689794">
        <ele>1489.7</ele>
      </trkpt>
      <trkpt lat="-36.50111211463809" lon="-70.80403785221279">
        <ele>1490.2</ele>
      </trkpt>
      <trkpt lat="-36.50113214738667" lon="-70.80409853719175">
        <ele>1490.5</ele>
      </trkpt>
      <trkpt lat="-36.5011531021446" lon="-70.80415938980877">
        <ele>1490.7</ele>
      </trkpt>
      <trkpt lat="-36.50122099556029" lon="-70.80434236675501">
        <ele>1491.3</ele>
      </trkpt>
      <trkpt lat="-36.501459293067455" lon="-70.8047662395984">
        <ele>1491.7</ele>
      </trkpt>
      <trkpt lat="-36.50180110707879" lon="-70.80521626397967">
        <ele>1494.9</ele>
      </trkpt>
      <trkpt lat="-36.50183228775859" lon="-70.80525356344879">
        <ele>1495.4</ele>
      </trkpt>
      <trkpt lat="-36.5019438508898" lon="-70.80538859590888">
        <ele>1497.3</ele>
      </trkpt>
      <trkpt lat="-36.50202297605574" lon="-70.8054877538234">
        <ele>1497.8</ele>
      </trkpt>
      <trkpt lat="-36.50207611732185" lon="-70.80555497668684">
        <ele>1498.1</ele>
      </trkpt>
      <trkpt lat="-36.50214753113687" lon="-70.80567232333124">
        <ele>1498.8</ele>
      </trkpt>
      <trkpt lat="-36.50224970653653" lon="-70.80584742128849">
        <ele>1500.0</ele>
      </trkpt>
      <trkpt lat="-36.50233712978661" lon="-70.80597868189216">
        <ele>1500.4</ele>
      </trkpt>
      <trkpt lat="-36.502412566915154" lon="-70.80604079179466">
        <ele>1500.3</ele>
      </trkpt>
      <trkpt lat="-36.50258422829211" lon="-70.80603215843439">
        <ele>1498.6</ele>
      </trkpt>
      <trkpt lat="-36.50288480333984" lon="-70.80601983703673">
        <ele>1499.1</ele>
      </trkpt>
      <trkpt lat="-36.503027798607945" lon="-70.80615134909749">
        <ele>1500.6</ele>
      </trkpt>
      <trkpt lat="-36.50308613665402" lon="-70.80621086061001">
        <ele>1501.3</ele>
      </trkpt>
      <trkpt lat="-36.503217816352844" lon="-70.80634145066142">
        <ele>1503.2</ele>
      </trkpt>
      <trkpt lat="-36.50337011553347" lon="-70.8064653351903">
        <ele>1505.2</ele>
      </trkpt>
      <trkpt lat="-36.50343557819724" lon="-70.80646617338061">
        <ele>1505.7</ele>
      </trkpt>
      <trkpt lat="-36.50358854793012" lon="-70.80640590749681">
        <ele>1506.7</ele>
      </trkpt>
      <trkpt lat="-36.50359516963363" lon="-70.80636324360967">
        <ele>1506.8</ele>
      </trkpt>
      <trkpt lat="-36.50359399616718" lon="-70.80613886006176">
        <ele>1506.6</ele>
      </trkpt>
      <trkpt lat="-36.503784684464335" lon="-70.80568799749017">
        <ele>1506.2</ele>
      </trkpt>
      <trkpt lat="-36.50388023816049" lon="-70.8056365326047">
        <ele>1506.9</ele>
      </trkpt>
      <trkpt lat="-36.50421677157283" lon="-70.80550426617265">
        <ele>1507.5</ele>
      </trkpt>
      <trkpt lat="-36.50445573963225" lon="-70.80539672635496">
        <ele>1508.7</ele>
      </trkpt>
      <trkpt lat="-36.50463578291237" lon="-70.80527678132057">
        <ele>1509.6</ele>
      </trkpt>
      <trkpt lat="-36.5050661098212" lon="-70.80504510551691">
        <ele>1502.5</ele>
      </trkpt>
      <trkpt lat="-36.50510961189866" lon="-70.80504099838436">
        <ele>1501.9</ele>
      </trkpt>
      <trkpt lat="-36.50525855831802" lon="-70.80513973720372">
        <ele>1501.8</ele>
      </trkpt>
      <trkpt lat="-36.505302311852574" lon="-70.80539144575596">
        <ele>1503.9</ele>
      </trkpt>
      <trkpt lat="-36.50529929436743" lon="-70.80544542521238">
        <ele>1505.5</ele>
      </trkpt>
      <trkpt lat="-36.505281357094646" lon="-70.80560501664877">
        <ele>1510.2</ele>
      </trkpt>
      <trkpt lat="-36.50525730103254" lon="-70.80586988478899">
        <ele>1512.9</ele>
      </trkpt>
      <trkpt lat="-36.505242800340056" lon="-70.80615193583071">
        <ele>1514.5</ele>
      </trkpt>
      <trkpt lat="-36.5052423812449" lon="-70.8062092680484">
        <ele>1514.8</ele>
      </trkpt>
      <trkpt lat="-36.50525436736643" lon="-70.80643155612051">
        <ele>1516.2</ele>
      </trkpt>
      <trkpt lat="-36.50527431629598" lon="-70.8065345697105">
        <ele>1516.7</ele>
      </trkpt>
      <trkpt lat="-36.50533491745591" lon="-70.80667999573052">
        <ele>1517.5</ele>
      </trkpt>
      <trkpt lat="-36.50561202317476" lon="-70.80691971816123">
        <ele>1516.4</ele>
      </trkpt>
      <trkpt lat="-36.50608291849494" lon="-70.80721417441964">
        <ele>1517.1</ele>
      </trkpt>
      <trkpt lat="-36.50614293292165" lon="-70.80726052634418">
        <ele>1517.3</ele>
      </trkpt>
      <trkpt lat="-36.50631979107857" lon="-70.80741064622998">
        <ele>1516.9</ele>
      </trkpt>
      <trkpt lat="-36.506507294252515" lon="-70.80751181580126">
        <ele>1517.2</ele>
      </trkpt>
      <trkpt lat="-36.50690375827253" lon="-70.80760929733515">
        <ele>1519.0</ele>
      </trkpt>
      <trkpt lat="-36.50718622840941" lon="-70.80776528455317">
        <ele>1520.3</ele>
      </trkpt>
      <trkpt lat="-36.507300892844796" lon="-70.8078153245151">
        <ele>1521.0</ele>
      </trkpt>
      <trkpt lat="-36.50747833773494" lon="-70.80786033533514">
        <ele>1521.9</ele>
      </trkpt>
      <trkpt lat="-36.507512452080846" lon="-70.80786343663931">
        <ele>1522.1</ele>
      </trkpt>
      <trkpt lat="-36.50761689059436" lon="-70.80786704085767">
        <ele>1523.3</ele>
      </trkpt>
      <trkpt lat="-36.50765242986381" lon="-70.80786611884832">
        <ele>1523.6</ele>
      </trkpt>
      <trkpt lat="-36.50775007903576" lon="-70.80786603502929">
        <ele>1524.7</ele>
      </trkpt>
      <trkpt lat="-36.50784437544644" lon="-70.80787894316018">
        <ele>1525.8</ele>
      </trkpt>
      <trkpt lat="-36.50795551948249" lon="-70.80790903419256">
        <ele>1527.4</ele>
      </trkpt>
      <trkpt lat="-36.50807697325945" lon="-70.80794122070074">
        <ele>1528.9</ele>
      </trkpt>
      <trkpt lat="-36.50815039873123" lon="-70.807965695858">
        <ele>1529.5</ele>
      </trkpt>
      <trkpt lat="-36.50822399184108" lon="-70.8079968765378">
        <ele>1530.1</ele>
      </trkpt>
      <trkpt lat="-36.50829926133156" lon="-70.80803157761693">
        <ele>1530.7</ele>
      </trkpt>
      <trkpt lat="-36.50837645865977" lon="-70.80807013437152">
        <ele>1531.2</ele>
      </trkpt>
      <trkpt lat="-36.50850461795926" lon="-70.80813425593078">
        <ele>1531.9</ele>
      </trkpt>
      <trkpt lat="-36.50866102427244" lon="-70.80821262672544">
        <ele>1532.5</ele>
      </trkpt>
      <trkpt lat="-36.508748196065426" lon="-70.80825948156416">
        <ele>1532.8</ele>
      </trkpt>
      <trkpt lat="-36.50896972976625" lon="-70.80840767361224">
        <ele>1533.9</ele>
      </trkpt>
      <trkpt lat="-36.50921892374754" lon="-70.80865544266999">
        <ele>1536.6</ele>
      </trkpt>
      <trkpt lat="-36.50938890874386" lon="-70.80886499024928">
        <ele>1538.2</ele>
      </trkpt>
      <trkpt lat="-36.50954816490412" lon="-70.80906607210636">
        <ele>1539.3</ele>
      </trkpt>
      <trkpt lat="-36.50967271998525" lon="-70.80922910012305">
        <ele>1540.0</ele>
      </trkpt>
      <trkpt lat="-36.509778164327145" lon="-70.80936044454575">
        <ele>1541.0</ele>
      </trkpt>
      <trkpt lat="-36.50988000445068" lon="-70.80949547700584">
        <ele>1542.1</ele>
      </trkpt>
      <trkpt lat="-36.51005803607404" lon="-70.80973075702786">
        <ele>1544.5</ele>
      </trkpt>
      <trkpt lat="-36.51018057949841" lon="-70.80989747308195">
        <ele>1545.7</ele>
      </trkpt>
      <trkpt lat="-36.510325502604246" lon="-70.81009511835873">
        <ele>1546.9</ele>
      </trkpt>
      <trkpt lat="-36.51043756864965" lon="-70.81019930541515">
        <ele>1548.3</ele>
      </trkpt>
      <trkpt lat="-36.510614175349474" lon="-70.81026820465922">
        <ele>1548.8</ele>
      </trkpt>
      <trkpt lat="-36.511162435635924" lon="-70.81042234785855">
        <ele>1545.7</ele>
      </trkpt>
      <trkpt lat="-36.51139721274376" lon="-70.81050658598542">
        <ele>1545.6</ele>
      </trkpt>
      <trkpt lat="-36.51190071366727" lon="-70.81082434393466">
        <ele>1549.6</ele>
      </trkpt>
      <trkpt lat="-36.511956034228206" lon="-70.81085418350995">
        <ele>1550.0</ele>
      </trkpt>
      <trkpt lat="-36.51224294677377" lon="-70.81090942025185">
        <ele>1551.8</ele>
      </trkpt>
      <trkpt lat="-36.51238686405122" lon="-70.81098443828523">
        <ele>1551.3</ele>
      </trkpt>
      <trkpt lat="-36.51267587207258" lon="-70.81117009744048">
        <ele>1550.5</ele>
      </trkpt>
      <trkpt lat="-36.51271300390363" lon="-70.81119742244482">
        <ele>1550.5</ele>
      </trkpt>
      <trkpt lat="-36.512775951996446" lon="-70.81126431003213">
        <ele>1550.7</ele>
      </trkpt>
      <trkpt lat="-36.51280193589628" lon="-70.81130160950124">
        <ele>1551.1</ele>
      </trkpt>
      <trkpt lat="-36.512867817655206" lon="-70.81146991811693">
        <ele>1552.9</ele>
      </trkpt>
      <trkpt lat="-36.51287628337741" lon="-70.81151191145182">
        <ele>1553.4</ele>
      </trkpt>
      <trkpt lat="-36.51288374327123" lon="-70.8116350416094">
        <ele>1555.0</ele>
      </trkpt>
      <trkpt lat="-36.5128836594522" lon="-70.81178021617234">
        <ele>1557.0</ele>
      </trkpt>
      <trkpt lat="-36.51291039772332" lon="-70.81187459640205">
        <ele>1558.2</ele>
      </trkpt>
      <trkpt lat="-36.5129975695163" lon="-70.8119688089937">
        <ele>1559.3</ele>
      </trkpt>
      <trkpt lat="-36.5130977332592" lon="-70.81205891445279">
        <ele>1560.2</ele>
      </trkpt>
      <trkpt lat="-36.51328783482313" lon="-70.8121656998992">
        <ele>1561.0</ele>
      </trkpt>
      <trkpt lat="-36.513514230027795" lon="-70.81227189861238">
        <ele>1561.7</ele>
      </trkpt>
      <trkpt lat="-36.51383240707219" lon="-70.81241296604276">
        <ele>1562.3</ele>
      </trkpt>
      <trkpt lat="-36.51397808454931" lon="-70.81254422664642">
        <ele>1563.8</ele>
      </trkpt>
      <trkpt lat="-36.51405503042042" lon="-70.8126147184521">
        <ele>1565.0</ele>
      </trkpt>
      <trkpt lat="-36.51456465013325" lon="-70.81249100156128">
        <ele>1564.5</ele>
      </trkpt>
      <trkpt lat="-36.51460077613592" lon="-70.81242277286947">
        <ele>1563.2</ele>
      </trkpt>
      <trkpt lat="-36.51487126015127" lon="-70.81193134188652">
        <ele>1557.1</ele>
      </trkpt>
      <trkpt lat="-36.5151940472424" lon="-70.81168818287551">
        <ele>1555.3</ele>
      </trkpt>
      <trkpt lat="-36.51539018377662" lon="-70.81158634275198">
        <ele>1554.8</ele>
      </trkpt>
      <trkpt lat="-36.515588499605656" lon="-70.81148575991392">
        <ele>1553.2</ele>
      </trkpt>
      <trkpt lat="-36.51578899472952" lon="-70.81139565445483">
        <ele>1552.2</ele>
      </trkpt>
      <trkpt lat="-36.51588664390147" lon="-70.8113559242338">
        <ele>1551.6</ele>
      </trkpt>
      <trkpt lat="-36.51607926003635" lon="-70.81127537414432">
        <ele>1550.6</ele>
      </trkpt>
      <trkpt lat="-36.51626952923834" lon="-70.8111970871687">
        <ele>1550.0</ele>
      </trkpt>
      <trkpt lat="-36.51646273210645" lon="-70.81116674467921">
        <ele>1550.1</ele>
      </trkpt>
      <trkpt lat="-36.51676481589675" lon="-70.81117747351527">
        <ele>1550.9</ele>
      </trkpt>
      <trkpt lat="-36.51697536930442" lon="-70.81120655871928">
        <ele>1551.0</ele>
      </trkpt>
      <trkpt lat="-36.51755874976516" lon="-70.81127302721143">
        <ele>1549.3</ele>
      </trkpt>
      <trkpt lat="-36.5177258849144" lon="-70.81126933917403">
        <ele>1549.3</ele>
      </trkpt>
      <trkpt lat="-36.51828504167497" lon="-70.81116347573698">
        <ele>1547.1</ele>
      </trkpt>
      <trkpt lat="-36.51835863478482" lon="-70.81113765947521">
        <ele>1546.8</ele>
      </trkpt>
      <trkpt lat="-36.518634064123034" lon="-70.81099340692163">
        <ele>1545.5</ele>
      </trkpt>
      <trkpt lat="-36.51912742294371" lon="-70.8106857072562">
        <ele>1545.0</ele>
      </trkpt>
      <trkpt lat="-36.51968481950462" lon="-70.81048546358943">
        <ele>1547.4</ele>
      </trkpt>
      <trkpt lat="-36.52003828436136" lon="-70.81035663373768">
        <ele>1547.7</ele>
      </trkpt>
      <trkpt lat="-36.5203230176121" lon="-70.81026937812567">
        <ele>1546.1</ele>
      </trkpt>
      <trkpt lat="-36.520902793854475" lon="-70.81020450219512">
        <ele>1545.4</ele>
      </trkpt>
      <trkpt lat="-36.52146245352924" lon="-70.81015706062317">
        <ele>1543.3</ele>
      </trkpt>
      <trkpt lat="-36.521543422713876" lon="-70.81016100011766">
        <ele>1542.8</ele>
      </trkpt>
      <trkpt lat="-36.52182404883206" lon="-70.81027172505856">
        <ele>1541.4</ele>
      </trkpt>
      <trkpt lat="-36.52210123836994" lon="-70.81060046330094">
        <ele>1540.5</ele>
      </trkpt>
      <trkpt lat="-36.5221584867686" lon="-70.81068000756204">
        <ele>1540.1</ele>
      </trkpt>
      <trkpt lat="-36.522217746824026" lon="-70.81075209192932">
        <ele>1539.5</ele>
      </trkpt>
      <trkpt lat="-36.52245336212218" lon="-70.81103330478072">
        <ele>1539.2</ele>
      </trkpt>
      <trkpt lat="-36.522511867806315" lon="-70.81110622733831">
        <ele>1539.0</ele>
      </trkpt>
      <trkpt lat="-36.52272082865238" lon="-70.81125508993864">
        <ele>1539.5</ele>
      </trkpt>
      <trkpt lat="-36.52280137874186" lon="-70.81128953956068">
        <ele>1539.7</ele>
      </trkpt>
      <trkpt lat="-36.52295543812215" lon="-70.81130244769156">
        <ele>1539.6</ele>
      </trkpt>
      <trkpt lat="-36.52302165515721" lon="-70.81128518097103">
        <ele>1539.7</ele>
      </trkpt>
      <trkpt lat="-36.52307203039527" lon="-70.81126095727086">
        <ele>1539.8</ele>
      </trkpt>
      <trkpt lat="-36.52312299236655" lon="-70.81124586984515">
        <ele>1540.0</ele>
      </trkpt>
      <trkpt lat="-36.5232240781188" lon="-70.81123170442879">
        <ele>1540.0</ele>
      </trkpt>
      <trkpt lat="-36.52367552742362" lon="-70.81121737137437">
        <ele>1539.9</ele>
      </trkpt>
      <trkpt lat="-36.524054473266006" lon="-70.81139171496034">
        <ele>1539.7</ele>
      </trkpt>
      <trkpt lat="-36.524382876232266" lon="-70.81160511821508">
        <ele>1540.7</ele>
      </trkpt>
      <trkpt lat="-36.5248510055244" lon="-70.81160369329154">
        <ele>1539.0</ele>
      </trkpt>
      <trkpt lat="-36.52543907985091" lon="-70.81149959005415">
        <ele>1536.4</ele>
      </trkpt>
      <trkpt lat="-36.52600888162851" lon="-70.81136397086084">
        <ele>1533.2</ele>
      </trkpt>
      <trkpt lat="-36.52621197514236" lon="-70.81132776103914">
        <ele>1533.2</ele>
      </trkpt>
      <trkpt lat="-36.52641632594168" lon="-70.81131963059306">
        <ele>1534.0</ele>
      </trkpt>
      <trkpt lat="-36.526615899056196" lon="-70.81134863197803">
        <ele>1534.0</ele>
      </trkpt>
      <trkpt lat="-36.526713129132986" lon="-70.81137855537236">
        <ele>1533.7</ele>
      </trkpt>
      <trkpt lat="-36.52698612771928" lon="-70.8115179464221">
        <ele>1531.5</ele>
      </trkpt>
      <trkpt lat="-36.52723942883313" lon="-70.81167401745915">
        <ele>1529.3</ele>
      </trkpt>
      <trkpt lat="-36.5274721942842" lon="-70.81181558780372">
        <ele>1527.9</ele>
      </trkpt>
      <trkpt lat="-36.52769942767918" lon="-70.8119516260922">
        <ele>1528.7</ele>
      </trkpt>
      <trkpt lat="-36.52777469716966" lon="-70.8119912724942">
        <ele>1528.9</ele>
      </trkpt>
      <trkpt lat="-36.52785080485046" lon="-70.81200879067183">
        <ele>1529.2</ele>
      </trkpt>
      <trkpt lat="-36.52802967466414" lon="-70.81190225668252">
        <ele>1529.4</ele>
      </trkpt>
      <trkpt lat="-36.52813243679702" lon="-70.81167024560273">
        <ele>1529.2</ele>
      </trkpt>
      <trkpt lat="-36.528260596096516" lon="-70.81126112490892">
        <ele>1530.2</ele>
      </trkpt>
      <trkpt lat="-36.52844759635627" lon="-70.81058068200946">
        <ele>1529.9</ele>
      </trkpt>
      <trkpt lat="-36.52877784334123" lon="-70.80996930599213">
        <ele>1527.7</ele>
      </trkpt>
      <trkpt lat="-36.52913306839764" lon="-70.80935675650835">
        <ele>1527.2</ele>
      </trkpt>
      <trkpt lat="-36.529506649822" lon="-70.80885895527899">
        <ele>1527.4</ele>
      </trkpt>
      <trkpt lat="-36.52996706776321" lon="-70.80841580405831">
        <ele>1524.9</ele>
      </trkpt>
      <trkpt lat="-36.53022690676153" lon="-70.80828437581658">
        <ele>1525.0</ele>
      </trkpt>
      <trkpt lat="-36.53077080845833" lon="-70.8080552984029">
        <ele>1522.1</ele>
      </trkpt>
      <trkpt lat="-36.53098915703595" lon="-70.80794985406101">
        <ele>1521.5</ele>
      </trkpt>
      <trkpt lat="-36.531200632452965" lon="-70.8078428171575">
        <ele>1520.7</ele>
      </trkpt>
      <trkpt lat="-36.531305741518736" lon="-70.80779353156686">
        <ele>1520.2</ele>
      </trkpt>
      <trkpt lat="-36.53141194023192" lon="-70.8077497780323">
        <ele>1520.1</ele>
      </trkpt>
      <trkpt lat="-36.53151805512607" lon="-70.80770795233548">
        <ele>1519.0</ele>
      </trkpt>
      <trkpt lat="-36.53172584250569" lon="-70.80762606114149">
        <ele>1517.8</ele>
      </trkpt>
      <trkpt lat="-36.532031781971455" lon="-70.80749572254717">
        <ele>1517.0</ele>
      </trkpt>
      <trkpt lat="-36.53223034925759" lon="-70.80740477889776">
        <ele>1517.0</ele>
      </trkpt>
      <trkpt lat="-36.53252078220248" lon="-70.80727100372314">
        <ele>1516.2</ele>
      </trkpt>
      <trkpt lat="-36.53308211825788" lon="-70.80699197016656">
        <ele>1515.6</ele>
      </trkpt>
      <trkpt lat="-36.533182030543685" lon="-70.80694830045104">
        <ele>1514.6</ele>
      </trkpt>
      <trkpt lat="-36.533676562830806" lon="-70.80671980977058">
        <ele>1512.5</ele>
      </trkpt>
      <trkpt lat="-36.53423169627786" lon="-70.80645720474422">
        <ele>1514.1</ele>
      </trkpt>
      <trkpt lat="-36.534659173339605" lon="-70.80617967993021">
        <ele>1513.9</ele>
      </trkpt>
      <trkpt lat="-36.535138953477144" lon="-70.8057760912925">
        <ele>1509.0</ele>
      </trkpt>
      <trkpt lat="-36.53521690517664" lon="-70.80570652149618">
        <ele>1508.5</ele>
      </trkpt>
      <trkpt lat="-36.53558621183038" lon="-70.80534718930721">
        <ele>1512.2</ele>
      </trkpt>
      <trkpt lat="-36.535776145756245" lon="-70.80515909940004">
        <ele>1514.8</ele>
      </trkpt>
      <trkpt lat="-36.536046797409654" lon="-70.80497737973928">
        <ele>1515.9</ele>
      </trkpt>
      <trkpt lat="-36.536486595869064" lon="-70.80450086854398">
        <ele>1513.3</ele>
      </trkpt>
      <trkpt lat="-36.5369560662657" lon="-70.80402905121446">
        <ele>1509.2</ele>
      </trkpt>
      <trkpt lat="-36.53723551891744" lon="-70.80373082309961">
        <ele>1504.1</ele>
      </trkpt>
      <trkpt lat="-36.53763139620423" lon="-70.80337123945355">
        <ele>1506.6</ele>
      </trkpt>
      <trkpt lat="-36.538089299574494" lon="-70.80290847457945">
        <ele>1506.1</ele>
      </trkpt>
      <trkpt lat="-36.538574276492" lon="-70.80247957259417">
        <ele>1503.8</ele>
      </trkpt>
      <trkpt lat="-36.538810562342405" lon="-70.80225426703691">
        <ele>1502.6</ele>
      </trkpt>
      <trkpt lat="-36.539201410487294" lon="-70.80190222710371">
        <ele>1500.2</ele>
      </trkpt>
      <trkpt lat="-36.539360750466585" lon="-70.80176157876849">
        <ele>1498.8</ele>
      </trkpt>
      <trkpt lat="-36.539599634706974" lon="-70.80155060626566">
        <ele>1496.1</ele>
      </trkpt>
      <trkpt lat="-36.53993180952966" lon="-70.80127643421292">
        <ele>1494.9</ele>
      </trkpt>
      <trkpt lat="-36.54010229744017" lon="-70.80114006064832">
        <ele>1491.5</ele>
      </trkpt>
      <trkpt lat="-36.54026725329459" lon="-70.800985917449">
        <ele>1486.0</ele>
      </trkpt>
      <trkpt lat="-36.54043120332062" lon="-70.80082464963198">
        <ele>1482.1</ele>
      </trkpt>
      <trkpt lat="-36.540667824447155" lon="-70.80058936960995">
        <ele>1480.5</ele>
      </trkpt>
      <trkpt lat="-36.54075223021209" lon="-70.80051854252815">
        <ele>1479.4</ele>
      </trkpt>
      <trkpt lat="-36.54083437286317" lon="-70.80046188086271">
        <ele>1478.1</ele>
      </trkpt>
      <trkpt lat="-36.54091525822878" lon="-70.8004264254123">
        <ele>1476.4</ele>
      </trkpt>
      <trkpt lat="-36.5410868357867" lon="-70.80043757334352">
        <ele>1475.4</ele>
      </trkpt>
      <trkpt lat="-36.541225304827094" lon="-70.80055835656822">
        <ele>1474.5</ele>
      </trkpt>
      <trkpt lat="-36.54127576388419" lon="-70.80065005458891">
        <ele>1474.8</ele>
      </trkpt>
      <trkpt lat="-36.54135547578335" lon="-70.80086421221495">
        <ele>1477.6</ele>
      </trkpt>
      <trkpt lat="-36.54153786599636" lon="-70.80117476172745">
        <ele>1479.0</ele>
      </trkpt>
      <trkpt lat="-36.541778929531574" lon="-70.80147877335548">
        <ele>1476.2</ele>
      </trkpt>
      <trkpt lat="-36.54184799641371" lon="-70.80159150995314">
        <ele>1475.7</ele>
      </trkpt>
      <trkpt lat="-36.541969031095505" lon="-70.8018271252513">
        <ele>1475.5</ele>
      </trkpt>
      <trkpt lat="-36.54203977435827" lon="-70.80193743109703">
        <ele>1474.6</ele>
      </trkpt>
      <trkpt lat="-36.542122503742576" lon="-70.80203499644995">
        <ele>1473.3</ele>
      </trkpt>
      <trkpt lat="-36.54221260920167" lon="-70.80212325789034">
        <ele>1471.0</ele>
      </trkpt>
      <trkpt lat="-36.54229659587145" lon="-70.80221101641655">
        <ele>1468.5</ele>
      </trkpt>
      <trkpt lat="-36.54236054979265" lon="-70.80230103805661">
        <ele>1466.9</ele>
      </trkpt>
      <trkpt lat="-36.54240757226944" lon="-70.80246264114976">
        <ele>1464.7</ele>
      </trkpt>
      <trkpt lat="-36.54234806075692" lon="-70.80257261171937">
        <ele>1466.3</ele>
      </trkpt>
      <trkpt lat="-36.5422507468611" lon="-70.802690545097">
        <ele>1467.6</ele>
      </trkpt>
      <trkpt lat="-36.542078498750925" lon="-70.80291777849197">
        <ele>1468.5</ele>
      </trkpt>
      <trkpt lat="-36.5420142095536" lon="-70.80300553701818">
        <ele>1468.2</ele>
      </trkpt>
      <trkpt lat="-36.54177876189351" lon="-70.80340920947492">
        <ele>1466.8</ele>
      </trkpt>
      <trkpt lat="-36.54156326316297" lon="-70.80372780561447">
        <ele>1467.0</ele>
      </trkpt>
      <trkpt lat="-36.54141657985747" lon="-70.80394422635436">
        <ele>1464.7</ele>
      </trkpt>
      <trkpt lat="-36.54128925874829" lon="-70.8041702862829">
        <ele>1462.5</ele>
      </trkpt>
      <trkpt lat="-36.541230669245124" lon="-70.80429157242179">
        <ele>1460.5</ele>
      </trkpt>
      <trkpt lat="-36.54117878526449" lon="-70.80441998317838">
        <ele>1458.5</ele>
      </trkpt>
      <trkpt lat="-36.54113234952092" lon="-70.80454722046852">
        <ele>1456.5</ele>
      </trkpt>
      <trkpt lat="-36.54108256101608" lon="-70.80468074418604">
        <ele>1457.3</ele>
      </trkpt>
      <trkpt lat="-36.54102581553161" lon="-70.80481175333261">
        <ele>1457.6</ele>
      </trkpt>
      <trkpt lat="-36.540921125561" lon="-70.80507025122643">
        <ele>1458.1</ele>
      </trkpt>
      <trkpt lat="-36.540831942111254" lon="-70.80531081184745">
        <ele>1456.7</ele>
      </trkpt>
      <trkpt lat="-36.54078374616802" lon="-70.8054237999022">
        <ele>1455.9</ele>
      </trkpt>
      <trkpt lat="-36.540732784196734" lon="-70.80553133971989">
        <ele>1455.1</ele>
      </trkpt>
      <trkpt lat="-36.54068760573864" lon="-70.80563376657665">
        <ele>1453.7</ele>
      </trkpt>
      <trkpt lat="-36.540660951286554" lon="-70.805729823187">
        <ele>1453.0</ele>
      </trkpt>
      <trkpt lat="-36.54068358242512" lon="-70.80586133524776">
        <ele>1449.0</ele>
      </trkpt>
      <trkpt lat="-36.540756756439805" lon="-70.80596703104675">
        <ele>1446.0</ele>
      </trkpt>
      <trkpt lat="-36.54084334149957" lon="-70.80607247538865">
        <ele>1444.5</ele>
      </trkpt>
      <trkpt lat="-36.540953228250146" lon="-70.8061783388257">
        <ele>1444.4</ele>
      </trkpt>
      <trkpt lat="-36.54134835116565" lon="-70.80617967993021">
        <ele>1448.2</ele>
      </trkpt>
      <trkpt lat="-36.54140400700271" lon="-70.80614254809916">
        <ele>1448.4</ele>
      </trkpt>
      <trkpt lat="-36.54162252321839" lon="-70.80598966218531">
        <ele>1451.2</ele>
      </trkpt>
      <trkpt lat="-36.541854282841086" lon="-70.8058107085526">
        <ele>1452.1</ele>
      </trkpt>
      <trkpt lat="-36.54201865196228" lon="-70.80569612793624">
        <ele>1452.1</ele>
      </trkpt>
      <trkpt lat="-36.5421384293586" lon="-70.80560702830553">
        <ele>1451.5</ele>
      </trkpt>
      <trkpt lat="-36.54225066304207" lon="-70.80551273189485">
        <ele>1450.6</ele>
      </trkpt>
      <trkpt lat="-36.54232392087579" lon="-70.80544710159302">
        <ele>1450.7</ele>
      </trkpt>
      <trkpt lat="-36.54239541850984" lon="-70.80537443049252">
        <ele>1450.4</ele>
      </trkpt>
      <trkpt lat="-36.54249206185341" lon="-70.80526253208518">
        <ele>1449.6</ele>
      </trkpt>
      <trkpt lat="-36.54262072406709" lon="-70.80511744134128">
        <ele>1450.2</ele>
      </trkpt>
      <trkpt lat="-36.54264687560499" lon="-70.80507846549153">
        <ele>1449.9</ele>
      </trkpt>
      <trkpt lat="-36.54276682063937" lon="-70.8049420081079">
        <ele>1449.9</ele>
      </trkpt>
      <trkpt lat="-36.5428015217185" lon="-70.80490990541875">
        <ele>1449.7</ele>
      </trkpt>
      <trkpt lat="-36.54300168156624" lon="-70.80476154573262">
        <ele>1450.7</ele>
      </trkpt>
      <trkpt lat="-36.54335715807974" lon="-70.80447379499674">
        <ele>1450.8</ele>
      </trkpt>
      <trkpt lat="-36.54343745671213" lon="-70.80442006699741">
        <ele>1451.6</ele>
      </trkpt>
      <trkpt lat="-36.54367650859058" lon="-70.80428645946085">
        <ele>1451.8</ele>
      </trkpt>
      <trkpt lat="-36.54392092488706" lon="-70.8041755668819">
        <ele>1451.0</ele>
      </trkpt>
      <trkpt lat="-36.544023770838976" lon="-70.80415528267622">
        <ele>1449.5</ele>
      </trkpt>
      <trkpt lat="-36.54412619769573" lon="-70.80416106618941">
        <ele>1449.4</ele>
      </trkpt>
      <trkpt lat="-36.54429383575916" lon="-70.80423390492797">
        <ele>1451.9</ele>
      </trkpt>
      <trkpt lat="-36.544485446065664" lon="-70.80436550080776">
        <ele>1456.4</ele>
      </trkpt>
      <trkpt lat="-36.54463414102793" lon="-70.8044998627156">
        <ele>1458.6</ele>
      </trkpt>
      <trkpt lat="-36.54475023038685" lon="-70.80463103950024">
        <ele>1460.9</ele>
      </trkpt>
      <trkpt lat="-36.544942343607545" lon="-70.80485433340073">
        <ele>1463.3</ele>
      </trkpt>
      <trkpt lat="-36.545160273090005" lon="-70.80509229563177">
        <ele>1464.0</ele>
      </trkpt>
      <trkpt lat="-36.545232608914375" lon="-70.8051891066134">
        <ele>1465.5</ele>
      </trkpt>
      <trkpt lat="-36.5452918689698" lon="-70.80528021790087">
        <ele>1466.9</ele>
      </trkpt>
      <trkpt lat="-36.54539613984525" lon="-70.80541810020804">
        <ele>1467.5</ele>
      </trkpt>
      <trkpt lat="-36.545466631650925" lon="-70.80549714155495">
        <ele>1467.4</ele>
      </trkpt>
      <trkpt lat="-36.545603005215526" lon="-70.80563317984343">
        <ele>1466.6</ele>
      </trkpt>
      <trkpt lat="-36.545585822314024" lon="-70.80603819340467">
        <ele>1472.2</ele>
      </trkpt>
      <trkpt lat="-36.54556905850768" lon="-70.8063564542681">
        <ele>1476.3</ele>
      </trkpt>
      <trkpt lat="-36.545577105134726" lon="-70.80646340735257">
        <ele>1477.5</ele>
      </trkpt>
      <trkpt lat="-36.54558607377112" lon="-70.80656994134188">
        <ele>1478.8</ele>
      </trkpt>
      <trkpt lat="-36.5456338506192" lon="-70.80669902265072">
        <ele>1479.7</ele>
      </trkpt>
      <trkpt lat="-36.54573309235275" lon="-70.80683128908277">
        <ele>1479.3</ele>
      </trkpt>
      <trkpt lat="-36.54585739597678" lon="-70.80708978697658">
        <ele>1480.6</ele>
      </trkpt>
      <trkpt lat="-36.54604976065457" lon="-70.80748465843499">
        <ele>1481.5</ele>
      </trkpt>
      <trkpt lat="-36.546129724010825" lon="-70.80766797065735">
        <ele>1481.8</ele>
      </trkpt>
      <trkpt lat="-36.5462277084589" lon="-70.80786352045834">
        <ele>1481.3</ele>
      </trkpt>
      <trkpt lat="-36.54634782113135" lon="-70.80805831588805">
        <ele>1481.1</ele>
      </trkpt>
      <trkpt lat="-36.54659315943718" lon="-70.80838319845498">
        <ele>1484.0</ele>
      </trkpt>
      <trkpt lat="-36.546640768647194" lon="-70.80853373743594">
        <ele>1486.0</ele>
      </trkpt>
      <trkpt lat="-36.54665485024452" lon="-70.80865267664194">
        <ele>1487.9</ele>
      </trkpt>
      <trkpt lat="-36.54667974449694" lon="-70.80884403549135">
        <ele>1492.1</ele>
      </trkpt>
      <trkpt lat="-36.546723330393434" lon="-70.80894947983325">
        <ele>1494.4</ele>
      </trkpt>
      <trkpt lat="-36.54684537090361" lon="-70.80906414426863">
        <ele>1494.8</ele>
      </trkpt>
      <trkpt lat="-36.54722020961344" lon="-70.80931392498314">
        <ele>1494.3</ele>
      </trkpt>
      <trkpt lat="-36.547331269830465" lon="-70.80944015644491">
        <ele>1494.7</ele>
      </trkpt>
      <trkpt lat="-36.547490609809756" lon="-70.80965431407094">
        <ele>1495.1</ele>
      </trkpt>
      <trkpt lat="-36.54763997532427" lon="-70.8098259754479">
        <ele>1496.0</ele>
      </trkpt>
      <trkpt lat="-36.54784256592393" lon="-70.8100049290806">
        <ele>1498.2</ele>
      </trkpt>
      <trkpt lat="-36.54788078740239" lon="-70.81002848222852">
        <ele>1499.3</ele>
      </trkpt>
      <trkpt lat="-36.54812662862241" lon="-70.80991842783988">
        <ele>1499.1</ele>
      </trkpt>
      <trkpt lat="-36.54816560447216" lon="-70.80988079309464">
        <ele>1498.5</ele>
      </trkpt>
      <trkpt lat="-36.54820617288351" lon="-70.80984684638679">
        <ele>1498.2</ele>
      </trkpt>
      <trkpt lat="-36.54834162443876" lon="-70.80977082252502">
        <ele>1497.5</ele>
      </trkpt>
      <trkpt lat="-36.548852836713195" lon="-70.80964635126293">
        <ele>1496.3</ele>
      </trkpt>
      <trkpt lat="-36.548899775370955" lon="-70.80965339206159">
        <ele>1496.4</ele>
      </trkpt>
      <trkpt lat="-36.54895232990384" lon="-70.81003342755139">
        <ele>1502.4</ele>
      </trkpt>
      <trkpt lat="-36.549354158341885" lon="-70.80994265154004">
        <ele>1501.1</ele>
      </trkpt>
      <trkpt lat="-36.549392798915505" lon="-70.80990149639547">
        <ele>1500.8</ele>
      </trkpt>
      <trkpt lat="-36.549800327047706" lon="-70.80992328934371">
        <ele>1503.7</ele>
      </trkpt>
      <trkpt lat="-36.54994181357324" lon="-70.80995715223253">
        <ele>1503.4</ele>
      </trkpt>
      <trkpt lat="-36.550066536292434" lon="-70.80998053774238">
        <ele>1503.4</ele>
      </trkpt>
      <trkpt lat="-36.55016024596989" lon="-70.81000844947994">
        <ele>1504.0</ele>
      </trkpt>
      <trkpt lat="-36.550258314237" lon="-70.8100345171988">
        <ele>1504.3</ele>
      </trkpt>
      <trkpt lat="-36.55032679438591" lon="-70.8100522030145">
        <ele>1504.6</ele>
      </trkpt>
      <trkpt lat="-36.55047532171011" lon="-70.81009226851165">
        <ele>1505.8</ele>
      </trkpt>
      <trkpt lat="-36.55074706301093" lon="-70.81018287688494">
        <ele>1508.7</ele>
      </trkpt>
      <trkpt lat="-36.55117521062493" lon="-70.81026812084019">
        <ele>1512.5</ele>
      </trkpt>
      <trkpt lat="-36.5512789785862" lon="-70.81030072644353">
        <ele>1513.4</ele>
      </trkpt>
      <trkpt lat="-36.55142314732075" lon="-70.81035118550062">
        <ele>1514.9</ele>
      </trkpt>
      <trkpt lat="-36.55162322334945" lon="-70.810386557132">
        <ele>1516.8</ele>
      </trkpt>
      <trkpt lat="-36.551752891391516" lon="-70.81040063872933">
        <ele>1518.1</ele>
      </trkpt>
      <trkpt lat="-36.551786083728075" lon="-70.81040851771832">
        <ele>1518.7</ele>
      </trkpt>
      <trkpt lat="-36.551887672394514" lon="-70.81042913720012">
        <ele>1520.0</ele>
      </trkpt>
      <trkpt lat="-36.55203293077648" lon="-70.8103992138058">
        <ele>1520.8</ele>
      </trkpt>
      <trkpt lat="-36.55206587165594" lon="-70.81038068979979">
        <ele>1520.6</ele>
      </trkpt>
      <trkpt lat="-36.552295200526714" lon="-70.81026518717408">
        <ele>1521.1</ele>
      </trkpt>
      <trkpt lat="-36.55249183997512" lon="-70.81015949137509">
        <ele>1522.1</ele>
      </trkpt>
      <trkpt lat="-36.55264690518379" lon="-70.81003963015974">
        <ele>1522.5</ele>
      </trkpt>
      <trkpt lat="-36.55271572060883" lon="-70.80999545753002">
        <ele>1522.5</ele>
      </trkpt>
      <trkpt lat="-36.55284756794572" lon="-70.8099465072155">
        <ele>1522.9</ele>
      </trkpt>
      <trkpt lat="-36.5529521740973" lon="-70.80989856272936">
        <ele>1523.1</ele>
      </trkpt>
      <trkpt lat="-36.553040435537696" lon="-70.8096476085484">
        <ele>1521.0</ele>
      </trkpt>
      <trkpt lat="-36.55305862426758" lon="-70.80958273261786">
        <ele>1520.4</ele>
      </trkpt>
      <trkpt lat="-36.55342902056873" lon="-70.80934837460518">
        <ele>1521.0</ele>
      </trkpt>
      <trkpt lat="-36.55356204137206" lon="-70.80935851670802">
        <ele>1522.1</ele>
      </trkpt>
      <trkpt lat="-36.55363764613867" lon="-70.80938022583723">
        <ele>1523.0</ele>
      </trkpt>
      <trkpt lat="-36.553746946156025" lon="-70.80904863774776">
        <ele>1520.6</ele>
      </trkpt>
      <trkpt lat="-36.55373529531062" lon="-70.80888695083559">
        <ele>1519.0</ele>
      </trkpt>
      <trkpt lat="-36.553861778229475" lon="-70.80863415263593">
        <ele>1517.2</ele>
      </trkpt>
      <trkpt lat="-36.55411675572395" lon="-70.80873884260654">
        <ele>1521.1</ele>
      </trkpt>
      <trkpt lat="-36.554169142618775" lon="-70.80876071937382">
        <ele>1522.0</ele>
      </trkpt>
      <trkpt lat="-36.55427475459874" lon="-70.80873733386397">
        <ele>1522.7</ele>
      </trkpt>
      <trkpt lat="-36.554322531446815" lon="-70.80848637968302">
        <ele>1521.0</ele>
      </trkpt>
      <trkpt lat="-36.554316161200404" lon="-70.80841002054513">
        <ele>1520.4</ele>
      </trkpt>
      <trkpt lat="-36.554313730448484" lon="-70.80833022482693">
        <ele>1519.7</ele>
      </trkpt>
      <trkpt lat="-36.55431507155299" lon="-70.8082490041852">
        <ele>1519.3</ele>
      </trkpt>
      <trkpt lat="-36.55433468520641" lon="-70.80808756873012">
        <ele>1518.3</ele>
      </trkpt>
      <trkpt lat="-36.55455504544079" lon="-70.80778883770108">
        <ele>1519.2</ele>
      </trkpt>
      <trkpt lat="-36.55480708926916" lon="-70.80760410055518">
        <ele>1515.3</ele>
      </trkpt>
      <trkpt lat="-36.55535199679434" lon="-70.80772689543664">
        <ele>1511.4</ele>
      </trkpt>
      <trkpt lat="-36.555489879101515" lon="-70.80791221931577">
        <ele>1514.1</ele>
      </trkpt>
      <trkpt lat="-36.555554587394" lon="-70.80804490484297">
        <ele>1516.3</ele>
      </trkpt>
      <trkpt lat="-36.55565910972655" lon="-70.80827725119889">
        <ele>1522.0</ele>
      </trkpt>
      <trkpt lat="-36.55600125901401" lon="-70.80807918682694">
        <ele>1524.0</ele>
      </trkpt>
      <trkpt lat="-36.55599354766309" lon="-70.80793007276952">
        <ele>1521.5</ele>
      </trkpt>
      <trkpt lat="-36.55595038086176" lon="-70.80726991407573">
        <ele>1515.5</ele>
      </trkpt>
      <trkpt lat="-36.55595490708947" lon="-70.80718785524368">
        <ele>1515.2</ele>
      </trkpt>
      <trkpt lat="-36.556159760802984" lon="-70.80683162435889">
        <ele>1517.0</ele>
      </trkpt>
      <trkpt lat="-36.556282974779606" lon="-70.80671511590481">
        <ele>1518.5</ele>
      </trkpt>
      <trkpt lat="-36.556577095761895" lon="-70.80645712092519">
        <ele>1520.1</ele>
      </trkpt>
      <trkpt lat="-36.556924525648355" lon="-70.80632074736059">
        <ele>1519.5</ele>
      </trkpt>
      <trkpt lat="-36.55720783397555" lon="-70.80624187365174">
        <ele>1520.4</ele>
      </trkpt>
      <trkpt lat="-36.55737756751478" lon="-70.8061873074621">
        <ele>1521.0</ele>
      </trkpt>
      <trkpt lat="-36.557774702087045" lon="-70.80604825168848">
        <ele>1523.7</ele>
      </trkpt>
      <trkpt lat="-36.557817701250315" lon="-70.80603769049048">
        <ele>1524.3</ele>
      </trkpt>
      <trkpt lat="-36.557898335158825" lon="-70.80602964386344">
        <ele>1525.3</ele>
      </trkpt>
      <trkpt lat="-36.55797486193478" lon="-70.80603802576661">
        <ele>1526.2</ele>
      </trkpt>
      <trkpt lat="-36.55809019692242" lon="-70.80604121088982">
        <ele>1527.6</ele>
      </trkpt>
      <trkpt lat="-36.5582069568336" lon="-70.80604162998497">
        <ele>1529.2</ele>
      </trkpt>
      <trkpt lat="-36.558321956545115" lon="-70.80605881288648">
        <ele>1530.3</ele>
      </trkpt>
      <trkpt lat="-36.558550698682666" lon="-70.8061384409666">
        <ele>1532.0</ele>
      </trkpt>
      <trkpt lat="-36.55873853713274" lon="-70.80618554726243">
        <ele>1533.4</ele>
      </trkpt>
      <trkpt lat="-36.55877650715411" lon="-70.80617825500667">
        <ele>1533.4</ele>
      </trkpt>
      <trkpt lat="-36.55895680189133" lon="-70.80608697608113">
        <ele>1532.9</ele>
      </trkpt>
      <trkpt lat="-36.55899762175977" lon="-70.80606744624674">
        <ele>1532.6</ele>
      </trkpt>
      <trkpt lat="-36.559218568727374" lon="-70.80602092668414">
        <ele>1532.2</ele>
      </trkpt>
      <trkpt lat="-36.559347566217184" lon="-70.806023189798">
        <ele>1532.7</ele>
      </trkpt>
      <trkpt lat="-36.55961067415774" lon="-70.80597750842571">
        <ele>1533.7</ele>
      </trkpt>
      <trkpt lat="-36.559792309999466" lon="-70.80595387145877">
        <ele>1534.7</ele>
      </trkpt>
      <trkpt lat="-36.56001644209027" lon="-70.80593618564308">
        <ele>1537.1</ele>
      </trkpt>
      <trkpt lat="-36.560236383229494" lon="-70.80593132413924">
        <ele>1538.7</ele>
      </trkpt>
      <trkpt lat="-36.56054777093232" lon="-70.80593283288181">
        <ele>1540.0</ele>
      </trkpt>
      <trkpt lat="-36.560775842517614" lon="-70.80594431608915">
        <ele>1540.8</ele>
      </trkpt>
      <trkpt lat="-36.560864271596074" lon="-70.80597465857863">
        <ele>1541.3</ele>
      </trkpt>
      <trkpt lat="-36.56099519692361" lon="-70.80603467300534">
        <ele>1542.2</ele>
      </trkpt>
      <trkpt lat="-36.56122569926083" lon="-70.8061735611409">
        <ele>1543.4</ele>
      </trkpt>
      <trkpt lat="-36.56136986799538" lon="-70.80627338960767">
        <ele>1543.9</ele>
      </trkpt>
      <trkpt lat="-36.5614431258291" lon="-70.80632418394089">
        <ele>1544.5</ele>
      </trkpt>
      <trkpt lat="-36.56147916801274" lon="-70.80635050311685">
        <ele>1544.9</ele>
      </trkpt>
      <trkpt lat="-36.56166499480605" lon="-70.80647991970181">
        <ele>1547.0</ele>
      </trkpt>
      <trkpt lat="-36.561738001182675" lon="-70.80652769654989">
        <ele>1547.4</ele>
      </trkpt>
      <trkpt lat="-36.56185953877866" lon="-70.80659374594688">
        <ele>1547.4</ele>
      </trkpt>
      <trkpt lat="-36.56213597394526" lon="-70.80677504651248">
        <ele>1548.8</ele>
      </trkpt>
      <trkpt lat="-36.56230797059834" lon="-70.80688962712884">
        <ele>1549.7</ele>
      </trkpt>
      <trkpt lat="-36.56242020428181" lon="-70.80691996961832">
        <ele>1549.7</ele>
      </trkpt>
      <trkpt lat="-36.5627436619252" lon="-70.80683195963502">
        <ele>1547.4</ele>
      </trkpt>
      <trkpt lat="-36.563011296093464" lon="-70.80671813338995">
        <ele>1545.4</ele>
      </trkpt>
      <trkpt lat="-36.56328999437392" lon="-70.80665661022067">
        <ele>1542.5</ele>
      </trkpt>
      <trkpt lat="-36.56373440288007" lon="-70.80661084502935">
        <ele>1543.8</ele>
      </trkpt>
      <trkpt lat="-36.56386474147439" lon="-70.80656080506742">
        <ele>1543.4</ele>
      </trkpt>
      <trkpt lat="-36.56416179612279" lon="-70.80643423832953">
        <ele>1541.3</ele>
      </trkpt>
      <trkpt lat="-36.56458399258554" lon="-70.80625293776393">
        <ele>1543.9</ele>
      </trkpt>
      <trkpt lat="-36.56493620015681" lon="-70.80610550008714">
        <ele>1547.6</ele>
      </trkpt>
      <trkpt lat="-36.56511649489403" lon="-70.80603467300534">
        <ele>1548.7</ele>
      </trkpt>
      <trkpt lat="-36.56528614461422" lon="-70.8059642650187">
        <ele>1550.4</ele>
      </trkpt>
      <trkpt lat="-36.565494602546096" lon="-70.8058641012758">
        <ele>1551.7</ele>
      </trkpt>
      <trkpt lat="-36.565624605864286" lon="-70.80578430555761">
        <ele>1551.2</ele>
      </trkpt>
      <trkpt lat="-36.56581353396177" lon="-70.80563980154693">
        <ele>1549.7</ele>
      </trkpt>
      <trkpt lat="-36.56626573763788" lon="-70.80523051321507">
        <ele>1549.5</ele>
      </trkpt>
      <trkpt lat="-36.56671827659011" lon="-70.8048109151423">
        <ele>1546.1</ele>
      </trkpt>
      <trkpt lat="-36.567076267674565" lon="-70.80449902452528">
        <ele>1543.6</ele>
      </trkpt>
      <trkpt lat="-36.56730174086988" lon="-70.80430288799107">
        <ele>1543.2</ele>
      </trkpt>
      <trkpt lat="-36.56771312467754" lon="-70.8039472438395">
        <ele>1545.5</ele>
      </trkpt>
      <trkpt lat="-36.56787506304681" lon="-70.80380508676171">
        <ele>1546.4</ele>
      </trkpt>
      <trkpt lat="-36.56803515739739" lon="-70.80366879701614">
        <ele>1545.5</ele>
      </trkpt>
      <trkpt lat="-36.568418964743614" lon="-70.80333486199379">
        <ele>1543.3</ele>
      </trkpt>
      <trkpt lat="-36.56892707571387" lon="-70.80289623700082">
        <ele>1541.4</ele>
      </trkpt>
      <trkpt lat="-36.569421691820025" lon="-70.80243464559317">
        <ele>1538.8</ele>
      </trkpt>
      <trkpt lat="-36.56970634125173" lon="-70.80219014547765">
        <ele>1537.9</ele>
      </trkpt>
      <trkpt lat="-36.570148402825" lon="-70.8017713855952">
        <ele>1535.1</ele>
      </trkpt>
      <trkpt lat="-36.57031352631748" lon="-70.80164699815214">
        <ele>1536.8</ele>
      </trkpt>
      <trkpt lat="-36.57066447660327" lon="-70.8013107161969">
        <ele>1538.1</ele>
      </trkpt>
      <trkpt lat="-36.57096899114549" lon="-70.80098968930542">
        <ele>1541.8</ele>
      </trkpt>
      <trkpt lat="-36.57101400196552" lon="-70.80091567710042">
        <ele>1542.4</ele>
      </trkpt>
      <trkpt lat="-36.57112967222929" lon="-70.80058610066772">
        <ele>1543.5</ele>
      </trkpt>
      <trkpt lat="-36.57132815569639" lon="-70.79994874075055">
        <ele>1543.3</ele>
      </trkpt>
      <trkpt lat="-36.57136662863195" lon="-70.79983122646809">
        <ele>1544.4</ele>
      </trkpt>
      <trkpt lat="-36.57138431444764" lon="-70.7997733913362">
        <ele>1545.0</ele>
      </trkpt>
      <trkpt lat="-36.57140091061592" lon="-70.79971748404205">
        <ele>1545.3</ele>
      </trkpt>
      <trkpt lat="-36.571501744911075" lon="-70.79952302388847">
        <ele>1546.8</ele>
      </trkpt>
      <trkpt lat="-36.57160894945264" lon="-70.79941330477595">
        <ele>1549.1</ele>
      </trkpt>
      <trkpt lat="-36.5716487634927" lon="-70.79938547685742">
        <ele>1549.1</ele>
      </trkpt>
      <trkpt lat="-36.5717354323715" lon="-70.79934289678931">
        <ele>1549.4</ele>
      </trkpt>
      <trkpt lat="-36.57188764773309" lon="-70.79933191649616">
        <ele>1548.5</ele>
      </trkpt>
      <trkpt lat="-36.57227355055511" lon="-70.799595778808">
        <ele>1545.9</ele>
      </trkpt>
      <trkpt lat="-36.572734136134386" lon="-70.80005384981632">
        <ele>1545.8</ele>
      </trkpt>
      <trkpt lat="-36.57320184633136" lon="-70.80043371766806">
        <ele>1544.6</ele>
      </trkpt>
      <trkpt lat="-36.57369688153267" lon="-70.8007092308253">
        <ele>1546.0</ele>
      </trkpt>
      <trkpt lat="-36.573831075802445" lon="-70.80080579034984">
        <ele>1545.6</ele>
      </trkpt>
      <trkpt lat="-36.573908692225814" lon="-70.80088885501027">
        <ele>1545.6</ele>
      </trkpt>
      <trkpt lat="-36.573941465467215" lon="-70.80093780532479">
        <ele>1545.5</ele>
      </trkpt>
      <trkpt lat="-36.57399971969426" lon="-70.8010445907712">
        <ele>1545.0</ele>
      </trkpt>
      <trkpt lat="-36.57410155981779" lon="-70.80127551220357">
        <ele>1545.7</ele>
      </trkpt>
      <trkpt lat="-36.57422569580376" lon="-70.8015710581094">
        <ele>1548.2</ele>
      </trkpt>
      <trkpt lat="-36.57447975128889" lon="-70.80200255848467">
        <ele>1552.1</ele>
      </trkpt>
      <trkpt lat="-36.574804885312915" lon="-70.80245342105627">
        <ele>1556.4</ele>
      </trkpt>
      <trkpt lat="-36.574883507564664" lon="-70.80251703970134">
        <ele>1555.9</ele>
      </trkpt>
      <trkpt lat="-36.57492390833795" lon="-70.8025433588773">
        <ele>1555.4</ele>
      </trkpt>
      <trkpt lat="-36.57519657164812" lon="-70.8027555886656">
        <ele>1553.3</ele>
      </trkpt>
      <trkpt lat="-36.575305201113224" lon="-70.8028319478035">
        <ele>1552.3</ele>
      </trkpt>
      <trkpt lat="-36.57544861547649" lon="-70.80292993225157">
        <ele>1553.6</ele>
      </trkpt>
      <trkpt lat="-36.57548465766013" lon="-70.80295231193304">
        <ele>1553.9</ele>
      </trkpt>
      <trkpt lat="-36.57559630461037" lon="-70.80301500856876">
        <ele>1555.4</ele>
      </trkpt>
      <trkpt lat="-36.57578447833657" lon="-70.80311022698879">
        <ele>1560.2</ele>
      </trkpt>
      <trkpt lat="-36.57598044723272" lon="-70.8031445927918">
        <ele>1562.5</ele>
      </trkpt>
      <trkpt lat="-36.57622377388179" lon="-70.8031612727791">
        <ele>1563.0</ele>
      </trkpt>
      <trkpt lat="-36.576344054192305" lon="-70.8031580876559">
        <ele>1562.2</ele>
      </trkpt>
      <trkpt lat="-36.57653491012752" lon="-70.80313646234572">
        <ele>1561.4</ele>
      </trkpt>
      <trkpt lat="-36.57665309496224" lon="-70.80312732607126">
        <ele>1561.5</ele>
      </trkpt>
      <trkpt lat="-36.57690832391381" lon="-70.80312095582485">
        <ele>1562.2</ele>
      </trkpt>
      <trkpt lat="-36.57703564502299" lon="-70.80312539823353">
        <ele>1562.8</ele>
      </trkpt>
      <trkpt lat="-36.57716288231313" lon="-70.80314811319113">
        <ele>1563.3</ele>
      </trkpt>
      <trkpt lat="-36.57742087729275" lon="-70.8032479416579">
        <ele>1566.3</ele>
      </trkpt>
      <trkpt lat="-36.57755792140961" lon="-70.80329144373536">
        <ele>1567.4</ele>
      </trkpt>
      <trkpt lat="-36.57788632437587" lon="-70.8034445811063">
        <ele>1573.3</ele>
      </trkpt>
      <trkpt lat="-36.57808958552778" lon="-70.8034987282008">
        <ele>1576.2</ele>
      </trkpt>
      <trkpt lat="-36.57826694659889" lon="-70.80349428579211">
        <ele>1575.2</ele>
      </trkpt>
      <trkpt lat="-36.57831313088536" lon="-70.80348883755505">
        <ele>1574.9</ele>
      </trkpt>
      <trkpt lat="-36.57855226658285" lon="-70.8034170884639">
        <ele>1571.6</ele>
      </trkpt>
      <trkpt lat="-36.57892098650336" lon="-70.80324559472501">
        <ele>1569.8</ele>
      </trkpt>
      <trkpt lat="-36.579325664788485" lon="-70.80304199829698">
        <ele>1573.1</ele>
      </trkpt>
      <trkpt lat="-36.579548958688974" lon="-70.80293227918446">
        <ele>1574.3</ele>
      </trkpt>
      <trkpt lat="-36.57963437028229" lon="-70.80287394113839">
        <ele>1575.6</ele>
      </trkpt>
      <trkpt lat="-36.579851880669594" lon="-70.8027265034616">
        <ele>1577.7</ele>
      </trkpt>
      <trkpt lat="-36.5800466760993" lon="-70.80255668610334">
        <ele>1579.1</ele>
      </trkpt>
      <trkpt lat="-36.580240465700626" lon="-70.8023808337748">
        <ele>1579.4</ele>
      </trkpt>
      <trkpt lat="-36.580486642196774" lon="-70.80212158150971">
        <ele>1579.3</ele>
      </trkpt>
      <trkpt lat="-36.58052167855203" lon="-70.80209199339151">
        <ele>1579.2</ele>
      </trkpt>
      <trkpt lat="-36.58071270212531" lon="-70.80192142166197">
        <ele>1580.4</ele>
      </trkpt>
      <trkpt lat="-36.58082979731262" lon="-70.80181430093944">
        <ele>1582.4</ele>
      </trkpt>
      <trkpt lat="-36.58093364909291" lon="-70.80171564593911">
        <ele>1583.5</ele>
      </trkpt>
      <trkpt lat="-36.581134144216776" lon="-70.801559407264">
        <ele>1584.3</ele>
      </trkpt>
      <trkpt lat="-36.581367244943976" lon="-70.8014434017241">
        <ele>1582.2</ele>
      </trkpt>
      <trkpt lat="-36.58159858547151" lon="-70.80107962712646">
        <ele>1577.8</ele>
      </trkpt>
      <trkpt lat="-36.581866554915905" lon="-70.80050286836922">
        <ele>1571.5</ele>
      </trkpt>
      <trkpt lat="-36.582024386152625" lon="-70.8002572786063">
        <ele>1568.7</ele>
      </trkpt>
      <trkpt lat="-36.58211910165846" lon="-70.80014387145638">
        <ele>1567.1</ele>
      </trkpt>
      <trkpt lat="-36.582220271229744" lon="-70.80003507435322">
        <ele>1566.1</ele>
      </trkpt>
      <trkpt lat="-36.58232571557164" lon="-70.79993055202067">
        <ele>1565.1</ele>
      </trkpt>
      <trkpt lat="-36.582435769960284" lon="-70.79983323812485">
        <ele>1563.9</ele>
      </trkpt>
      <trkpt lat="-36.58255085349083" lon="-70.79974757507443">
        <ele>1563.5</ele>
      </trkpt>
      <trkpt lat="-36.582674318924546" lon="-70.79967750236392">
        <ele>1563.2</ele>
      </trkpt>
      <trkpt lat="-36.5828063338995" lon="-70.79962385818362">
        <ele>1560.6</ele>
      </trkpt>
      <trkpt lat="-36.58293994143605" lon="-70.79957893118262">
        <ele>1558.4</ele>
      </trkpt>
      <trkpt lat="-36.5830740518868" lon="-70.79953324981034">
        <ele>1555.2</ele>
      </trkpt>
      <trkpt lat="-36.583205396309495" lon="-70.7994802761823">
        <ele>1554.4</ele>
      </trkpt>
      <trkpt lat="-36.58345182426274" lon="-70.79934591427445">
        <ele>1552.4</ele>
      </trkpt>
      <trkpt lat="-36.58357269130647" lon="-70.79926930367947">
        <ele>1551.4</ele>
      </trkpt>
      <trkpt lat="-36.58369179815054" lon="-70.79919403418899">
        <ele>1550.6</ele>
      </trkpt>
      <trkpt lat="-36.58381241373718" lon="-70.79912337474525">
        <ele>1549.9</ele>
      </trkpt>
      <trkpt lat="-36.583932945504785" lon="-70.79906076192856">
        <ele>1549.3</ele>
      </trkpt>
      <trkpt lat="-36.584178786724806" lon="-70.79897199757397">
        <ele>1548.0</ele>
      </trkpt>
      <trkpt lat="-36.58441892825067" lon="-70.79891944304109">
        <ele>1547.0</ele>
      </trkpt>
      <trkpt lat="-36.584528647363186" lon="-70.79889572225511">
        <ele>1546.0</ele>
      </trkpt>
      <trkpt lat="-36.58463627099991" lon="-70.7988824788481">
        <ele>1545.1</ele>
      </trkpt>
      <trkpt lat="-36.58474481664598" lon="-70.79888356849551">
        <ele>1544.4</ele>
      </trkpt>
      <trkpt lat="-36.58485051244497" lon="-70.79888876527548">
        <ele>1544.0</ele>
      </trkpt>
      <trkpt lat="-36.58495453186333" lon="-70.79889178276062">
        <ele>1543.7</ele>
      </trkpt>
      <trkpt lat="-36.58524043858051" lon="-70.79890242777765">
        <ele>1543.4</ele>
      </trkpt>
      <trkpt lat="-36.58584083430469" lon="-70.79899596981704">
        <ele>1542.3</ele>
      </trkpt>
      <trkpt lat="-36.586344838142395" lon="-70.79908004030585">
        <ele>1539.7</ele>
      </trkpt>
      <trkpt lat="-36.586516415700316" lon="-70.79910694621503">
        <ele>1539.1</ele>
      </trkpt>
      <trkpt lat="-36.58712385222316" lon="-70.79926536418498">
        <ele>1536.3</ele>
      </trkpt>
      <trkpt lat="-36.5875069051981" lon="-70.79948622733355">
        <ele>1539.5</ele>
      </trkpt>
      <trkpt lat="-36.58797855488956" lon="-70.79977615736425">
        <ele>1536.6</ele>
      </trkpt>
      <trkpt lat="-36.58837451599538" lon="-70.80002660863101">
        <ele>1534.7</ele>
      </trkpt>
      <trkpt lat="-36.588851027190685" lon="-70.80038879066706">
        <ele>1533.6</ele>
      </trkpt>
      <trkpt lat="-36.589327873662114" lon="-70.80070956610143">
        <ele>1530.5</ele>
      </trkpt>
      <trkpt lat="-36.589404148980975" lon="-70.80076555721462">
        <ele>1530.4</ele>
      </trkpt>
      <trkpt lat="-36.58982265740633" lon="-70.80101508647203">
        <ele>1529.5</ele>
      </trkpt>
      <trkpt lat="-36.590180564671755" lon="-70.80116688273847">
        <ele>1530.5</ele>
      </trkpt>
      <trkpt lat="-36.590576861053705" lon="-70.80128942616284">
        <ele>1531.7</ele>
      </trkpt>
      <trkpt lat="-36.59099746495485" lon="-70.80140911974013">
        <ele>1527.0</ele>
      </trkpt>
      <trkpt lat="-36.591218411922455" lon="-70.80147709697485">
        <ele>1524.1</ele>
      </trkpt>
      <trkpt lat="-36.59142879769206" lon="-70.80154549330473">
        <ele>1521.8</ele>
      </trkpt>
      <trkpt lat="-36.591533655300736" lon="-70.80157340504229">
        <ele>1521.8</ele>
      </trkpt>
      <trkpt lat="-36.591730965301394" lon="-70.8016210142523">
        <ele>1520.3</ele>
      </trkpt>
      <trkpt lat="-36.59193221479654" lon="-70.80166736617684">
        <ele>1519.6</ele>
      </trkpt>
      <trkpt lat="-36.5921244956553" lon="-70.80172218382359">
        <ele>1518.7</ele>
      </trkpt>
      <trkpt lat="-36.59272028133273" lon="-70.80186601728201">
        <ele>1516.3</ele>
      </trkpt>
      <trkpt lat="-36.59323685802519" lon="-70.80194690264761">
        <ele>1510.6</ele>
      </trkpt>
      <trkpt lat="-36.59343601204455" lon="-70.80197799950838">
        <ele>1508.9</ele>
      </trkpt>
      <trkpt lat="-36.59362904727459" lon="-70.80201840028167">
        <ele>1508.0</ele>
      </trkpt>
      <trkpt lat="-36.59382300451398" lon="-70.80206768587232">
        <ele>1507.8</ele>
      </trkpt>
      <trkpt lat="-36.594021655619144" lon="-70.80212543718517">
        <ele>1507.3</ele>
      </trkpt>
      <trkpt lat="-36.59411804750562" lon="-70.80215435475111">
        <ele>1506.8</ele>
      </trkpt>
      <trkpt lat="-36.59451576881111" lon="-70.80224161036313">
        <ele>1504.5</ele>
      </trkpt>
      <trkpt lat="-36.594715593382716" lon="-70.80227999947965">
        <ele>1503.7</ele>
      </trkpt>
      <trkpt lat="-36.594912903383374" lon="-70.80232677049935">
        <ele>1504.3</ele>
      </trkpt>
      <trkpt lat="-36.59511046484113" lon="-70.80237362533808">
        <ele>1504.5</ele>
      </trkpt>
      <trkpt lat="-36.59531003795564" lon="-70.8024141099304">
        <ele>1504.7</ele>
      </trkpt>
      <trkpt lat="-36.59541003406048" lon="-70.80241285264492">
        <ele>1504.4</ele>
      </trkpt>
      <trkpt lat="-36.59581228159368" lon="-70.80224957317114">
        <ele>1499.8</ele>
      </trkpt>
      <trkpt lat="-36.59591211006045" lon="-70.8021826017648">
        <ele>1498.9</ele>
      </trkpt>
      <trkpt lat="-36.596103217452765" lon="-70.80203214660287">
        <ele>1496.3</ele>
      </trkpt>
      <trkpt lat="-36.596292313188314" lon="-70.8018768299371">
        <ele>1495.4</ele>
      </trkpt>
      <trkpt lat="-36.596480989828706" lon="-70.80171388573945">
        <ele>1493.2</ele>
      </trkpt>
      <trkpt lat="-36.596674947068095" lon="-70.80154214054346">
        <ele>1490.7</ele>
      </trkpt>
      <trkpt lat="-36.59687560983002" lon="-70.80136687494814">
        <ele>1489.0</ele>
      </trkpt>
      <trkpt lat="-36.596975438296795" lon="-70.80127827823162">
        <ele>1488.3</ele>
      </trkpt>
      <trkpt lat="-36.59707585349679" lon="-70.80119194462895">
        <ele>1487.6</ele>
      </trkpt>
      <trkpt lat="-36.59727609716356" lon="-70.80102363601327">
        <ele>1486.4</ele>
      </trkpt>
      <trkpt lat="-36.59737206995487" lon="-70.80093705095351">
        <ele>1486.1</ele>
      </trkpt>
      <trkpt lat="-36.59754985012114" lon="-70.8007580973208">
        <ele>1486.1</ele>
      </trkpt>
      <trkpt lat="-36.5976348426193" lon="-70.8006698358804">
        <ele>1485.9</ele>
      </trkpt>
      <trkpt lat="-36.597719080746174" lon="-70.80058308318257">
        <ele>1485.1</ele>
      </trkpt>
      <trkpt lat="-36.597899962216616" lon="-70.80041712149978">
        <ele>1484.0</ele>
      </trkpt>
      <trkpt lat="-36.598091488704085" lon="-70.80024344846606">
        <ele>1481.1</ele>
      </trkpt>
      <trkpt lat="-36.5983825083822" lon="-70.7999879680574">
        <ele>1479.2</ele>
      </trkpt>
      <trkpt lat="-36.59867260605097" lon="-70.79975713044405">
        <ele>1478.1</ele>
      </trkpt>
      <trkpt lat="-36.59885826520622" lon="-70.79960457980633">
        <ele>1477.9</ele>
      </trkpt>
      <trkpt lat="-36.59903512336314" lon="-70.79944976605475">
        <ele>1477.6</ele>
      </trkpt>
      <trkpt lat="-36.59937048330903" lon="-70.7991639431566">
        <ele>1476.7</ele>
      </trkpt>
      <trkpt lat="-36.59961179830134" lon="-70.79894207417965">
        <ele>1473.8</ele>
      </trkpt>
      <trkpt lat="-36.599793350324035" lon="-70.79885062761605">
        <ele>1472.0</ele>
      </trkpt>
      <trkpt lat="-36.60009359009564" lon="-70.798858422786">
        <ele>1469.3</ele>
      </trkpt>
      <trkpt lat="-36.600289810448885" lon="-70.79893536865711">
        <ele>1466.9</ele>
      </trkpt>
      <trkpt lat="-36.60038729198277" lon="-70.79897317104042">
        <ele>1466.4</ele>
      </trkpt>
      <trkpt lat="-36.60058468580246" lon="-70.79903159290552">
        <ele>1465.4</ele>
      </trkpt>
      <trkpt lat="-36.60089297220111" lon="-70.79909219406545">
        <ele>1464.0</ele>
      </trkpt>
      <trkpt lat="-36.601334949955344" lon="-70.7992154918611">
        <ele>1461.1</ele>
      </trkpt>
      <trkpt lat="-36.601783046498895" lon="-70.7993470877409">
        <ele>1460.2</ele>
      </trkpt>
      <trkpt lat="-36.602004831656814" lon="-70.7994041685015">
        <ele>1462.0</ele>
      </trkpt>
      <trkpt lat="-36.60222343169153" lon="-70.79945177771151">
        <ele>1461.3</ele>
      </trkpt>
      <trkpt lat="-36.60243323072791" lon="-70.7994958665222">
        <ele>1460.4</ele>
      </trkpt>
      <trkpt lat="-36.602633725851774" lon="-70.79956174828112">
        <ele>1459.0</ele>
      </trkpt>
      <trkpt lat="-36.603236300870776" lon="-70.79985545016825">
        <ele>1457.1</ele>
      </trkpt>
      <trkpt lat="-36.6037617623806" lon="-70.79996852204204">
        <ele>1454.5</ele>
      </trkpt>
      <trkpt lat="-36.603969633579254" lon="-70.79999282956123">
        <ele>1451.8</ele>
      </trkpt>
      <trkpt lat="-36.60428470931947" lon="-70.8000170532614">
        <ele>1449.0</ele>
      </trkpt>
      <trkpt lat="-36.604484198614955" lon="-70.80004161223769">
        <ele>1448.2</ele>
      </trkpt>
      <trkpt lat="-36.60481821745634" lon="-70.80018863081932">
        <ele>1447.8</ele>
      </trkpt>
      <trkpt lat="-36.60495509393513" lon="-70.80029617063701">
        <ele>1448.6</ele>
      </trkpt>
      <trkpt lat="-36.6050863545388" lon="-70.80039457418025">
        <ele>1449.6</ele>
      </trkpt>
      <trkpt lat="-36.60562380217016" lon="-70.80034428276122">
        <ele>1448.3</ele>
      </trkpt>
      <trkpt lat="-36.60591281019151" lon="-70.80048115924001">
        <ele>1449.7</ele>
      </trkpt>
      <trkpt lat="-36.606170972809196" lon="-70.80069028772414">
        <ele>1452.2</ele>
      </trkpt>
      <trkpt lat="-36.60659090615809" lon="-70.80095591023564">
        <ele>1452.5</ele>
      </trkpt>
      <trkpt lat="-36.607011426240206" lon="-70.80105422995985">
        <ele>1452.3</ele>
      </trkpt>
      <trkpt lat="-36.60758617334068" lon="-70.80103159882128">
        <ele>1450.0</ele>
      </trkpt>
      <trkpt lat="-36.60778608173132" lon="-70.8010274078697">
        <ele>1448.5</ele>
      </trkpt>
      <trkpt lat="-36.607885072007775" lon="-70.8010290004313">
        <ele>1447.8</ele>
      </trkpt>
      <trkpt lat="-36.60808565095067" lon="-70.80102254636586">
        <ele>1446.3</ele>
      </trkpt>
      <trkpt lat="-36.60839921794832" lon="-70.80102330073714">
        <ele>1442.5</ele>
      </trkpt>
      <trkpt lat="-36.60879895091057" lon="-70.8010324370116">
        <ele>1440.2</ele>
      </trkpt>
      <trkpt lat="-36.60899014212191" lon="-70.80103889107704">
        <ele>1440.1</ele>
      </trkpt>
      <trkpt lat="-36.609181417152286" lon="-70.80104148946702">
        <ele>1439.9</ele>
      </trkpt>
      <trkpt lat="-36.6096677351743" lon="-70.8010683953762">
        <ele>1433.7</ele>
      </trkpt>
      <trkpt lat="-36.61004299297929" lon="-70.80117928795516">
        <ele>1429.8</ele>
      </trkpt>
      <trkpt lat="-36.6102684661746" lon="-70.80137358047068">
        <ele>1428.4</ele>
      </trkpt>
      <trkpt lat="-36.61034222692251" lon="-70.80145454965532">
        <ele>1428.3</ele>
      </trkpt>
      <trkpt lat="-36.610420597717166" lon="-70.8015366923064">
        <ele>1427.9</ele>
      </trkpt>
      <trkpt lat="-36.61067004315555" lon="-70.80176484771073">
        <ele>1425.0</ele>
      </trkpt>
      <trkpt lat="-36.61092594265938" lon="-70.80201102420688">
        <ele>1420.0</ele>
      </trkpt>
      <trkpt lat="-36.611093329265714" lon="-70.8021823503077">
        <ele>1418.8</ele>
      </trkpt>
      <trkpt lat="-36.611177399754524" lon="-70.80226826481521">
        <ele>1418.3</ele>
      </trkpt>
      <trkpt lat="-36.6113427747041" lon="-70.80244746990502">
        <ele>1418.1</ele>
      </trkpt>
      <trkpt lat="-36.61142801865935" lon="-70.80253556370735">
        <ele>1417.8</ele>
      </trkpt>
      <trkpt lat="-36.611512675881386" lon="-70.80262365750968">
        <ele>1417.1</ele>
      </trkpt>
      <trkpt lat="-36.611666567623615" lon="-70.80280814319849">
        <ele>1415.9</ele>
      </trkpt>
      <trkpt lat="-36.61173479631543" lon="-70.8029093965888">
        <ele>1415.7</ele>
      </trkpt>
      <trkpt lat="-36.61179430782795" lon="-70.80301618203521">
        <ele>1415.4</ele>
      </trkpt>
      <trkpt lat="-36.611904948949814" lon="-70.80321533605456">
        <ele>1415.6</ele>
      </trkpt>
      <trkpt lat="-36.61205314099789" lon="-70.80337191000581">
        <ele>1414.6</ele>
      </trkpt>
      <trkpt lat="-36.612196722999215" lon="-70.80354860052466">
        <ele>1414.1</ele>
      </trkpt>
      <trkpt lat="-36.61226151511073" lon="-70.80365329049528">
        <ele>1414.6</ele>
      </trkpt>
      <trkpt lat="-36.612367210909724" lon="-70.80386392772198">
        <ele>1416.0</ele>
      </trkpt>
      <trkpt lat="-36.612608609721065" lon="-70.80403910949826">
        <ele>1413.1</ele>
      </trkpt>
      <trkpt lat="-36.61270667798817" lon="-70.80407473258674">
        <ele>1410.4</ele>
      </trkpt>
      <trkpt lat="-36.6128069255501" lon="-70.80411714501679">
        <ele>1408.2</ele>
      </trkpt>
      <trkpt lat="-36.61301102489233" lon="-70.80423122271895">
        <ele>1401.3</ele>
      </trkpt>
      <trkpt lat="-36.6132147051394" lon="-70.80437237396836">
        <ele>1397.9</ele>
      </trkpt>
      <trkpt lat="-36.61331587471068" lon="-70.804442781955">
        <ele>1396.7</ele>
      </trkpt>
      <trkpt lat="-36.61351569928229" lon="-70.80459072254598">
        <ele>1399.1</ele>
      </trkpt>
      <trkpt lat="-36.613616114482284" lon="-70.80466322600842">
        <ele>1400.9</ele>
      </trkpt>
      <trkpt lat="-36.61371694877744" lon="-70.80473405309021">
        <ele>1401.6</ele>
      </trkpt>
      <trkpt lat="-36.61381828598678" lon="-70.80480705946684">
        <ele>1402.2</ele>
      </trkpt>
      <trkpt lat="-36.61391886882484" lon="-70.80488216131926">
        <ele>1401.3</ele>
      </trkpt>
      <trkpt lat="-36.61413109861314" lon="-70.80501845106483">
        <ele>1397.8</ele>
      </trkpt>
      <trkpt lat="-36.614241655915976" lon="-70.80508634448051">
        <ele>1396.0</ele>
      </trkpt>
      <trkpt lat="-36.61435623653233" lon="-70.80515046603978">
        <ele>1394.1</ele>
      </trkpt>
      <trkpt lat="-36.614591432735324" lon="-70.80527225509286">
        <ele>1390.5</ele>
      </trkpt>
      <trkpt lat="-36.61481942050159" lon="-70.80540150403976">
        <ele>1388.1</ele>
      </trkpt>
      <trkpt lat="-36.615042043849826" lon="-70.80552991479635">
        <ele>1388.5</ele>
      </trkpt>
      <trkpt lat="-36.61526391282678" lon="-70.80565153621137">
        <ele>1387.1</ele>
      </trkpt>
      <trkpt lat="-36.615372290834785" lon="-70.80571792088449">
        <ele>1385.6</ele>
      </trkpt>
      <trkpt lat="-36.615473879501224" lon="-70.80578899942338">
        <ele>1383.3</ele>
      </trkpt>
      <trkpt lat="-36.61556708626449" lon="-70.80586929805577">
        <ele>1381.3</ele>
      </trkpt>
      <trkpt lat="-36.61572257056832" lon="-70.8060710504651">
        <ele>1382.0</ele>
      </trkpt>
      <trkpt lat="-36.615862380713224" lon="-70.80628177151084">
        <ele>1383.0</ele>
      </trkpt>
      <trkpt lat="-36.61594527773559" lon="-70.80636617727578">
        <ele>1383.2</ele>
      </trkpt>
      <trkpt lat="-36.61615004763007" lon="-70.80647933296859">
        <ele>1382.1</ele>
      </trkpt>
      <trkpt lat="-36.61626127548516" lon="-70.80652275122702">
        <ele>1380.9</ele>
      </trkpt>
      <trkpt lat="-36.61637518554926" lon="-70.80656751058996">
        <ele>1379.8</ele>
      </trkpt>
      <trkpt lat="-36.61660837009549" lon="-70.80665275454521">
        <ele>1378.5</ele>
      </trkpt>
      <trkpt lat="-36.61673082970083" lon="-70.80667697824538">
        <ele>1377.2</ele>
      </trkpt>
      <trkpt lat="-36.616856222972274" lon="-70.80668963491917">
        <ele>1374.9</ele>
      </trkpt>
      <trkpt lat="-36.61711446940899" lon="-70.80672601237893">
        <ele>1370.8</ele>
      </trkpt>
      <trkpt lat="-36.61724497564137" lon="-70.80675828270614">
        <ele>1368.7</ele>
      </trkpt>
      <trkpt lat="-36.617373721674085" lon="-70.80679901875556">
        <ele>1368.5</ele>
      </trkpt>
      <trkpt lat="-36.6175006236881" lon="-70.80684570595622">
        <ele>1368.9</ele>
      </trkpt>
      <trkpt lat="-36.61762677133083" lon="-70.80689591355622">
        <ele>1368.6</ele>
      </trkpt>
      <trkpt lat="-36.6177527513355" lon="-70.80694788135588">
        <ele>1368.2</ele>
      </trkpt>
      <trkpt lat="-36.61787965334952" lon="-70.80700068734586">
        <ele>1367.2</ele>
      </trkpt>
      <trkpt lat="-36.61800613626838" lon="-70.80705441534519">
        <ele>1365.5</ele>
      </trkpt>
      <trkpt lat="-36.61813052371144" lon="-70.80711325630546">
        <ele>1364.0</ele>
      </trkpt>
      <trkpt lat="-36.61836924031377" lon="-70.8072505518794">
        <ele>1362.1</ele>
      </trkpt>
      <trkpt lat="-36.61848524585366" lon="-70.80732699483633">
        <ele>1361.5</ele>
      </trkpt>
      <trkpt lat="-36.61859848536551" lon="-70.8074077963829">
        <ele>1360.7</ele>
      </trkpt>
      <trkpt lat="-36.61870728246868" lon="-70.8074889332056">
        <ele>1359.3</ele>
      </trkpt>
      <trkpt lat="-36.61881482228637" lon="-70.80756604671478">
        <ele>1357.7</ele>
      </trkpt>
      <trkpt lat="-36.618920685723424" lon="-70.80763871781528">
        <ele>1355.6</ele>
      </trkpt>
      <trkpt lat="-36.61913316696882" lon="-70.80775212496519">
        <ele>1350.2</ele>
      </trkpt>
      <trkpt lat="-36.61936266347766" lon="-70.80781096592546">
        <ele>1346.9</ele>
      </trkpt>
      <trkpt lat="-36.619591573253274" lon="-70.80784533172846">
        <ele>1346.4</ele>
      </trkpt>
      <trkpt lat="-36.61969777196646" lon="-70.80785572528839">
        <ele>1346.8</ele>
      </trkpt>
      <trkpt lat="-36.61980003118515" lon="-70.80786435864866">
        <ele>1347.0</ele>
      </trkpt>
      <trkpt lat="-36.619898434728384" lon="-70.80787181854248">
        <ele>1347.0</ele>
      </trkpt>
      <trkpt lat="-36.6199909709394" lon="-70.8078763447702">
        <ele>1347.0</ele>
      </trkpt>
      <trkpt lat="-36.620081663131714" lon="-70.80787282437086">
        <ele>1346.9</ele>
      </trkpt>
      <trkpt lat="-36.62017327733338" lon="-70.8078586589545">
        <ele>1346.5</ele>
      </trkpt>
      <trkpt lat="-36.620505871251225" lon="-70.80770091153681">
        <ele>1345.3</ele>
      </trkpt>
      <trkpt lat="-36.6209767665714" lon="-70.80740804784">
        <ele>1346.0</ele>
      </trkpt>
      <trkpt lat="-36.62129276432097" lon="-70.80733261071146">
        <ele>1347.4</ele>
      </trkpt>
      <trkpt lat="-36.62164891138673" lon="-70.80734132789075">
        <ele>1346.2</ele>
      </trkpt>
      <trkpt lat="-36.62186927162111" lon="-70.8073459379375">
        <ele>1345.2</ele>
      </trkpt>
      <trkpt lat="-36.622225837782025" lon="-70.80738256685436">
        <ele>1344.1</ele>
      </trkpt>
      <trkpt lat="-36.62247586995363" lon="-70.80745205283165">
        <ele>1344.0</ele>
      </trkpt>
      <trkpt lat="-36.622573267668486" lon="-70.80747636035085">
        <ele>1344.0</ele>
      </trkpt>
      <trkpt lat="-36.62294005975127" lon="-70.80759345553815">
        <ele>1344.5</ele>
      </trkpt>
      <trkpt lat="-36.6232443228364" lon="-70.80766478553414">
        <ele>1346.6</ele>
      </trkpt>
      <trkpt lat="-36.62347733974457" lon="-70.8075568266213">
        <ele>1347.2</ele>
      </trkpt>
      <trkpt lat="-36.62359041161835" lon="-70.8074646256864">
        <ele>1347.1</ele>
      </trkpt>
      <trkpt lat="-36.62370214238763" lon="-70.80736697651446">
        <ele>1347.4</ele>
      </trkpt>
      <trkpt lat="-36.624242356047034" lon="-70.80705064348876">
        <ele>1345.1</ele>
      </trkpt>
      <trkpt lat="-36.62438442930579" lon="-70.80697235651314">
        <ele>1344.8</ele>
      </trkpt>
      <trkpt lat="-36.62459892220795" lon="-70.80685450695455">
        <ele>1344.4</ele>
      </trkpt>
      <trkpt lat="-36.62508515641093" lon="-70.8065528422594">
        <ele>1345.1</ele>
      </trkpt>
      <trkpt lat="-36.6255169082433" lon="-70.80613265745342">
        <ele>1344.0</ele>
      </trkpt>
      <trkpt lat="-36.62557817995548" lon="-70.80607222393155">
        <ele>1344.4</ele>
      </trkpt>
      <trkpt lat="-36.62603206001222" lon="-70.80556327477098">
        <ele>1345.1</ele>
      </trkpt>
      <trkpt lat="-36.626444114372134" lon="-70.80502465367317">
        <ele>1341.8</ele>
      </trkpt>
      <trkpt lat="-36.62660722620785" lon="-70.80484326928854">
        <ele>1341.7</ele>
      </trkpt>
      <trkpt lat="-36.627051047980785" lon="-70.80432694405317">
        <ele>1341.3</ele>
      </trkpt>
      <trkpt lat="-36.62743208929896" lon="-70.80377683974802">
        <ele>1343.7</ele>
      </trkpt>
      <trkpt lat="-36.62758053280413" lon="-70.80338465049863">
        <ele>1344.0</ele>
      </trkpt>
      <trkpt lat="-36.627896782010794" lon="-70.80276749096811">
        <ele>1347.1</ele>
      </trkpt>
      <trkpt lat="-36.6282485704869" lon="-70.80224672332406">
        <ele>1350.2</ele>
      </trkpt>
      <trkpt lat="-36.62829810753465" lon="-70.8021794166416">
        <ele>1350.1</ele>
      </trkpt>
      <trkpt lat="-36.628692308440804" lon="-70.80160190351307">
        <ele>1346.0</ele>
      </trkpt>
      <trkpt lat="-36.629123808816075" lon="-70.80111374147236">
        <ele>1347.0</ele>
      </trkpt>
      <trkpt lat="-36.6294436622411" lon="-70.80092003569007">
        <ele>1348.5</ele>
      </trkpt>
      <trkpt lat="-36.62955950014293" lon="-70.8009082172066">
        <ele>1348.6</ele>
      </trkpt>
      <trkpt lat="-36.629683300852776" lon="-70.80091869458556">
        <ele>1348.3</ele>
      </trkpt>
      <trkpt lat="-36.629775585606694" lon="-70.80092749558389">
        <ele>1348.3</ele>
      </trkpt>
      <trkpt lat="-36.62986904382706" lon="-70.80095926299691">
        <ele>1349.0</ele>
      </trkpt>
      <trkpt lat="-36.630153860896826" lon="-70.80105724744499">
        <ele>1351.1</ele>
      </trkpt>
      <trkpt lat="-36.630513947457075" lon="-70.80112304538488">
        <ele>1353.3</ele>
      </trkpt>
      <trkpt lat="-36.630983082577586" lon="-70.80124131403863">
        <ele>1355.3</ele>
      </trkpt>
      <trkpt lat="-36.63147862069309" lon="-70.80147583968937">
        <ele>1357.2</ele>
      </trkpt>
      <trkpt lat="-36.63152187131345" lon="-70.80148740671575">
        <ele>1357.6</ele>
      </trkpt>
      <trkpt lat="-36.63165137171745" lon="-70.80150308087468">
        <ele>1357.9</ele>
      </trkpt>
      <trkpt lat="-36.63196158595383" lon="-70.80152227543294">
        <ele>1360.4</ele>
      </trkpt>
      <trkpt lat="-36.63208647631109" lon="-70.80152462236583">
        <ele>1360.9</ele>
      </trkpt>
      <trkpt lat="-36.63233717903495" lon="-70.80151749774814">
        <ele>1362.6</ele>
      </trkpt>
      <trkpt lat="-36.63241135887802" lon="-70.80151464790106">
        <ele>1363.0</ele>
      </trkpt>
      <trkpt lat="-36.63251965306699" lon="-70.80150861293077">
        <ele>1364.2</ele>
      </trkpt>
      <trkpt lat="-36.63262928836048" lon="-70.80149671062827">
        <ele>1365.3</ele>
      </trkpt>
      <trkpt lat="-36.63273934274912" lon="-70.80148254521191">
        <ele>1366.2</ele>
      </trkpt>
      <trkpt lat="-36.63301552645862" lon="-70.80151087604463">
        <ele>1370.0</ele>
      </trkpt>
      <trkpt lat="-36.63310110569" lon="-70.80151347443461">
        <ele>1370.6</ele>
      </trkpt>
      <trkpt lat="-36.63331484422088" lon="-70.80149880610406">
        <ele>1371.1</ele>
      </trkpt>
      <trkpt lat="-36.63362396880984" lon="-70.80147039145231">
        <ele>1373.5</ele>
      </trkpt>
      <trkpt lat="-36.63374315947294" lon="-70.8014555554837">
        <ele>1374.9</ele>
      </trkpt>
      <trkpt lat="-36.63388087414205" lon="-70.80141523852944">
        <ele>1375.7</ele>
      </trkpt>
      <trkpt lat="-36.63396678864956" lon="-70.80137902870774">
        <ele>1376.4</ele>
      </trkpt>
      <trkpt lat="-36.63404507562518" lon="-70.80133284442127">
        <ele>1377.0</ele>
      </trkpt>
      <trkpt lat="-36.63414725102484" lon="-70.80127484165132">
        <ele>1376.7</ele>
      </trkpt>
      <trkpt lat="-36.63425210863352" lon="-70.80121474340558">
        <ele>1377.0</ele>
      </trkpt>
      <trkpt lat="-36.634359983727336" lon="-70.80115313641727">
        <ele>1378.1</ele>
      </trkpt>
      <trkpt lat="-36.63451203145087" lon="-70.80100527964532">
        <ele>1377.0</ele>
      </trkpt>
      <trkpt lat="-36.634637424722314" lon="-70.8008151780814">
        <ele>1375.5</ele>
      </trkpt>
      <trkpt lat="-36.63475854322314" lon="-70.80068266019225">
        <ele>1376.2</ele>
      </trkpt>
      <trkpt lat="-36.634812857955694" lon="-70.80063446424901">
        <ele>1376.4</ele>
      </trkpt>
      <trkpt lat="-36.63495501503348" lon="-70.80050722695887">
        <ele>1378.1</ele>
      </trkpt>
      <trkpt lat="-36.63516925647855" lon="-70.80027244985104">
        <ele>1378.5</ele>
      </trkpt>
      <trkpt lat="-36.6353358887136" lon="-70.80000934191048">
        <ele>1380.6</ele>
      </trkpt>
      <trkpt lat="-36.635435465723276" lon="-70.79984329640865">
        <ele>1382.7</ele>
      </trkpt>
      <trkpt lat="-36.635486762970686" lon="-70.79976894892752">
        <ele>1384.5</ele>
      </trkpt>
      <trkpt lat="-36.63555289618671" lon="-70.79966031946242">
        <ele>1385.7</ele>
      </trkpt>
      <trkpt lat="-36.63559203967452" lon="-70.79959343187511">
        <ele>1386.9</ele>
      </trkpt>
      <trkpt lat="-36.63562724366784" lon="-70.79952444881201">
        <ele>1387.4</ele>
      </trkpt>
      <trkpt lat="-36.63568139076233" lon="-70.79943258315325">
        <ele>1387.6</ele>
      </trkpt>
      <trkpt lat="-36.63572749122977" lon="-70.79936326481402">
        <ele>1388.4</ele>
      </trkpt>
      <trkpt lat="-36.63580116815865" lon="-70.79924759455025">
        <ele>1389.7</ele>
      </trkpt>
      <trkpt lat="-36.635870235040784" lon="-70.79912982881069">
        <ele>1391.2</ele>
      </trkpt>
      <trkpt lat="-36.63593075238168" lon="-70.79903452657163">
        <ele>1392.0</ele>
      </trkpt>
      <trkpt lat="-36.635996885597706" lon="-70.79894810914993">
        <ele>1393.0</ele>
      </trkpt>
      <trkpt lat="-36.63610668852925" lon="-70.79881994985044">
        <ele>1394.9</ele>
      </trkpt>
      <trkpt lat="-36.636169888079166" lon="-70.79872565343976">
        <ele>1395.7</ele>
      </trkpt>
      <trkpt lat="-36.63626477122307" lon="-70.79858433455229">
        <ele>1391.7</ele>
      </trkpt>
      <trkpt lat="-36.63635236211121" lon="-70.79844393767416">
        <ele>1392.0</ele>
      </trkpt>
      <trkpt lat="-36.636426877230406" lon="-70.79832684248686">
        <ele>1392.9</ele>
      </trkpt>
      <trkpt lat="-36.63653307594359" lon="-70.79818032681942">
        <ele>1391.9</ele>
      </trkpt>
      <trkpt lat="-36.636717058718204" lon="-70.79807530157268">
        <ele>1397.1</ele>
      </trkpt>
      <trkpt lat="-36.636862652376294" lon="-70.79810757189989">
        <ele>1398.6</ele>
      </trkpt>
      <trkpt lat="-36.63689802400768" lon="-70.79813288524747">
        <ele>1399.3</ele>
      </trkpt>
      <trkpt lat="-36.63697496987879" lon="-70.79818787053227">
        <ele>1399.7</ele>
      </trkpt>
      <trkpt lat="-36.63705778308213" lon="-70.79825484193861">
        <ele>1399.9</ele>
      </trkpt>
      <trkpt lat="-36.63731594569981" lon="-70.79849892295897">
        <ele>1399.7</ele>
      </trkpt>
      <trkpt lat="-36.63746070116758" lon="-70.79863781109452">
        <ele>1399.7</ele>
      </trkpt>
      <trkpt lat="-36.63782950490713" lon="-70.79888180829585">
        <ele>1405.1</ele>
      </trkpt>
      <trkpt lat="-36.63810661062598" lon="-70.79900653101504">
        <ele>1406.2</ele>
      </trkpt>
      <trkpt lat="-36.63816310465336" lon="-70.79903058707714">
        <ele>1406.0</ele>
      </trkpt>
      <trkpt lat="-36.638630563393235" lon="-70.79918162897229">
        <ele>1405.3</ele>
      </trkpt>
      <trkpt lat="-36.639155773445964" lon="-70.79927114769816">
        <ele>1406.7</ele>
      </trkpt>
      <trkpt lat="-36.63949725218117" lon="-70.79932982102036">
        <ele>1407.4</ele>
      </trkpt>
      <trkpt lat="-36.63988223299384" lon="-70.79939628951252">
        <ele>1409.1</ele>
      </trkpt>
      <trkpt lat="-36.6400985699147" lon="-70.79944138415158">
        <ele>1409.8</ele>
      </trkpt>
      <trkpt lat="-36.64026075974107" lon="-70.79945563338697">
        <ele>1409.2</ele>
      </trkpt>
      <trkpt lat="-36.6403694730252" lon="-70.79945839941502">
        <ele>1409.2</ele>
      </trkpt>
      <trkpt lat="-36.64042320102453" lon="-70.79946887679398">
        <ele>1409.4</ele>
      </trkpt>
      <trkpt lat="-36.64090298116207" lon="-70.79956761561334">
        <ele>1413.2</ele>
      </trkpt>
      <trkpt lat="-36.641105404123664" lon="-70.79962436109781">
        <ele>1413.9</ele>
      </trkpt>
      <trkpt lat="-36.641251584514976" lon="-70.79967674799263">
        <ele>1413.3</ele>
      </trkpt>
      <trkpt lat="-36.64135769940913" lon="-70.79969820566475">
        <ele>1412.6</ele>
      </trkpt>
      <trkpt lat="-36.64146088063717" lon="-70.79971890896559">
        <ele>1412.4</ele>
      </trkpt>
      <trkpt lat="-36.64191744290292" lon="-70.79978889785707">
        <ele>1414.5</ele>
      </trkpt>
      <trkpt lat="-36.642017187550664" lon="-70.79978328198195">
        <ele>1415.2</ele>
      </trkpt>
      <trkpt lat="-36.642216173931956" lon="-70.79976274631917">
        <ele>1416.5</ele>
      </trkpt>
      <trkpt lat="-36.64270634762943" lon="-70.79978856258094">
        <ele>1418.5</ele>
      </trkpt>
      <trkpt lat="-36.643245639279485" lon="-70.7997075933963">
        <ele>1415.5</ele>
      </trkpt>
      <trkpt lat="-36.64384301751852" lon="-70.7995971199125">
        <ele>1417.1</ele>
      </trkpt>
      <trkpt lat="-36.64444064721465" lon="-70.79962737858295">
        <ele>1419.8</ele>
      </trkpt>
      <trkpt lat="-36.645011622458696" lon="-70.79963760450482">
        <ele>1419.7</ele>
      </trkpt>
      <trkpt lat="-36.64559827186167" lon="-70.79955361783504">
        <ele>1418.1</ele>
      </trkpt>
      <trkpt lat="-36.646148040890694" lon="-70.79946275800467">
        <ele>1417.0</ele>
      </trkpt>
      <trkpt lat="-36.64674114435911" lon="-70.7993780169636">
        <ele>1415.4</ele>
      </trkpt>
      <trkpt lat="-36.64726006798446" lon="-70.79933568835258">
        <ele>1415.0</ele>
      </trkpt>
      <trkpt lat="-36.647713193669915" lon="-70.79936569556594">
        <ele>1414.3</ele>
      </trkpt>
      <trkpt lat="-36.64831065572798" lon="-70.79943316988647">
        <ele>1413.8</ele>
      </trkpt>
      <trkpt lat="-36.64893351495266" lon="-70.79943316988647">
        <ele>1415.7</ele>
      </trkpt>
      <trkpt lat="-36.64947976358235" lon="-70.79940165393054">
        <ele>1413.0</ele>
      </trkpt>
      <trkpt lat="-36.65010631084442" lon="-70.79935278743505">
        <ele>1414.0</ele>
      </trkpt>
      <trkpt lat="-36.65072581730783" lon="-70.79929989762604">
        <ele>1415.8</ele>
      </trkpt>
      <trkpt lat="-36.65133677423" lon="-70.79919596202672">
        <ele>1414.8</ele>
      </trkpt>
      <trkpt lat="-36.65191562846303" lon="-70.79910929314792">
        <ele>1416.5</ele>
      </trkpt>
      <trkpt lat="-36.65247755125165" lon="-70.79906595870852">
        <ele>1417.6</ele>
      </trkpt>
      <trkpt lat="-36.65254016406834" lon="-70.799067215994">
        <ele>1418.0</ele>
      </trkpt>
      <trkpt lat="-36.652768068015575" lon="-70.79906151629984">
        <ele>1419.3</ele>
      </trkpt>
      <trkpt lat="-36.652955152094364" lon="-70.7990450039506">
        <ele>1419.8</ele>
      </trkpt>
      <trkpt lat="-36.65355169214308" lon="-70.79901533201337">
        <ele>1420.8</ele>
      </trkpt>
      <trkpt lat="-36.65395067073405" lon="-70.79900250770152">
        <ele>1421.9</ele>
      </trkpt>
      <trkpt lat="-36.65451074950397" lon="-70.79897878691554">
        <ele>1422.0</ele>
      </trkpt>
      <trkpt lat="-36.65506328456104" lon="-70.79895883798599">
        <ele>1421.0</ele>
      </trkpt>
      <trkpt lat="-36.65514534339309" lon="-70.79895447939634">
        <ele>1420.9</ele>
      </trkpt>
      <trkpt lat="-36.65572562254965" lon="-70.79892723821104">
        <ele>1423.2</ele>
      </trkpt>
      <trkpt lat="-36.65628352202475" lon="-70.79890343360603">
        <ele>1418.6</ele>
      </trkpt>
      <trkpt lat="-36.65659968741238" lon="-70.79888968728483">
        <ele>1419.5</ele>
      </trkpt>
      <trkpt lat="-36.657213075086474" lon="-70.79886512830853">
        <ele>1420.5</ele>
      </trkpt>
      <trkpt lat="-36.657290272414684" lon="-70.79886135645211">
        <ele>1420.2</ele>
      </trkpt>
      <trkpt lat="-36.6578421369195" lon="-70.79883193597198">
        <ele>1421.5</ele>
      </trkpt>
      <trkpt lat="-36.658320324495435" lon="-70.79880360513926">
        <ele>1420.4</ele>
      </trkpt>
      <trkpt lat="-36.65888492949307" lon="-70.79876865260303">
        <ele>1421.0</ele>
      </trkpt>
      <trkpt lat="-36.65943553671241" lon="-70.79870662651956">
        <ele>1421.9</ele>
      </trkpt>
      <trkpt lat="-36.66000282391906" lon="-70.79852046445012">
        <ele>1422.7</ele>
      </trkpt>
      <trkpt lat="-36.66054739616811" lon="-70.79832692630589">
        <ele>1422.0</ele>
      </trkpt>
      <trkpt lat="-36.66111904196441" lon="-70.79811402596533">
        <ele>1423.5</ele>
      </trkpt>
      <trkpt lat="-36.66165581904352" lon="-70.79790908843279">
        <ele>1425.5</ele>
      </trkpt>
      <trkpt lat="-36.6618759278208" lon="-70.79785209149122">
        <ele>1428.0</ele>
      </trkpt>
      <trkpt lat="-36.66202453896403" lon="-70.7978131994605">
        <ele>1429.7</ele>
      </trkpt>
      <trkpt lat="-36.66213350370526" lon="-70.7977735530585">
        <ele>1430.0</ele>
      </trkpt>
      <trkpt lat="-36.66224431246519" lon="-70.79771747812629">
        <ele>1430.7</ele>
      </trkpt>
      <trkpt lat="-36.662397449836135" lon="-70.79763608984649">
        <ele>1430.6</ele>
      </trkpt>
      <trkpt lat="-36.662514209747314" lon="-70.79758177511394">
        <ele>1430.0</ele>
      </trkpt>
      <trkpt lat="-36.662828447297215" lon="-70.7974854670465">
        <ele>1429.0</ele>
      </trkpt>
      <trkpt lat="-36.66292651556432" lon="-70.79747934825718">
        <ele>1428.5</ele>
      </trkpt>
      <trkpt lat="-36.663146959617734" lon="-70.79745537601411">
        <ele>1428.6</ele>
      </trkpt>
      <trkpt lat="-36.66374106891453" lon="-70.79745277762413">
        <ele>1428.3</ele>
      </trkpt>
      <trkpt lat="-36.664285976439714" lon="-70.79740701243281">
        <ele>1429.6</ele>
      </trkpt>
      <trkpt lat="-36.664627622812986" lon="-70.79735856503248">
        <ele>1430.1</ele>
      </trkpt>
      <trkpt lat="-36.6649947501719" lon="-70.79730466939509">
        <ele>1430.2</ele>
      </trkpt>
      <trkpt lat="-36.665576454252005" lon="-70.79727281816304">
        <ele>1428.0</ele>
      </trkpt>
      <trkpt lat="-36.66565876454115" lon="-70.79727281816304">
        <ele>1427.9</ele>
      </trkpt>
      <trkpt lat="-36.665970236063" lon="-70.79728991724551">
        <ele>1427.7</ele>
      </trkpt>
      <trkpt lat="-36.66628480888903" lon="-70.79731958918273">
        <ele>1426.2</ele>
      </trkpt>
      <trkpt lat="-36.66661371476948" lon="-70.79732713289559">
        <ele>1424.6</ele>
      </trkpt>
      <trkpt lat="-36.66686684824526" lon="-70.79733727499843">
        <ele>1424.7</ele>
      </trkpt>
      <trkpt lat="-36.66744620539248" lon="-70.79733735881746">
        <ele>1425.6</ele>
      </trkpt>
      <trkpt lat="-36.66753086261451" lon="-70.79733367078006">
        <ele>1425.2</ele>
      </trkpt>
      <trkpt lat="-36.668109968304634" lon="-70.79730500467122">
        <ele>1423.0</ele>
      </trkpt>
      <trkpt lat="-36.668361173942685" lon="-70.79729259945452">
        <ele>1423.0</ele>
      </trkpt>
      <trkpt lat="-36.66894966736436" lon="-70.79725638963282">
        <ele>1422.9</ele>
      </trkpt>
      <trkpt lat="-36.66926650330424" lon="-70.79726577736437">
        <ele>1421.9</ele>
      </trkpt>
      <trkpt lat="-36.669561211019754" lon="-70.79725102521479">
        <ele>1420.9</ele>
      </trkpt>
      <trkpt lat="-36.669635055586696" lon="-70.79726016148925">
        <ele>1420.3</ele>
      </trkpt>
      <trkpt lat="-36.66970839723945" lon="-70.79728027805686">
        <ele>1419.6</ele>
      </trkpt>
      <trkpt lat="-36.669848542660475" lon="-70.79734465107322">
        <ele>1418.8</ele>
      </trkpt>
      <trkpt lat="-36.670034788548946" lon="-70.79745621420443">
        <ele>1418.6</ele>
      </trkpt>
      <trkpt lat="-36.67016630060971" lon="-70.79745101742446">
        <ele>1419.8</ele>
      </trkpt>
      <trkpt lat="-36.670360006392" lon="-70.79730902798474">
        <ele>1418.6</ele>
      </trkpt>
      <trkpt lat="-36.67042504996061" lon="-70.79724758863449">
        <ele>1419.3</ele>
      </trkpt>
      <trkpt lat="-36.67074590921402" lon="-70.79689856618643">
        <ele>1420.2</ele>
      </trkpt>
      <trkpt lat="-36.67102452367544" lon="-70.7966878451407">
        <ele>1418.6</ele>
      </trkpt>
      <trkpt lat="-36.67115679010749" lon="-70.79660377465189">
        <ele>1418.4</ele>
      </trkpt>
      <trkpt lat="-36.67145552113652" lon="-70.79624293372035">
        <ele>1418.9</ele>
      </trkpt>
      <trkpt lat="-36.67163615114987" lon="-70.79589826986194">
        <ele>1417.4</ele>
      </trkpt>
      <trkpt lat="-36.67195960879326" lon="-70.79528681002557">
        <ele>1415.0</ele>
      </trkpt>
      <trkpt lat="-36.672146022319794" lon="-70.79487257637084">
        <ele>1416.2</ele>
      </trkpt>
      <trkpt lat="-36.6724132373929" lon="-70.79420361667871">
        <ele>1416.8</ele>
      </trkpt>
      <trkpt lat="-36.67259965091944" lon="-70.79375895671546">
        <ele>1416.9</ele>
      </trkpt>
      <trkpt lat="-36.67287055402994" lon="-70.79317004419863">
        <ele>1412.6</ele>
      </trkpt>
      <trkpt lat="-36.6729624196887" lon="-70.79300299286842">
        <ele>1412.5</ele>
      </trkpt>
      <trkpt lat="-36.67330389842391" lon="-70.79241894185543">
        <ele>1415.2</ele>
      </trkpt>
      <trkpt lat="-36.67370170354843" lon="-70.79189037904143">
        <ele>1414.9</ele>
      </trkpt>
      <trkpt lat="-36.67413999326527" lon="-70.79138536937535">
        <ele>1412.2</ele>
      </trkpt>
      <trkpt lat="-36.674343002960086" lon="-70.79115880653262">
        <ele>1411.1</ele>
      </trkpt>
      <trkpt lat="-36.67473804205656" lon="-70.79071825370193">
        <ele>1411.4</ele>
      </trkpt>
      <trkpt lat="-36.67493702843785" lon="-70.79050074331462">
        <ele>1410.6</ele>
      </trkpt>
      <trkpt lat="-36.67534589767456" lon="-70.79005180858076">
        <ele>1407.3</ele>
      </trkpt>
      <trkpt lat="-36.67547439225018" lon="-70.78989137895405">
        <ele>1408.5</ele>
      </trkpt>
      <trkpt lat="-36.67579332366586" lon="-70.78949181362987">
        <ele>1406.7</ele>
      </trkpt>
      <trkpt lat="-36.67601192370057" lon="-70.78928452916443">
        <ele>1405.1</ele>
      </trkpt>
      <trkpt lat="-36.67636522091925" lon="-70.78916843980551">
        <ele>1402.5</ele>
      </trkpt>
      <trkpt lat="-36.676454404369" lon="-70.78915854915977">
        <ele>1401.7</ele>
      </trkpt>
      <trkpt lat="-36.67672337964177" lon="-70.78912041150033">
        <ele>1398.8</ele>
      </trkpt>
      <trkpt lat="-36.676995707675815" lon="-70.78909694217145">
        <ele>1396.7</ele>
      </trkpt>
      <trkpt lat="-36.677185306325555" lon="-70.78907791525126">
        <ele>1395.7</ele>
      </trkpt>
      <trkpt lat="-36.67748118750751" lon="-70.78904782421887">
        <ele>1396.2</ele>
      </trkpt>
      <trkpt lat="-36.67769023217261" lon="-70.78903508372605">
        <ele>1395.8</ele>
      </trkpt>
      <trkpt lat="-36.67779643088579" lon="-70.78902125358582">
        <ele>1395.0</ele>
      </trkpt>
      <trkpt lat="-36.67800799012184" lon="-70.78900172375143">
        <ele>1392.9</ele>
      </trkpt>
      <trkpt lat="-36.678321808576584" lon="-70.78896811231971">
        <ele>1390.2</ele>
      </trkpt>
      <trkpt lat="-36.67854459956288" lon="-70.78889745287597">
        <ele>1388.2</ele>
      </trkpt>
      <trkpt lat="-36.678763031959534" lon="-70.78876149840653">
        <ele>1385.7</ele>
      </trkpt>
      <trkpt lat="-36.67896612547338" lon="-70.78857885673642">
        <ele>1384.3</ele>
      </trkpt>
      <trkpt lat="-36.67906545102596" lon="-70.78848766162992">
        <ele>1384.0</ele>
      </trkpt>
      <trkpt lat="-36.679159915074706" lon="-70.78839235939085">
        <ele>1383.7</ele>
      </trkpt>
      <trkpt lat="-36.67925496585667" lon="-70.78830175101757">
        <ele>1383.3</ele>
      </trkpt>
      <trkpt lat="-36.679349429905415" lon="-70.78821307048202">
        <ele>1382.8</ele>
      </trkpt>
      <trkpt lat="-36.67944355867803" lon="-70.78812489286065">
        <ele>1381.8</ele>
      </trkpt>
      <trkpt lat="-36.67953684926033" lon="-70.78803705051541">
        <ele>1381.1</ele>
      </trkpt>
      <trkpt lat="-36.67971957474947" lon="-70.78786077909172">
        <ele>1379.8</ele>
      </trkpt>
      <trkpt lat="-36.68007832020521" lon="-70.78752818517387">
        <ele>1378.6</ele>
      </trkpt>
      <trkpt lat="-36.68035006150603" lon="-70.78728024847806">
        <ele>1378.1</ele>
      </trkpt>
      <trkpt lat="-36.680693132802844" lon="-70.78697238117456">
        <ele>1379.0</ele>
      </trkpt>
      <trkpt lat="-36.68117467314005" lon="-70.7865041680634">
        <ele>1378.0</ele>
      </trkpt>
      <trkpt lat="-36.68141514994204" lon="-70.78626804985106">
        <ele>1375.4</ele>
      </trkpt>
      <trkpt lat="-36.6815691255033" lon="-70.78611281700432">
        <ele>1373.9</ele>
      </trkpt>
      <trkpt lat="-36.681718742474914" lon="-70.78597183339298">
        <ele>1373.2</ele>
      </trkpt>
      <trkpt lat="-36.681859558448195" lon="-70.78583068214357">
        <ele>1372.2</ele>
      </trkpt>
      <trkpt lat="-36.68207908049226" lon="-70.78561895526946">
        <ele>1371.0</ele>
      </trkpt>
      <trkpt lat="-36.68222886510193" lon="-70.78546481207013">
        <ele>1371.0</ele>
      </trkpt>
      <trkpt lat="-36.68237772770226" lon="-70.78530672937632">
        <ele>1370.8</ele>
      </trkpt>
      <trkpt lat="-36.68259624391794" lon="-70.78506390564144">
        <ele>1369.8</ele>
      </trkpt>
      <trkpt lat="-36.68289581313729" lon="-70.78478244133294">
        <ele>1369.0</ele>
      </trkpt>
      <trkpt lat="-36.68321038596332" lon="-70.78452268615365">
        <ele>1369.0</ele>
      </trkpt>
      <trkpt lat="-36.683582458645105" lon="-70.7842503581196">
        <ele>1368.0</ele>
      </trkpt>
      <trkpt lat="-36.68373224325478" lon="-70.78416176140308">
        <ele>1368.0</ele>
      </trkpt>
      <trkpt lat="-36.683805752545595" lon="-70.78410635702312">
        <ele>1368.0</ele>
      </trkpt>
      <trkpt lat="-36.684021754190326" lon="-70.78389940783381">
        <ele>1367.0</ele>
      </trkpt>
      <trkpt lat="-36.68417304754257" lon="-70.7837709132582">
        <ele>1367.0</ele>
      </trkpt>
      <trkpt lat="-36.68440254405141" lon="-70.78357041813433">
        <ele>1366.7</ele>
      </trkpt>
      <trkpt lat="-36.684554759413004" lon="-70.78343203291297">
        <ele>1366.9</ele>
      </trkpt>
      <trkpt lat="-36.685005873441696" lon="-70.78298946842551">
        <ele>1365.6</ele>
      </trkpt>
      <trkpt lat="-36.68522547930479" lon="-70.782774053514">
        <ele>1364.7</ele>
      </trkpt>
      <trkpt lat="-36.68572864495218" lon="-70.78231665305793">
        <ele>1363.0</ele>
      </trkpt>
      <trkpt lat="-36.68602159246802" lon="-70.7820594124496">
        <ele>1362.5</ele>
      </trkpt>
      <trkpt lat="-36.68637388385832" lon="-70.78174081631005">
        <ele>1362.3</ele>
      </trkpt>
      <trkpt lat="-36.68688249774277" lon="-70.78129129484296">
        <ele>1363.0</ele>
      </trkpt>
      <trkpt lat="-36.68734987266362" lon="-70.78087203204632">
        <ele>1359.2</ele>
      </trkpt>
      <trkpt lat="-36.687808530405164" lon="-70.78045402653515">
        <ele>1358.5</ele>
      </trkpt>
      <trkpt lat="-36.68806686066091" lon="-70.78021120280027">
        <ele>1359.8</ele>
      </trkpt>
      <trkpt lat="-36.68850967660546" lon="-70.77979437075555">
        <ele>1359.0</ele>
      </trkpt>
      <trkpt lat="-36.6887494828552" lon="-70.7795605994761">
        <ele>1359.0</ele>
      </trkpt>
      <trkpt lat="-36.6891916282475" lon="-70.77913345769048">
        <ele>1358.7</ele>
      </trkpt>
      <trkpt lat="-36.689260862767696" lon="-70.77907143160701">
        <ele>1358.5</ele>
      </trkpt>
      <trkpt lat="-36.68973318301141" lon="-70.7786208204925">
        <ele>1356.8</ele>
      </trkpt>
      <trkpt lat="-36.69020734727383" lon="-70.77814196236432">
        <ele>1356.0</ele>
      </trkpt>
      <trkpt lat="-36.690272809937596" lon="-70.77807096764445">
        <ele>1355.8</ele>
      </trkpt>
      <trkpt lat="-36.69065033085644" lon="-70.7776247151196">
        <ele>1355.8</ele>
      </trkpt>
      <trkpt lat="-36.690900698304176" lon="-70.77733537182212">
        <ele>1356.8</ele>
      </trkpt>
      <trkpt lat="-36.691343346610665" lon="-70.77687822282314">
        <ele>1357.4</ele>
      </trkpt>
      <trkpt lat="-36.69176738709211" lon="-70.77644973993301">
        <ele>1354.6</ele>
      </trkpt>
      <trkpt lat="-36.69219134375453" lon="-70.77601270750165">
        <ele>1351.3</ele>
      </trkpt>
      <trkpt lat="-36.69237800873816" lon="-70.77581749297678">
        <ele>1351.3</ele>
      </trkpt>
      <trkpt lat="-36.69283524155617" lon="-70.7753468491137">
        <ele>1350.9</ele>
      </trkpt>
      <trkpt lat="-36.692902045324445" lon="-70.77527962625027">
        <ele>1350.5</ele>
      </trkpt>
      <trkpt lat="-36.69337964616716" lon="-70.77482071705163">
        <ele>1349.0</ele>
      </trkpt>
      <trkpt lat="-36.69386395253241" lon="-70.77437471598387">
        <ele>1350.3</ele>
      </trkpt>
      <trkpt lat="-36.69431732967496" lon="-70.77395595610142">
        <ele>1349.4</ele>
      </trkpt>
      <trkpt lat="-36.69478017836809" lon="-70.77353870496154">
        <ele>1350.0</ele>
      </trkpt>
      <trkpt lat="-36.69513490051031" lon="-70.77320183627307">
        <ele>1351.5</ele>
      </trkpt>
      <trkpt lat="-36.695590456947684" lon="-70.77276756986976">
        <ele>1349.5</ele>
      </trkpt>
      <trkpt lat="-36.695699002593756" lon="-70.77267377637327">
        <ele>1347.7</ele>
      </trkpt>
      <trkpt lat="-36.69581685215235" lon="-70.77260102145374">
        <ele>1345.9</ele>
      </trkpt>
      <trkpt lat="-36.69636611826718" lon="-70.77266028150916">
        <ele>1336.8</ele>
      </trkpt>
      <trkpt lat="-36.69656409882009" lon="-70.77272675000131">
        <ele>1334.7</ele>
      </trkpt>
      <trkpt lat="-36.69689912348986" lon="-70.77280688099563">
        <ele>1331.9</ele>
      </trkpt>
      <trkpt lat="-36.69714496470988" lon="-70.77280545607209">
        <ele>1331.1</ele>
      </trkpt>
      <trkpt lat="-36.697271363809705" lon="-70.77277687378228">
        <ele>1329.9</ele>
      </trkpt>
      <trkpt lat="-36.69739684090018" lon="-70.7727322820574">
        <ele>1329.3</ele>
      </trkpt>
      <trkpt lat="-36.697521060705185" lon="-70.77267620712519">
        <ele>1328.3</ele>
      </trkpt>
      <trkpt lat="-36.697644777596" lon="-70.77260982245207">
        <ele>1327.3</ele>
      </trkpt>
      <trkpt lat="-36.69776648283005" lon="-70.77253178693354">
        <ele>1326.9</ele>
      </trkpt>
      <trkpt lat="-36.69788441620767" lon="-70.77244168147445">
        <ele>1327.7</ele>
      </trkpt>
      <trkpt lat="-36.697994973510504" lon="-70.77233682386577">
        <ele>1327.5</ele>
      </trkpt>
      <trkpt lat="-36.698096729815006" lon="-70.77221914194524">
        <ele>1325.8</ele>
      </trkpt>
      <trkpt lat="-36.69818574562669" lon="-70.77209022827446">
        <ele>1325.0</ele>
      </trkpt>
      <trkpt lat="-36.698259338736534" lon="-70.77195041812956">
        <ele>1322.5</ele>
      </trkpt>
      <trkpt lat="-36.698327735066414" lon="-70.771803567186">
        <ele>1319.6</ele>
      </trkpt>
      <trkpt lat="-36.69840174727142" lon="-70.77165948227048">
        <ele>1317.3</ele>
      </trkpt>
      <trkpt lat="-36.69848129153252" lon="-70.7715202588588">
        <ele>1315.7</ele>
      </trkpt>
      <trkpt lat="-36.698567206040025" lon="-70.77138581313193">
        <ele>1313.7</ele>
      </trkpt>
      <trkpt lat="-36.69865898787975" lon="-70.7712610065937">
        <ele>1312.5</ele>
      </trkpt>
      <trkpt lat="-36.69875395484269" lon="-70.7711388822645">
        <ele>1311.2</ele>
      </trkpt>
      <trkpt lat="-36.69885462149978" lon="-70.77103058807552">
        <ele>1310.0</ele>
      </trkpt>
      <trkpt lat="-36.69895830564201" lon="-70.7709277421236">
        <ele>1308.9</ele>
      </trkpt>
      <trkpt lat="-36.69906727038324" lon="-70.77082984149456">
        <ele>1307.5</ele>
      </trkpt>
      <trkpt lat="-36.69917858205736" lon="-70.77073738910258">
        <ele>1305.8</ele>
      </trkpt>
      <trkpt lat="-36.69940145686269" lon="-70.77056027948856">
        <ele>1303.5</ele>
      </trkpt>
      <trkpt lat="-36.69951050542295" lon="-70.77046958729625">
        <ele>1303.3</ele>
      </trkpt>
      <trkpt lat="-36.69961611740291" lon="-70.7703721895814">
        <ele>1302.2</ele>
      </trkpt>
      <trkpt lat="-36.69971762225032" lon="-70.77026414684951">
        <ele>1301.3</ele>
      </trkpt>
      <trkpt lat="-36.6998151037842" lon="-70.77014881186187">
        <ele>1300.4</ele>
      </trkpt>
      <trkpt lat="-36.69990579597652" lon="-70.77002828009427">
        <ele>1299.0</ele>
      </trkpt>
      <trkpt lat="-36.69998886063695" lon="-70.76990313827991">
        <ele>1298.1</ele>
      </trkpt>
      <trkpt lat="-36.700068823993206" lon="-70.76977673918009">
        <ele>1298.0</ele>
      </trkpt>
      <trkpt lat="-36.70014417730272" lon="-70.76964966952801">
        <ele>1297.5</ele>
      </trkpt>
      <trkpt lat="-36.70021626166999" lon="-70.76952218078077">
        <ele>1296.6</ele>
      </trkpt>
      <trkpt lat="-36.70028801076114" lon="-70.7693962007761">
        <ele>1295.4</ele>
      </trkpt>
      <trkpt lat="-36.70035875402391" lon="-70.76926636509597">
        <ele>1293.2</ele>
      </trkpt>
      <trkpt lat="-36.70043050311506" lon="-70.76914055272937">
        <ele>1291.6</ele>
      </trkpt>
      <trkpt lat="-36.70057291164994" lon="-70.76889890246093">
        <ele>1288.7</ele>
      </trkpt>
      <trkpt lat="-36.700774412602186" lon="-70.76855633407831">
        <ele>1287.5</ele>
      </trkpt>
      <trkpt lat="-36.70083853416145" lon="-70.7684461120516">
        <ele>1287.2</ele>
      </trkpt>
      <trkpt lat="-36.701024109497666" lon="-70.76812759973109">
        <ele>1286.5</ele>
      </trkpt>
      <trkpt lat="-36.701094936579466" lon="-70.76803481206298">
        <ele>1286.4</ele>
      </trkpt>
      <trkpt lat="-36.7014438752085" lon="-70.76777564361691">
        <ele>1285.5</ele>
      </trkpt>
      <trkpt lat="-36.70154085382819" lon="-70.7677346561104">
        <ele>1284.8</ele>
      </trkpt>
      <trkpt lat="-36.701829861849546" lon="-70.76764019206166">
        <ele>1283.2</ele>
      </trkpt>
      <trkpt lat="-36.70201334170997" lon="-70.76759803108871">
        <ele>1283.1</ele>
      </trkpt>
      <trkpt lat="-36.702196821570396" lon="-70.76755452901125">
        <ele>1282.9</ele>
      </trkpt>
      <trkpt lat="-36.70247543603182" lon="-70.76749568805099">
        <ele>1282.7</ele>
      </trkpt>
      <trkpt lat="-36.70292269438505" lon="-70.76742234639823">
        <ele>1281.2</ele>
      </trkpt>
      <trkpt lat="-36.70328655280173" lon="-70.76737037859857">
        <ele>1282.8</ele>
      </trkpt>
      <trkpt lat="-36.70337690971792" lon="-70.76735663227737">
        <ele>1283.4</ele>
      </trkpt>
      <trkpt lat="-36.70373389497399" lon="-70.7672668620944">
        <ele>1283.5</ele>
      </trkpt>
      <trkpt lat="-36.704093646258116" lon="-70.7671616692096">
        <ele>1281.5</ele>
      </trkpt>
      <trkpt lat="-36.70444040559232" lon="-70.7670440711081">
        <ele>1278.5</ele>
      </trkpt>
      <trkpt lat="-36.70476729981601" lon="-70.76693259179592">
        <ele>1277.7</ele>
      </trkpt>
      <trkpt lat="-36.70508472248912" lon="-70.76683351770043">
        <ele>1276.5</ele>
      </trkpt>
      <trkpt lat="-36.70554497279227" lon="-70.76668205671012">
        <ele>1279.6</ele>
      </trkpt>
      <trkpt lat="-36.70579810626805" lon="-70.76658172532916">
        <ele>1278.7</ele>
      </trkpt>
      <trkpt lat="-36.70596926473081" lon="-70.76647938229144">
        <ele>1278.2</ele>
      </trkpt>
      <trkpt lat="-36.70639640651643" lon="-70.76606397517025">
        <ele>1279.6</ele>
      </trkpt>
      <trkpt lat="-36.70674601569772" lon="-70.76577404513955">
        <ele>1281.6</ele>
      </trkpt>
      <trkpt lat="-36.706807455047965" lon="-70.76570330187678">
        <ele>1281.2</ele>
      </trkpt>
      <trkpt lat="-36.70687459409237" lon="-70.76563222333789">
        <ele>1279.6</ele>
      </trkpt>
      <trkpt lat="-36.70691524632275" lon="-70.76560313813388">
        <ele>1279.7</ele>
      </trkpt>
      <trkpt lat="-36.70700300484896" lon="-70.76554756611586">
        <ele>1279.3</ele>
      </trkpt>
      <trkpt lat="-36.707101156935096" lon="-70.76550398021936">
        <ele>1278.9</ele>
      </trkpt>
      <trkpt lat="-36.707152370363474" lon="-70.76548880897462">
        <ele>1279.0</ele>
      </trkpt>
      <trkpt lat="-36.70774815604091" lon="-70.76531413011253">
        <ele>1281.7</ele>
      </trkpt>
      <trkpt lat="-36.70820698142052" lon="-70.7651689555496">
        <ele>1278.8</ele>
      </trkpt>
      <trkpt lat="-36.708377385511994" lon="-70.76510550454259">
        <ele>1277.0</ele>
      </trkpt>
      <trkpt lat="-36.70854368247092" lon="-70.76503191143274">
        <ele>1275.6</ele>
      </trkpt>
      <trkpt lat="-36.708847945556045" lon="-70.76485899277031">
        <ele>1276.8</ele>
      </trkpt>
      <trkpt lat="-36.709061013534665" lon="-70.76472077518702">
        <ele>1276.5</ele>
      </trkpt>
      <trkpt lat="-36.70940433628857" lon="-70.76446697115898">
        <ele>1274.8</ele>
      </trkpt>
      <trkpt lat="-36.70986944809556" lon="-70.76413873583078">
        <ele>1275.6</ele>
      </trkpt>
      <trkpt lat="-36.710375463590026" lon="-70.76388501562178">
        <ele>1276.6</ele>
      </trkpt>
      <trkpt lat="-36.710932441055775" lon="-70.76367613859475">
        <ele>1275.9</ele>
      </trkpt>
      <trkpt lat="-36.711492855101824" lon="-70.76348905451596">
        <ele>1275.7</ele>
      </trkpt>
      <trkpt lat="-36.71206726692617" lon="-70.76325997710228">
        <ele>1274.5</ele>
      </trkpt>
      <trkpt lat="-36.712597254663706" lon="-70.76304590329528">
        <ele>1272.2</ele>
      </trkpt>
      <trkpt lat="-36.712765814736485" lon="-70.76298614032567">
        <ele>1271.5</ele>
      </trkpt>
      <trkpt lat="-36.71331248246133" lon="-70.7628395408392">
        <ele>1268.5</ele>
      </trkpt>
      <trkpt lat="-36.713499734178185" lon="-70.7628165744245">
        <ele>1267.5</ele>
      </trkpt>
      <trkpt lat="-36.71368748880923" lon="-70.76280944980681">
        <ele>1266.7</ele>
      </trkpt>
      <trkpt lat="-36.713866190984845" lon="-70.76281900517642">
        <ele>1266.8</ele>
      </trkpt>
      <trkpt lat="-36.71411957591772" lon="-70.76286535710096">
        <ele>1267.8</ele>
      </trkpt>
      <trkpt lat="-36.71444236300886" lon="-70.76295395381749">
        <ele>1268.7</ele>
      </trkpt>
      <trkpt lat="-36.71466909348965" lon="-70.76303718611598">
        <ele>1268.2</ele>
      </trkpt>
      <trkpt lat="-36.715243589133024" lon="-70.76329970732331">
        <ele>1268.6</ele>
      </trkpt>
      <trkpt lat="-36.715649189427495" lon="-70.76352836564183">
        <ele>1268.8</ele>
      </trkpt>
      <trkpt lat="-36.71617574058473" lon="-70.76385777443647">
        <ele>1265.0</ele>
      </trkpt>
      <trkpt lat="-36.71667798422277" lon="-70.76419397257268">
        <ele>1267.7</ele>
      </trkpt>
      <trkpt lat="-36.71718567609787" lon="-70.76448909938335">
        <ele>1268.0</ele>
      </trkpt>
      <trkpt lat="-36.71772178262472" lon="-70.76470375992358">
        <ele>1267.4</ele>
      </trkpt>
      <trkpt lat="-36.71826057136059" lon="-70.76489168219268">
        <ele>1266.1</ele>
      </trkpt>
      <trkpt lat="-36.71868201345205" lon="-70.76507373712957">
        <ele>1265.0</ele>
      </trkpt>
      <trkpt lat="-36.71923597343266" lon="-70.76535721309483">
        <ele>1264.1</ele>
      </trkpt>
      <trkpt lat="-36.71979211270809" lon="-70.76560255140066">
        <ele>1266.9</ele>
      </trkpt>
      <trkpt lat="-36.71998707577586" lon="-70.76569827273488">
        <ele>1266.3</ele>
      </trkpt>
      <trkpt lat="-36.72030944377184" lon="-70.76586498878896">
        <ele>1265.0</ele>
      </trkpt>
      <trkpt lat="-36.72089827246964" lon="-70.76601728796959">
        <ele>1264.8</ele>
      </trkpt>
      <trkpt lat="-36.72145516611636" lon="-70.76604729518294">
        <ele>1264.0</ele>
      </trkpt>
      <trkpt lat="-36.72198900952935" lon="-70.76622993685305">
        <ele>1263.2</ele>
      </trkpt>
      <trkpt lat="-36.72249024733901" lon="-70.76657686382532">
        <ele>1264.1</ele>
      </trkpt>
      <trkpt lat="-36.72303859144449" lon="-70.76681499369442">
        <ele>1264.2</ele>
      </trkpt>
      <trkpt lat="-36.72358090057969" lon="-70.76685036532581">
        <ele>1263.6</ele>
      </trkpt>
      <trkpt lat="-36.72416243702173" lon="-70.76688238419592">
        <ele>1266.8</ele>
      </trkpt>
      <trkpt lat="-36.72455135732889" lon="-70.76687936671078">
        <ele>1267.0</ele>
      </trkpt>
      <trkpt lat="-36.724984869360924" lon="-70.76678180135787">
        <ele>1266.0</ele>
      </trkpt>
      <trkpt lat="-36.72515166923404" lon="-70.76674844138324">
        <ele>1267.4</ele>
      </trkpt>
      <trkpt lat="-36.72572247684002" lon="-70.76657795347273">
        <ele>1269.6</ele>
      </trkpt>
      <trkpt lat="-36.72621985897422" lon="-70.76621384359896">
        <ele>1269.1</ele>
      </trkpt>
      <trkpt lat="-36.72658204101026" lon="-70.76565426774323">
        <ele>1266.2</ele>
      </trkpt>
      <trkpt lat="-36.72685939818621" lon="-70.76517825946212">
        <ele>1263.6</ele>
      </trkpt>
      <trkpt lat="-36.72704539261758" lon="-70.76492076739669">
        <ele>1262.0</ele>
      </trkpt>
      <trkpt lat="-36.72714346088469" lon="-70.76482647098601">
        <ele>1261.9</ele>
      </trkpt>
      <trkpt lat="-36.727613266557455" lon="-70.76447803527117">
        <ele>1266.0</ele>
      </trkpt>
      <trkpt lat="-36.72791535034776" lon="-70.76432364061475">
        <ele>1264.3</ele>
      </trkpt>
      <trkpt lat="-36.72849856317043" lon="-70.76423420570791">
        <ele>1262.6</ele>
      </trkpt>
      <trkpt lat="-36.72909862361848" lon="-70.76420637778938">
        <ele>1266.9</ele>
      </trkpt>
      <trkpt lat="-36.729664988815784" lon="-70.76431567780674">
        <ele>1267.3</ele>
      </trkpt>
      <trkpt lat="-36.73021199181676" lon="-70.7645952142775">
        <ele>1266.1</ele>
      </trkpt>
      <trkpt lat="-36.730736531317234" lon="-70.76483602635562">
        <ele>1265.4</ele>
      </trkpt>
      <trkpt lat="-36.730883214622736" lon="-70.76495312154293">
        <ele>1264.5</ele>
      </trkpt>
      <trkpt lat="-36.73110097646713" lon="-70.7650392036885">
        <ele>1264.8</ele>
      </trkpt>
      <trkpt lat="-36.73129887320101" lon="-70.76507113873959">
        <ele>1265.9</ele>
      </trkpt>
      <trkpt lat="-36.731338603422046" lon="-70.76507046818733">
        <ele>1266.2</ele>
      </trkpt>
      <trkpt lat="-36.731570698320866" lon="-70.76507340185344">
        <ele>1268.3</ele>
      </trkpt>
      <trkpt lat="-36.7317417729646" lon="-70.76507256366313">
        <ele>1270.0</ele>
      </trkpt>
      <trkpt lat="-36.731994738802314" lon="-70.76506233774126">
        <ele>1270.8</ele>
      </trkpt>
      <trkpt lat="-36.7321284301579" lon="-70.76504959724844">
        <ele>1272.1</ele>
      </trkpt>
      <trkpt lat="-36.73227419145405" lon="-70.7650307379663">
        <ele>1273.4</ele>
      </trkpt>
      <trkpt lat="-36.732371840626" lon="-70.76502654701471">
        <ele>1274.7</ele>
      </trkpt>
      <trkpt lat="-36.732471166178584" lon="-70.7650376111269">
        <ele>1276.3</ele>
      </trkpt>
      <trkpt lat="-36.73260929994285" lon="-70.76503886841238">
        <ele>1277.4</ele>
      </trkpt>
      <trkpt lat="-36.732753217220306" lon="-70.76502746902406">
        <ele>1277.2</ele>
      </trkpt>
      <trkpt lat="-36.73290400765836" lon="-70.76501389034092">
        <ele>1277.3</ele>
      </trkpt>
      <trkpt lat="-36.73301741480827" lon="-70.76500567607582">
        <ele>1277.7</ele>
      </trkpt>
      <trkpt lat="-36.733121098950505" lon="-70.76503015123308">
        <ele>1278.5</ele>
      </trkpt>
      <trkpt lat="-36.73323417082429" lon="-70.76509351842105">
        <ele>1280.1</ele>
      </trkpt>
      <trkpt lat="-36.733313547447324" lon="-70.76519837602973">
        <ele>1282.6</ele>
      </trkpt>
      <trkpt lat="-36.7333459854126" lon="-70.76529753394425">
        <ele>1284.7</ele>
      </trkpt>
      <trkpt lat="-36.733358055353165" lon="-70.76537481509149">
        <ele>1285.6</ele>
      </trkpt>
      <trkpt lat="-36.73335302621126" lon="-70.7654797565192">
        <ele>1287.4</ele>
      </trkpt>
      <trkpt lat="-36.73334120772779" lon="-70.76555754058063">
        <ele>1288.7</ele>
      </trkpt>
      <trkpt lat="-36.733334669843316" lon="-70.76558327302337">
        <ele>1288.8</ele>
      </trkpt>
      <trkpt lat="-36.733309691771865" lon="-70.76565703377128">
        <ele>1289.6</ele>
      </trkpt>
      <trkpt lat="-36.73326451331377" lon="-70.76575233601034">
        <ele>1290.6</ele>
      </trkpt>
      <trkpt lat="-36.73321061767638" lon="-70.76588074676692">
        <ele>1291.4</ele>
      </trkpt>
      <trkpt lat="-36.733133336529136" lon="-70.76601108536124">
        <ele>1292.2</ele>
      </trkpt>
      <trkpt lat="-36.73305697739124" lon="-70.76614159159362">
        <ele>1294.8</ele>
      </trkpt>
      <trkpt lat="-36.732998387888074" lon="-70.76625005342066">
        <ele>1295.4</ele>
      </trkpt>
      <trkpt lat="-36.73290291801095" lon="-70.7664018496871">
        <ele>1296.1</ele>
      </trkpt>
      <trkpt lat="-36.73284390941262" lon="-70.76651265844703">
        <ele>1297.1</ele>
      </trkpt>
      <trkpt lat="-36.7327672149986" lon="-70.76664458960295">
        <ele>1298.6</ele>
      </trkpt>
      <trkpt lat="-36.73268842510879" lon="-70.76676713302732">
        <ele>1300.3</ele>
      </trkpt>
      <trkpt lat="-36.73261508345604" lon="-70.76687785796821">
        <ele>1300.9</ele>
      </trkpt>
      <trkpt lat="-36.73255708068609" lon="-70.76696855016053">
        <ele>1301.0</ele>
      </trkpt>
      <trkpt lat="-36.73251315951347" lon="-70.76703661121428">
        <ele>1301.0</ele>
      </trkpt>
      <trkpt lat="-36.732455575838685" lon="-70.76713107526302">
        <ele>1301.4</ele>
      </trkpt>
      <trkpt lat="-36.73239966854453" lon="-70.76721992343664">
        <ele>1301.8</ele>
      </trkpt>
      <trkpt lat="-36.73235574737191" lon="-70.7672861404717">
        <ele>1302.4</ele>
      </trkpt>
      <trkpt lat="-36.732301181182265" lon="-70.76738554984331">
        <ele>1303.2</ele>
      </trkpt>
      <trkpt lat="-36.73223555088043" lon="-70.76751748099923">
        <ele>1304.8</ele>
      </trkpt>
      <trkpt lat="-36.7321783863008" lon="-70.767662236467">
        <ele>1306.6</ele>
      </trkpt>
      <trkpt lat="-36.73212222754955" lon="-70.7678416930139">
        <ele>1308.8</ele>
      </trkpt>
      <trkpt lat="-36.732098925858736" lon="-70.76796423643827">
        <ele>1310.1</ele>
      </trkpt>
      <trkpt lat="-36.73208258114755" lon="-70.7680887915194">
        <ele>1311.1</ele>
      </trkpt>
      <trkpt lat="-36.73207763582468" lon="-70.76821275986731">
        <ele>1312.7</ele>
      </trkpt>
      <trkpt lat="-36.73208978958428" lon="-70.76833471655846">
        <ele>1314.2</ele>
      </trkpt>
      <trkpt lat="-36.73214293085039" lon="-70.76848324388266">
        <ele>1316.8</ele>
      </trkpt>
      <trkpt lat="-36.73220705240965" lon="-70.7685536518693">
        <ele>1319.1</ele>
      </trkpt>
      <trkpt lat="-36.732290871441364" lon="-70.76859002932906">
        <ele>1321.3</ele>
      </trkpt>
      <trkpt lat="-36.73241525888443" lon="-70.76858810149133">
        <ele>1322.3</ele>
      </trkpt>
      <trkpt lat="-36.732614329084754" lon="-70.76846321113408">
        <ele>1322.4</ele>
      </trkpt>
      <trkpt lat="-36.73265531659126" lon="-70.76843119226396">
        <ele>1322.4</ele>
      </trkpt>
      <trkpt lat="-36.73278674483299" lon="-70.76833739876747">
        <ele>1322.3</ele>
      </trkpt>
      <trkpt lat="-36.73319083638489" lon="-70.76785610988736">
        <ele>1319.6</ele>
      </trkpt>
      <trkpt lat="-36.733324779197574" lon="-70.76770322397351">
        <ele>1319.3</ele>
      </trkpt>
      <trkpt lat="-36.733554946258664" lon="-70.76744732446969">
        <ele>1318.7</ele>
      </trkpt>
      <trkpt lat="-36.733845295384526" lon="-70.76712554320693">
        <ele>1318.1</ele>
      </trkpt>
      <trkpt lat="-36.73405174165964" lon="-70.7669737469405">
        <ele>1318.9</ele>
      </trkpt>
      <trkpt lat="-36.73410605639219" lon="-70.76693284325302">
        <ele>1319.4</ele>
      </trkpt>
      <trkpt lat="-36.734497994184494" lon="-70.76663293875754">
        <ele>1322.5</ele>
      </trkpt>
      <trkpt lat="-36.73473721370101" lon="-70.76646119356155">
        <ele>1322.0</ele>
      </trkpt>
      <trkpt lat="-36.734992107376456" lon="-70.76632356271148">
        <ele>1319.8</ele>
      </trkpt>
      <trkpt lat="-36.73526091501117" lon="-70.76627511531115">
        <ele>1319.7</ele>
      </trkpt>
      <trkpt lat="-36.73547985032201" lon="-70.76627301983535">
        <ele>1319.8</ele>
      </trkpt>
      <trkpt lat="-36.73576768487692" lon="-70.7662705052644">
        <ele>1320.6</ele>
      </trkpt>
      <trkpt lat="-36.73606155440211" lon="-70.76626589521766">
        <ele>1320.0</ele>
      </trkpt>
      <trkpt lat="-36.736279567703605" lon="-70.7662620395422">
        <ele>1319.6</ele>
      </trkpt>
      <trkpt lat="-36.736423233523965" lon="-70.7662657275796">
        <ele>1319.1</ele>
      </trkpt>
      <trkpt lat="-36.736570838838816" lon="-70.76626715250313">
        <ele>1318.5</ele>
      </trkpt>
      <trkpt lat="-36.736879628151655" lon="-70.76626396737993">
        <ele>1316.5</ele>
      </trkpt>
      <trkpt lat="-36.73725614324212" lon="-70.76623387634754">
        <ele>1312.6</ele>
      </trkpt>
      <trkpt lat="-36.73733677715063" lon="-70.76623077504337">
        <ele>1312.3</ele>
      </trkpt>
      <trkpt lat="-36.737741036340594" lon="-70.76619297266006">
        <ele>1313.3</ele>
      </trkpt>
      <trkpt lat="-36.73828518949449" lon="-70.76614703983068">
        <ele>1314.1</ele>
      </trkpt>
      <trkpt lat="-36.73886722885072" lon="-70.76610018499196">
        <ele>1314.8</ele>
      </trkpt>
      <trkpt lat="-36.739000249654055" lon="-70.76609255746007">
        <ele>1315.0</ele>
      </trkpt>
      <trkpt lat="-36.73954079858959" lon="-70.76606749556959">
        <ele>1315.3</ele>
      </trkpt>
      <trkpt lat="-36.74014748074114" lon="-70.76604377478361">
        <ele>1318.4</ele>
      </trkpt>
      <trkpt lat="-36.74047378823161" lon="-70.76605173759162">
        <ele>1319.5</ele>
      </trkpt>
      <trkpt lat="-36.741065215319395" lon="-70.7661063876003">
        <ele>1318.3</ele>
      </trkpt>
      <trkpt lat="-36.74160107038915" lon="-70.7661650609225">
        <ele>1317.7</ele>
      </trkpt>
      <trkpt lat="-36.742147738114" lon="-70.76621375977993">
        <ele>1315.9</ele>
      </trkpt>
      <trkpt lat="-36.742687448859215" lon="-70.76626111753285">
        <ele>1314.6</ele>
      </trkpt>
      <trkpt lat="-36.74322967417538" lon="-70.7663172762841">
        <ele>1314.3</ele>
      </trkpt>
      <trkpt lat="-36.74377583898604" lon="-70.76633160933852">
        <ele>1314.1</ele>
      </trkpt>
      <trkpt lat="-36.74433005042374" lon="-70.76619221828878">
        <ele>1314.7</ele>
      </trkpt>
      <trkpt lat="-36.74454789608717" lon="-70.7661166973412">
        <ele>1312.7</ele>
      </trkpt>
      <trkpt lat="-36.74510361626744" lon="-70.76591167598963">
        <ele>1315.1</ele>
      </trkpt>
      <trkpt lat="-36.745651541277766" lon="-70.7657815888524">
        <ele>1315.7</ele>
      </trkpt>
      <trkpt lat="-36.7457206081599" lon="-70.76577421277761">
        <ele>1315.9</ele>
      </trkpt>
      <trkpt lat="-36.74627180211246" lon="-70.76572719030082">
        <ele>1314.7</ele>
      </trkpt>
      <trkpt lat="-36.74681771546602" lon="-70.76574143953621">
        <ele>1312.7</ele>
      </trkpt>
      <trkpt lat="-36.747374860569835" lon="-70.765730291605">
        <ele>1315.0</ele>
      </trkpt>
      <trkpt lat="-36.74780032597482" lon="-70.7657281961292">
        <ele>1314.5</ele>
      </trkpt>
      <trkpt lat="-36.74834439530969" lon="-70.76575376093388">
        <ele>1313.9</ele>
      </trkpt>
      <trkpt lat="-36.74889676272869" lon="-70.76572207733989">
        <ele>1315.1</ele>
      </trkpt>
      <trkpt lat="-36.7491105850786" lon="-70.76574814505875">
        <ele>1315.9</ele>
      </trkpt>
      <trkpt lat="-36.749673848971725" lon="-70.7659026235342">
        <ele>1313.8</ele>
      </trkpt>
      <trkpt lat="-36.75023660995066" lon="-70.76602290384471">
        <ele>1313.6</ele>
      </trkpt>
      <trkpt lat="-36.75079802982509" lon="-70.76611409895122">
        <ele>1312.7</ele>
      </trkpt>
      <trkpt lat="-36.75123296678066" lon="-70.76619406230748">
        <ele>1310.7</ele>
      </trkpt>
      <trkpt lat="-36.75179539248347" lon="-70.76633001677692">
        <ele>1311.6</ele>
      </trkpt>
      <trkpt lat="-36.75209077075124" lon="-70.76640956103802">
        <ele>1311.0</ele>
      </trkpt>
      <trkpt lat="-36.75266459584236" lon="-70.76661491766572">
        <ele>1311.2</ele>
      </trkpt>
      <trkpt lat="-36.75273768603802" lon="-70.76664165593684">
        <ele>1311.0</ele>
      </trkpt>
      <trkpt lat="-36.75310967490077" lon="-70.76671533286572">
        <ele>1308.0</ele>
      </trkpt>
      <trkpt lat="-36.75346934236586" lon="-70.76673335395753">
        <ele>1306.6</ele>
      </trkpt>
      <trkpt lat="-36.75383638590574" lon="-70.76667476445436">
        <ele>1306.1</ele>
      </trkpt>
      <trkpt lat="-36.75426428206265" lon="-70.76654450967908">
        <ele>1303.6</ele>
      </trkpt>
      <trkpt lat="-36.754539124667645" lon="-70.76650880277157">
        <ele>1301.9</ele>
      </trkpt>
      <trkpt lat="-36.754737105220556" lon="-70.76648809947073">
        <ele>1300.1</ele>
      </trkpt>
      <trkpt lat="-36.75483928062022" lon="-70.76645926572382">
        <ele>1299.1</ele>
      </trkpt>
      <trkpt lat="-36.75493810325861" lon="-70.76641676947474">
        <ele>1298.3</ele>
      </trkpt>
      <trkpt lat="-36.75512443296611" lon="-70.76630495488644">
        <ele>1295.7</ele>
      </trkpt>
      <trkpt lat="-36.7552116047591" lon="-70.76623320579529">
        <ele>1294.3</ele>
      </trkpt>
      <trkpt lat="-36.75529693253338" lon="-70.76615047641098">
        <ele>1292.6</ele>
      </trkpt>
      <trkpt lat="-36.75538125447929" lon="-70.76605777256191">
        <ele>1290.7</ele>
      </trkpt>
      <trkpt lat="-36.75546582788229" lon="-70.76595559716225">
        <ele>1289.3</ele>
      </trkpt>
      <trkpt lat="-36.75565106794238" lon="-70.76575158163905">
        <ele>1284.6</ele>
      </trkpt>
      <trkpt lat="-36.75593689084053" lon="-70.76544027775526">
        <ele>1281.0</ele>
      </trkpt>
      <trkpt lat="-36.75612741149962" lon="-70.76524732634425">
        <ele>1278.8</ele>
      </trkpt>
      <trkpt lat="-36.75622916780412" lon="-70.76516384258866">
        <ele>1277.7</ele>
      </trkpt>
      <trkpt lat="-36.75633670762181" lon="-70.76508664526045">
        <ele>1276.9</ele>
      </trkpt>
      <trkpt lat="-36.75644843839109" lon="-70.76501271687448">
        <ele>1276.1</ele>
      </trkpt>
      <trkpt lat="-36.756562516093254" lon="-70.76493660919368">
        <ele>1276.3</ele>
      </trkpt>
      <trkpt lat="-36.756678353995085" lon="-70.76485337689519">
        <ele>1276.3</ele>
      </trkpt>
      <trkpt lat="-36.75679234787822" lon="-70.7647648639977">
        <ele>1276.7</ele>
      </trkpt>
      <trkpt lat="-36.756900642067194" lon="-70.76467031612992">
        <ele>1277.6</ele>
      </trkpt>
      <trkpt lat="-36.75700357183814" lon="-70.76456663198769">
        <ele>1278.0</ele>
      </trkpt>
      <trkpt lat="-36.75719509832561" lon="-70.76433881185949">
        <ele>1274.6</ele>
      </trkpt>
      <trkpt lat="-36.75728436559439" lon="-70.76421392150223">
        <ele>1271.8</ele>
      </trkpt>
      <trkpt lat="-36.757368268445134" lon="-70.7640829961747">
        <ele>1269.7</ele>
      </trkpt>
      <trkpt lat="-36.75744781270623" lon="-70.76394972391427">
        <ele>1268.2</ele>
      </trkpt>
      <trkpt lat="-36.75752626731992" lon="-70.76382382772863">
        <ele>1267.4</ele>
      </trkpt>
      <trkpt lat="-36.757606314495206" lon="-70.76370472088456">
        <ele>1266.4</ele>
      </trkpt>
      <trkpt lat="-36.75769365392625" lon="-70.76359458267689">
        <ele>1265.2</ele>
      </trkpt>
      <trkpt lat="-36.75778635777533" lon="-70.76349106617272">
        <ele>1263.4</ele>
      </trkpt>
      <trkpt lat="-36.757882330566645" lon="-70.76338704675436">
        <ele>1261.1</ele>
      </trkpt>
      <trkpt lat="-36.7579829134047" lon="-70.76328177005053">
        <ele>1260.1</ele>
      </trkpt>
      <trkpt lat="-36.758183408528566" lon="-70.76305713504553">
        <ele>1254.8</ele>
      </trkpt>
      <trkpt lat="-36.75847677513957" lon="-70.76266913674772">
        <ele>1253.1</ele>
      </trkpt>
      <trkpt lat="-36.75857048481703" lon="-70.76254206709564">
        <ele>1252.1</ele>
      </trkpt>
      <trkpt lat="-36.75866595469415" lon="-70.7624217029661">
        <ele>1251.7</ele>
      </trkpt>
      <trkpt lat="-36.75876075401902" lon="-70.76230737380683">
        <ele>1250.9</ele>
      </trkpt>
      <trkpt lat="-36.75885245203972" lon="-70.76219069771469">
        <ele>1249.7</ele>
      </trkpt>
      <trkpt lat="-36.75894197076559" lon="-70.76207519508898">
        <ele>1248.1</ele>
      </trkpt>
      <trkpt lat="-36.759031154215336" lon="-70.76196564361453">
        <ele>1247.0</ele>
      </trkpt>
      <trkpt lat="-36.75912159495056" lon="-70.76186740770936">
        <ele>1246.6</ele>
      </trkpt>
      <trkpt lat="-36.75930608063936" lon="-70.76170957647264">
        <ele>1246.3</ele>
      </trkpt>
      <trkpt lat="-36.759390318766236" lon="-70.76163405552506">
        <ele>1246.3</ele>
      </trkpt>
      <trkpt lat="-36.75955309532583" lon="-70.76148988679051">
        <ele>1247.3</ele>
      </trkpt>
      <trkpt lat="-36.759711345657706" lon="-70.7613556087017">
        <ele>1246.5</ele>
      </trkpt>
      <trkpt lat="-36.76014485768974" lon="-70.76100591570139">
        <ele>1245.4</ele>
      </trkpt>
      <trkpt lat="-36.76048398949206" lon="-70.76073031872511">
        <ele>1244.2</ele>
      </trkpt>
      <trkpt lat="-36.76094038411975" lon="-70.76037702150643">
        <ele>1244.6</ele>
      </trkpt>
      <trkpt lat="-36.76119050011039" lon="-70.7601866684854">
        <ele>1245.3</ele>
      </trkpt>
      <trkpt lat="-36.76153323613107" lon="-70.75990461744368">
        <ele>1244.9</ele>
      </trkpt>
      <trkpt lat="-36.76199667155743" lon="-70.75955693610013">
        <ele>1244.9</ele>
      </trkpt>
      <trkpt lat="-36.762504782527685" lon="-70.75915762223303">
        <ele>1242.7</ele>
      </trkpt>
      <trkpt lat="-36.76296629011631" lon="-70.75879971496761">
        <ele>1242.6</ele>
      </trkpt>
      <trkpt lat="-36.76342704333365" lon="-70.75843677856028">
        <ele>1240.9</ele>
      </trkpt>
      <trkpt lat="-36.76390967331827" lon="-70.75806638225913">
        <ele>1240.8</ele>
      </trkpt>
      <trkpt lat="-36.764031210914254" lon="-70.757976192981">
        <ele>1240.2</ele>
      </trkpt>
      <trkpt lat="-36.76443790085614" lon="-70.75763882137835">
        <ele>1240.0</ele>
      </trkpt>
      <trkpt lat="-36.76472925581038" lon="-70.75741175562143">
        <ele>1239.4</ele>
      </trkpt>
      <trkpt lat="-36.76507752388716" lon="-70.75718837790191">
        <ele>1240.0</ele>
      </trkpt>
      <trkpt lat="-36.7654447350651" lon="-70.75696583837271">
        <ele>1241.0</ele>
      </trkpt>
      <trkpt lat="-36.765955444425344" lon="-70.75665822252631">
        <ele>1239.5</ele>
      </trkpt>
      <trkpt lat="-36.766430363059044" lon="-70.75638237409294">
        <ele>1238.7</ele>
      </trkpt>
      <trkpt lat="-36.76694408990443" lon="-70.75611767359078">
        <ele>1240.8</ele>
      </trkpt>
      <trkpt lat="-36.76746938377619" lon="-70.7558468542993">
        <ele>1238.6</ele>
      </trkpt>
      <trkpt lat="-36.76798989996314" lon="-70.75557762756944">
        <ele>1239.7</ele>
      </trkpt>
      <trkpt lat="-36.76848828792572" lon="-70.75526297092438">
        <ele>1240.3</ele>
      </trkpt>
      <trkpt lat="-36.76898365840316" lon="-70.75491461902857">
        <ele>1240.9</ele>
      </trkpt>
      <trkpt lat="-36.76947148516774" lon="-70.75456760823727">
        <ele>1238.6</ele>
      </trkpt>
      <trkpt lat="-36.77002209238708" lon="-70.75429217889905">
        <ele>1237.8</ele>
      </trkpt>
      <trkpt lat="-36.770521150901914" lon="-70.75397031381726">
        <ele>1239.3</ele>
      </trkpt>
      <trkpt lat="-36.771004032343626" lon="-70.75355649925768">
        <ele>1238.4</ele>
      </trkpt>
      <trkpt lat="-36.771452045068145" lon="-70.75309205800295">
        <ele>1240.7</ele>
      </trkpt>
      <trkpt lat="-36.77188136614859" lon="-70.7526785787195">
        <ele>1241.9</ele>
      </trkpt>
      <trkpt lat="-36.77193014882505" lon="-70.75263323262334">
        <ele>1242.2</ele>
      </trkpt>
      <trkpt lat="-36.772381933405995" lon="-70.75220424681902">
        <ele>1241.6</ele>
      </trkpt>
      <trkpt lat="-36.77283556200564" lon="-70.75175455771387">
        <ele>1241.1</ele>
      </trkpt>
      <trkpt lat="-36.773292208090425" lon="-70.75126773677766">
        <ele>1239.2</ele>
      </trkpt>
      <trkpt lat="-36.773724630475044" lon="-70.75083849951625">
        <ele>1241.7</ele>
      </trkpt>
      <trkpt lat="-36.77398497238755" lon="-70.7506856136024">
        <ele>1241.9</ele>
      </trkpt>
      <trkpt lat="-36.77419560961425" lon="-70.750613193959">
        <ele>1240.8</ele>
      </trkpt>
      <trkpt lat="-36.77431798540056" lon="-70.75056441128254">
        <ele>1241.6</ele>
      </trkpt>
      <trkpt lat="-36.77443784661591" lon="-70.75050976127386">
        <ele>1242.7</ele>
      </trkpt>
      <trkpt lat="-36.77456642501056" lon="-70.7504556979984">
        <ele>1243.9</ele>
      </trkpt>
      <trkpt lat="-36.77481276914477" lon="-70.75036559253931">
        <ele>1246.2</ele>
      </trkpt>
      <trkpt lat="-36.775386929512024" lon="-70.75015210546553">
        <ele>1242.9</ele>
      </trkpt>
      <trkpt lat="-36.77590384148061" lon="-70.749939288944">
        <ele>1240.1</ele>
      </trkpt>
      <trkpt lat="-36.77602931857109" lon="-70.74988564476371">
        <ele>1241.1</ele>
      </trkpt>
      <trkpt lat="-36.77654807455838" lon="-70.74965338222682">
        <ele>1247.2</ele>
      </trkpt>
      <trkpt lat="-36.77665335126221" lon="-70.74960853904486">
        <ele>1248.4</ele>
      </trkpt>
      <trkpt lat="-36.77675301209092" lon="-70.74956713244319">
        <ele>1249.7</ele>
      </trkpt>
      <trkpt lat="-36.77684932015836" lon="-70.74952480383217">
        <ele>1251.0</ele>
      </trkpt>
      <trkpt lat="-36.77694462239742" lon="-70.74948163703084">
        <ele>1252.1</ele>
      </trkpt>
      <trkpt lat="-36.77706724964082" lon="-70.74942464008927">
        <ele>1253.7</ele>
      </trkpt>
      <trkpt lat="-36.77718937397003" lon="-70.7493676431477">
        <ele>1255.6</ele>
      </trkpt>
      <trkpt lat="-36.77730554714799" lon="-70.7493160944432">
        <ele>1257.3</ele>
      </trkpt>
      <trkpt lat="-36.777388360351324" lon="-70.74927435256541">
        <ele>1257.6</ele>
      </trkpt>
      <trkpt lat="-36.77750118076801" lon="-70.74922230094671">
        <ele>1258.5</ele>
      </trkpt>
      <trkpt lat="-36.777585837990046" lon="-70.74918198399246">
        <ele>1259.1</ele>
      </trkpt>
      <trkpt lat="-36.77767015993595" lon="-70.74914493598044">
        <ele>1259.3</ele>
      </trkpt>
      <trkpt lat="-36.777757331728935" lon="-70.74911057017744">
        <ele>1259.9</ele>
      </trkpt>
      <trkpt lat="-36.777842324227095" lon="-70.74907695874572">
        <ele>1261.0</ele>
      </trkpt>
      <trkpt lat="-36.777926646173" lon="-70.7490417547524">
        <ele>1262.5</ele>
      </trkpt>
      <trkpt lat="-36.77803016267717" lon="-70.74898249469697">
        <ele>1263.5</ele>
      </trkpt>
      <trkpt lat="-36.77812948822975" lon="-70.7489273417741">
        <ele>1264.2</ele>
      </trkpt>
      <trkpt lat="-36.778247924521565" lon="-70.74885567650199">
        <ele>1265.9</ele>
      </trkpt>
      <trkpt lat="-36.77835890091956" lon="-70.74879323132336">
        <ele>1267.7</ele>
      </trkpt>
      <trkpt lat="-36.7784224357456" lon="-70.74874201789498">
        <ele>1268.6</ele>
      </trkpt>
      <trkpt lat="-36.77850072272122" lon="-70.74866557493806">
        <ele>1270.0</ele>
      </trkpt>
      <trkpt lat="-36.77853735163808" lon="-70.74862299486995">
        <ele>1270.1</ele>
      </trkpt>
      <trkpt lat="-36.778557635843754" lon="-70.7486032973975">
        <ele>1270.4</ele>
      </trkpt>
      <trkpt lat="-36.77863458171487" lon="-70.74852802790701">
        <ele>1271.8</ele>
      </trkpt>
      <trkpt lat="-36.778715550899506" lon="-70.74841604568064">
        <ele>1273.4</ele>
      </trkpt>
      <trkpt lat="-36.77873047068715" lon="-70.74839324690402">
        <ele>1273.3</ele>
      </trkpt>
      <trkpt lat="-36.77879040129483" lon="-70.74831143952906">
        <ele>1274.3</ele>
      </trkpt>
      <trkpt lat="-36.7788487393409" lon="-70.74823323637247">
        <ele>1275.3</ele>
      </trkpt>
      <trkpt lat="-36.77889509126544" lon="-70.74817858636379">
        <ele>1276.4</ele>
      </trkpt>
      <trkpt lat="-36.77893800660968" lon="-70.74812167324126">
        <ele>1277.0</ele>
      </trkpt>
      <trkpt lat="-36.77898637019098" lon="-70.74807045981288">
        <ele>1277.4</ele>
      </trkpt>
      <trkpt lat="-36.77907303906977" lon="-70.74797004461288">
        <ele>1277.3</ele>
      </trkpt>
      <trkpt lat="-36.77916565909982" lon="-70.74785361997783">
        <ele>1277.2</ele>
      </trkpt>
      <trkpt lat="-36.77929197438061" lon="-70.74768011458218">
        <ele>1276.9</ele>
      </trkpt>
      <trkpt lat="-36.77934603765607" lon="-70.74761188589036">
        <ele>1277.3</ele>
      </trkpt>
      <trkpt lat="-36.77944536320865" lon="-70.74754332192242">
        <ele>1279.0</ele>
      </trkpt>
      <trkpt lat="-36.77951334044337" lon="-70.74744768440723">
        <ele>1280.2</ele>
      </trkpt>
      <trkpt lat="-36.77965306676924" lon="-70.74726386927068">
        <ele>1283.2</ele>
      </trkpt>
      <trkpt lat="-36.779807126149535" lon="-70.74705390259624">
        <ele>1286.6</ele>
      </trkpt>
      <trkpt lat="-36.779971243813634" lon="-70.74681443162262">
        <ele>1286.7</ele>
      </trkpt>
      <trkpt lat="-36.78031263872981" lon="-70.74625183828175">
        <ele>1285.8</ele>
      </trkpt>
      <trkpt lat="-36.7806654330343" lon="-70.74568312615156">
        <ele>1290.3</ele>
      </trkpt>
      <trkpt lat="-36.78078889846802" lon="-70.7455135602504">
        <ele>1292.1</ele>
      </trkpt>
      <trkpt lat="-36.780922170728445" lon="-70.74533653445542">
        <ele>1294.0</ele>
      </trkpt>
      <trkpt lat="-36.78097128868103" lon="-70.74527978897095">
        <ele>1294.0</ele>
      </trkpt>
      <trkpt lat="-36.78114001639187" lon="-70.74510200880468">
        <ele>1293.9</ele>
      </trkpt>
      <trkpt lat="-36.781577384099364" lon="-70.74466363526881">
        <ele>1291.1</ele>
      </trkpt>
      <trkpt lat="-36.781766563653946" lon="-70.74448367580771">
        <ele>1291.0</ele>
      </trkpt>
      <trkpt lat="-36.7818880174309" lon="-70.74434897862375">
        <ele>1291.3</ele>
      </trkpt>
      <trkpt lat="-36.782354386523366" lon="-70.7439299672842">
        <ele>1294.7</ele>
      </trkpt>
      <trkpt lat="-36.782488161697984" lon="-70.74382008053362">
        <ele>1294.1</ele>
      </trkpt>
      <trkpt lat="-36.78269075229764" lon="-70.7436656858772">
        <ele>1293.2</ele>
      </trkpt>
      <trkpt lat="-36.78304078057408" lon="-70.7434399612248">
        <ele>1291.0</ele>
      </trkpt>
      <trkpt lat="-36.783461552113295" lon="-70.74309169314802">
        <ele>1289.9</ele>
      </trkpt>
      <trkpt lat="-36.78396983072162" lon="-70.74268550612032">
        <ele>1289.0</ele>
      </trkpt>
      <trkpt lat="-36.78443226031959" lon="-70.74231829494238">
        <ele>1289.9</ele>
      </trkpt>
      <trkpt lat="-36.78474582731724" lon="-70.74207128025591">
        <ele>1290.0</ele>
      </trkpt>
      <trkpt lat="-36.7851207498461" lon="-70.74177640490234">
        <ele>1289.4</ele>
      </trkpt>
      <trkpt lat="-36.785600278526545" lon="-70.74139695614576">
        <ele>1288.3</ele>
      </trkpt>
      <trkpt lat="-36.785860285162926" lon="-70.74119143188">
        <ele>1288.0</ele>
      </trkpt>
      <trkpt lat="-36.78631994873285" lon="-70.74083738029003">
        <ele>1286.8</ele>
      </trkpt>
      <trkpt lat="-36.78669864311814" lon="-70.74054661206901">
        <ele>1286.6</ele>
      </trkpt>
      <trkpt lat="-36.78719208575785" lon="-70.74013967067003">
        <ele>1280.3</ele>
      </trkpt>
      <trkpt lat="-36.78736458532512" lon="-70.73998326435685">
        <ele>1280.2</ele>
      </trkpt>
      <trkpt lat="-36.787882670760155" lon="-70.73956090025604">
        <ele>1283.8</ele>
      </trkpt>
      <trkpt lat="-36.788359601050615" lon="-70.73917449451983">
        <ele>1282.8</ele>
      </trkpt>
      <trkpt lat="-36.78886980749667" lon="-70.73876596055925">
        <ele>1282.0</ele>
      </trkpt>
      <trkpt lat="-36.78928538225591" lon="-70.73841190896928">
        <ele>1278.0</ele>
      </trkpt>
      <trkpt lat="-36.78936291486025" lon="-70.7383400760591">
        <ele>1277.6</ele>
      </trkpt>
      <trkpt lat="-36.789509765803814" lon="-70.73818710632622">
        <ele>1277.9</ele>
      </trkpt>
      <trkpt lat="-36.789645636454225" lon="-70.73802382685244">
        <ele>1277.3</ele>
      </trkpt>
      <trkpt lat="-36.789767341688275" lon="-70.73783556930721">
        <ele>1276.8</ele>
      </trkpt>
      <trkpt lat="-36.78998636081815" lon="-70.73741647414863">
        <ele>1274.3</ele>
      </trkpt>
      <trkpt lat="-36.79026011377573" lon="-70.73678146116436">
        <ele>1273.8</ele>
      </trkpt>
      <trkpt lat="-36.79039095528424" lon="-70.73645917698741">
        <ele>1273.0</ele>
      </trkpt>
      <trkpt lat="-36.79051358252764" lon="-70.73625993914902">
        <ele>1271.1</ele>
      </trkpt>
      <trkpt lat="-36.79066118784249" lon="-70.73607109487057">
        <ele>1269.8</ele>
      </trkpt>
      <trkpt lat="-36.79081910289824" lon="-70.73588979430497">
        <ele>1267.2</ele>
      </trkpt>
      <trkpt lat="-36.79096679203212" lon="-70.73570706881583">
        <ele>1265.4</ele>
      </trkpt>
      <trkpt lat="-36.7910251300782" lon="-70.7356121018529">
        <ele>1264.3</ele>
      </trkpt>
      <trkpt lat="-36.791101321578026" lon="-70.73538981378078">
        <ele>1262.0</ele>
      </trkpt>
      <trkpt lat="-36.791131999343634" lon="-70.73526869527996">
        <ele>1260.4</ele>
      </trkpt>
      <trkpt lat="-36.791164856404066" lon="-70.73514522984624">
        <ele>1259.0</ele>
      </trkpt>
      <trkpt lat="-36.79120173677802" lon="-70.73502687737346">
        <ele>1257.8</ele>
      </trkpt>
      <trkpt lat="-36.79124657995999" lon="-70.73490609414876">
        <ele>1257.4</ele>
      </trkpt>
      <trkpt lat="-36.79135269485414" lon="-70.7346496079117">
        <ele>1254.0</ele>
      </trkpt>
      <trkpt lat="-36.79140969179571" lon="-70.7345237955451">
        <ele>1253.6</ele>
      </trkpt>
      <trkpt lat="-36.79147331044078" lon="-70.73441047221422">
        <ele>1252.1</ele>
      </trkpt>
      <trkpt lat="-36.79162778891623" lon="-70.73422112502158">
        <ele>1249.5</ele>
      </trkpt>
      <trkpt lat="-36.791729209944606" lon="-70.73415323160589">
        <ele>1248.7</ele>
      </trkpt>
      <trkpt lat="-36.79184027016163" lon="-70.73409967124462">
        <ele>1247.6</ele>
      </trkpt>
      <trkpt lat="-36.79195661097765" lon="-70.73405893519521">
        <ele>1247.0</ele>
      </trkpt>
      <trkpt lat="-36.79207546636462" lon="-70.73402700014412">
        <ele>1246.7</ele>
      </trkpt>
      <trkpt lat="-36.79219658486545" lon="-70.7340005133301">
        <ele>1245.2</ele>
      </trkpt>
      <trkpt lat="-36.79245072416961" lon="-70.73391837067902">
        <ele>1240.8</ele>
      </trkpt>
      <trkpt lat="-36.7925791349262" lon="-70.73386615142226">
        <ele>1238.0</ele>
      </trkpt>
      <trkpt lat="-36.792704528197646" lon="-70.73380462825298">
        <ele>1235.9</ele>
      </trkpt>
      <trkpt lat="-36.79282690398395" lon="-70.73373053222895">
        <ele>1233.8</ele>
      </trkpt>
      <trkpt lat="-36.792949279770255" lon="-70.73364914394915">
        <ele>1231.4</ele>
      </trkpt>
      <trkpt lat="-36.793074337765574" lon="-70.73356775566936">
        <ele>1229.7</ele>
      </trkpt>
      <trkpt lat="-36.79320056922734" lon="-70.73349500074983">
        <ele>1228.7</ele>
      </trkpt>
      <trkpt lat="-36.79333006963134" lon="-70.73343691416085">
        <ele>1227.7</ele>
      </trkpt>
      <trkpt lat="-36.793463844805956" lon="-70.73338964022696">
        <ele>1227.2</ele>
      </trkpt>
      <trkpt lat="-36.79360005073249" lon="-70.73335217311978">
        <ele>1227.6</ele>
      </trkpt>
      <trkpt lat="-36.79373558610678" lon="-70.7333257701248">
        <ele>1227.6</ele>
      </trkpt>
      <trkpt lat="-36.79386919364333" lon="-70.73329978622496">
        <ele>1227.8</ele>
      </trkpt>
      <trkpt lat="-36.79399944841862" lon="-70.73327698744833">
        <ele>1228.2</ele>
      </trkpt>
      <trkpt lat="-36.794126434251666" lon="-70.73325460776687">
        <ele>1229.6</ele>
      </trkpt>
      <trkpt lat="-36.79424973204732" lon="-70.73323323391378">
        <ele>1229.2</ele>
      </trkpt>
      <trkpt lat="-36.794369174167514" lon="-70.7332132011652">
        <ele>1230.0</ele>
      </trkpt>
      <trkpt lat="-36.79448517970741" lon="-70.73319316841662">
        <ele>1229.8</ele>
      </trkpt>
      <trkpt lat="-36.79470419883728" lon="-70.73315033689141">
        <ele>1231.5</ele>
      </trkpt>
      <trkpt lat="-36.794995218515396" lon="-70.73308839462698">
        <ele>1235.4</ele>
      </trkpt>
      <trkpt lat="-36.79515665397048" lon="-70.73304070159793">
        <ele>1235.9</ele>
      </trkpt>
      <trkpt lat="-36.79529587738216" lon="-70.73299921117723">
        <ele>1236.2</ele>
      </trkpt>
      <trkpt lat="-36.795419258996844" lon="-70.73296040296555">
        <ele>1236.4</ele>
      </trkpt>
      <trkpt lat="-36.79553576745093" lon="-70.73293433524668">
        <ele>1237.0</ele>
      </trkpt>
      <trkpt lat="-36.79559058509767" lon="-70.7329179905355">
        <ele>1237.2</ele>
      </trkpt>
      <trkpt lat="-36.795694520697" lon="-70.73287918232381">
        <ele>1238.3</ele>
      </trkpt>
      <trkpt lat="-36.79579292424023" lon="-70.73283886536956">
        <ele>1238.8</ele>
      </trkpt>
      <trkpt lat="-36.79592854343355" lon="-70.73277717456222">
        <ele>1239.8</ele>
      </trkpt>
      <trkpt lat="-36.79605636745691" lon="-70.73272311128676">
        <ele>1241.7</ele>
      </trkpt>
      <trkpt lat="-36.7962209880352" lon="-70.73264289647341">
        <ele>1242.3</ele>
      </trkpt>
      <trkpt lat="-36.79633716121316" lon="-70.73257374577224">
        <ele>1240.0</ele>
      </trkpt>
      <trkpt lat="-36.79646221920848" lon="-70.73250920511782">
        <ele>1238.8</ele>
      </trkpt>
      <trkpt lat="-36.796891540288925" lon="-70.73224743828177">
        <ele>1238.9</ele>
      </trkpt>
      <trkpt lat="-36.79703872650862" lon="-70.73214249685407">
        <ele>1238.7</ele>
      </trkpt>
      <trkpt lat="-36.79748833179474" lon="-70.73168794624507">
        <ele>1229.1</ele>
      </trkpt>
      <trkpt lat="-36.797729982063174" lon="-70.73145073838532">
        <ele>1224.7</ele>
      </trkpt>
      <trkpt lat="-36.79786182940006" lon="-70.73132400400937">
        <ele>1223.2</ele>
      </trkpt>
      <trkpt lat="-36.7979980353266" lon="-70.73118888773024">
        <ele>1221.5</ele>
      </trkpt>
      <trkpt lat="-36.798199955374" lon="-70.73099048808217">
        <ele>1222.7</ele>
      </trkpt>
      <trkpt lat="-36.798333479091525" lon="-70.730863166973">
        <ele>1223.4</ele>
      </trkpt>
      <trkpt lat="-36.79846993647516" lon="-70.73074615560472">
        <ele>1224.5</ele>
      </trkpt>
      <trkpt lat="-36.79881954565644" lon="-70.73046997189522">
        <ele>1222.7</ele>
      </trkpt>
      <trkpt lat="-36.79913856089115" lon="-70.73020258918405">
        <ele>1220.3</ele>
      </trkpt>
      <trkpt lat="-36.799665531143546" lon="-70.72986278682947">
        <ele>1221.6</ele>
      </trkpt>
      <trkpt lat="-36.80024614557624" lon="-70.7297180313617">
        <ele>1224.9</ele>
      </trkpt>
      <trkpt lat="-36.80060581304133" lon="-70.72972322814167">
        <ele>1227.5</ele>
      </trkpt>
      <trkpt lat="-36.80119506083429" lon="-70.72978190146387">
        <ele>1220.9</ele>
      </trkpt>
      <trkpt lat="-36.80178984068334" lon="-70.72970042936504">
        <ele>1217.5</ele>
      </trkpt>
      <trkpt lat="-36.80186251178384" lon="-70.72966975159943">
        <ele>1217.2</ele>
      </trkpt>
      <trkpt lat="-36.80212972685695" lon="-70.72913196869195">
        <ele>1219.6</ele>
      </trkpt>
      <trkpt lat="-36.80210893973708" lon="-70.72897707112134">
        <ele>1220.3</ele>
      </trkpt>
      <trkpt lat="-36.80199050344527" lon="-70.72825111448765">
        <ele>1223.1</ele>
      </trkpt>
      <trkpt lat="-36.80197734385729" lon="-70.72816670872271">
        <ele>1223.3</ele>
      </trkpt>
      <trkpt lat="-36.80187961086631" lon="-70.7274729385972">
        <ele>1223.5</ele>
      </trkpt>
      <trkpt lat="-36.801878018304706" lon="-70.72738694027066">
        <ele>1223.2</ele>
      </trkpt>
      <trkpt lat="-36.8021409586072" lon="-70.72683532722294">
        <ele>1222.6</ele>
      </trkpt>
      <trkpt lat="-36.802539601922035" lon="-70.7263748254627">
        <ele>1222.5</ele>
      </trkpt>
      <trkpt lat="-36.80296062491834" lon="-70.7258774433285">
        <ele>1222.6</ele>
      </trkpt>
      <trkpt lat="-36.80300194770098" lon="-70.72582983411849">
        <ele>1222.8</ele>
      </trkpt>
      <trkpt lat="-36.80343168787658" lon="-70.72533186525106">
        <ele>1224.0</ele>
      </trkpt>
      <trkpt lat="-36.80356395430863" lon="-70.7251762971282">
        <ele>1223.9</ele>
      </trkpt>
      <trkpt lat="-36.80397978052497" lon="-70.72469433769584">
        <ele>1223.4</ele>
      </trkpt>
      <trkpt lat="-36.80438730865717" lon="-70.72420475073159">
        <ele>1222.5</ele>
      </trkpt>
      <trkpt lat="-36.80480497889221" lon="-70.7237621024251">
        <ele>1226.5</ele>
      </trkpt>
      <trkpt lat="-36.80508476682007" lon="-70.72358088567853">
        <ele>1229.9</ele>
      </trkpt>
      <trkpt lat="-36.80533689446747" lon="-70.72348667308688">
        <ele>1232.1</ele>
      </trkpt>
      <trkpt lat="-36.80588507093489" lon="-70.72333412244916">
        <ele>1230.3</ele>
      </trkpt>
      <trkpt lat="-36.80599554441869" lon="-70.72330981492996">
        <ele>1230.7</ele>
      </trkpt>
      <trkpt lat="-36.80655545555055" lon="-70.72316899895668">
        <ele>1231.2</ele>
      </trkpt>
      <trkpt lat="-36.80672879330814" lon="-70.72312046773732">
        <ele>1231.7</ele>
      </trkpt>
      <trkpt lat="-36.806976813822985" lon="-70.72302851825953">
        <ele>1237.8</ele>
      </trkpt>
      <trkpt lat="-36.807162975892425" lon="-70.72290270589292">
        <ele>1237.2</ele>
      </trkpt>
      <trkpt lat="-36.80726892314851" lon="-70.72281151078641">
        <ele>1237.4</ele>
      </trkpt>
      <trkpt lat="-36.807383922860026" lon="-70.72272978723049">
        <ele>1237.3</ele>
      </trkpt>
      <trkpt lat="-36.807601349428296" lon="-70.72254127822816">
        <ele>1237.0</ele>
      </trkpt>
      <trkpt lat="-36.80776664055884" lon="-70.72233349084854">
        <ele>1238.8</ele>
      </trkpt>
      <trkpt lat="-36.8080638628453" lon="-70.7217677962035">
        <ele>1238.7</ele>
      </trkpt>
      <trkpt lat="-36.808134857565165" lon="-70.72136789560318">
        <ele>1239.2</ele>
      </trkpt>
      <trkpt lat="-36.8080810457468" lon="-70.72068301029503">
        <ele>1238.8</ele>
      </trkpt>
      <trkpt lat="-36.80806344375014" lon="-70.72054982185364">
        <ele>1238.6</ele>
      </trkpt>
      <trkpt lat="-36.80799278430641" lon="-70.72000868618488">
        <ele>1236.5</ele>
      </trkpt>
      <trkpt lat="-36.80791290476918" lon="-70.7197180017829">
        <ele>1233.2</ele>
      </trkpt>
      <trkpt lat="-36.80784207768738" lon="-70.71928842924535">
        <ele>1231.1</ele>
      </trkpt>
      <trkpt lat="-36.8078394792974" lon="-70.71899497881532">
        <ele>1229.4</ele>
      </trkpt>
      <trkpt lat="-36.80785917676985" lon="-70.71867177262902">
        <ele>1227.9</ele>
      </trkpt>
      <trkpt lat="-36.80787711404264" lon="-70.71845174767077">
        <ele>1227.1</ele>
      </trkpt>
      <trkpt lat="-36.80788935162127" lon="-70.71823499165475">
        <ele>1225.4</ele>
      </trkpt>
      <trkpt lat="-36.80790829472244" lon="-70.71799971163273">
        <ele>1222.8</ele>
      </trkpt>
      <trkpt lat="-36.807944839820266" lon="-70.71774951182306">
        <ele>1219.2</ele>
      </trkpt>
      <trkpt lat="-36.80799890309572" lon="-70.7174832187593">
        <ele>1217.9</ele>
      </trkpt>
      <trkpt lat="-36.8080675508827" lon="-70.71720686741173">
        <ele>1219.0</ele>
      </trkpt>
      <trkpt lat="-36.80814013816416" lon="-70.71693764068186">
        <ele>1220.7</ele>
      </trkpt>
      <trkpt lat="-36.808173917233944" lon="-70.71680872701108">
        <ele>1221.4</ele>
      </trkpt>
      <trkpt lat="-36.80820643901825" lon="-70.71668492630124">
        <ele>1221.4</ele>
      </trkpt>
      <trkpt lat="-36.80827525444329" lon="-70.71645266376436">
        <ele>1218.5</ele>
      </trkpt>
      <trkpt lat="-36.80830995552242" lon="-70.7163436152041">
        <ele>1216.5</ele>
      </trkpt>
      <trkpt lat="-36.8084127176553" lon="-70.71603306569159">
        <ele>1213.2</ele>
      </trkpt>
      <trkpt lat="-36.80851053446531" lon="-70.71574011817575">
        <ele>1216.6</ele>
      </trkpt>
      <trkpt lat="-36.80872293189168" lon="-70.71509596891701">
        <ele>1221.0</ele>
      </trkpt>
      <trkpt lat="-36.80886617861688" lon="-70.714665139094">
        <ele>1220.2</ele>
      </trkpt>
      <trkpt lat="-36.80902233347297" lon="-70.71422886103392">
        <ele>1216.9</ele>
      </trkpt>
      <trkpt lat="-36.80915929377079" lon="-70.71386391296983">
        <ele>1214.4</ele>
      </trkpt>
      <trkpt lat="-36.80929667316377" lon="-70.71348102763295">
        <ele>1212.8</ele>
      </trkpt>
      <trkpt lat="-36.809420976787806" lon="-70.71309378370643">
        <ele>1213.0</ele>
      </trkpt>
      <trkpt lat="-36.80959431454539" lon="-70.7124837487936">
        <ele>1211.8</ele>
      </trkpt>
      <trkpt lat="-36.809682324528694" lon="-70.7121507357806">
        <ele>1213.9</ele>
      </trkpt>
      <trkpt lat="-36.80980872362852" lon="-70.71164757013321">
        <ele>1215.5</ele>
      </trkpt>
      <trkpt lat="-36.80996948853135" lon="-70.71097911335528">
        <ele>1215.9</ele>
      </trkpt>
      <trkpt lat="-36.810135282576084" lon="-70.7103078905493">
        <ele>1215.2</ele>
      </trkpt>
      <trkpt lat="-36.81031105108559" lon="-70.70961328223348">
        <ele>1215.3</ele>
      </trkpt>
      <trkpt lat="-36.81045756675303" lon="-70.7091994676739">
        <ele>1212.5</ele>
      </trkpt>
      <trkpt lat="-36.8107320740819" lon="-70.7085657119751">
        <ele>1210.2</ele>
      </trkpt>
      <trkpt lat="-36.810765685513616" lon="-70.70848834700882">
        <ele>1210.2</ele>
      </trkpt>
      <trkpt lat="-36.811010520905256" lon="-70.70785752497613">
        <ele>1210.6</ele>
      </trkpt>
      <trkpt lat="-36.811224007979035" lon="-70.70722888223827">
        <ele>1207.3</ele>
      </trkpt>
      <trkpt lat="-36.81142223998904" lon="-70.70657425560057">
        <ele>1208.8</ele>
      </trkpt>
      <trkpt lat="-36.81162047199905" lon="-70.70590579882264">
        <ele>1206.6</ele>
      </trkpt>
      <trkpt lat="-36.811780566349626" lon="-70.70538679137826">
        <ele>1205.2</ele>
      </trkpt>
      <trkpt lat="-36.81189129129052" lon="-70.70503651164472">
        <ele>1205.0</ele>
      </trkpt>
      <trkpt lat="-36.81194401346147" lon="-70.70486350916326">
        <ele>1205.7</ele>
      </trkpt>
      <trkpt lat="-36.81199782527983" lon="-70.70468899793923">
        <ele>1206.5</ele>
      </trkpt>
      <trkpt lat="-36.812221286818385" lon="-70.70398148149252">
        <ele>1203.1</ele>
      </trkpt>
      <trkpt lat="-36.81235724128783" lon="-70.70353606715798">
        <ele>1201.4</ele>
      </trkpt>
      <trkpt lat="-36.81255714967847" lon="-70.70285956375301">
        <ele>1201.0</ele>
      </trkpt>
      <trkpt lat="-36.81257936172187" lon="-70.70277658291161">
        <ele>1200.8</ele>
      </trkpt>
      <trkpt lat="-36.81278295814991" lon="-70.70211566984653">
        <ele>1204.8</ele>
      </trkpt>
      <trkpt lat="-36.8128455709666" lon="-70.70189178921282">
        <ele>1205.1</ele>
      </trkpt>
      <trkpt lat="-36.81292025372386" lon="-70.70162239484489">
        <ele>1206.0</ele>
      </trkpt>
      <trkpt lat="-36.812950847670436" lon="-70.70152223110199">
        <ele>1206.8</ele>
      </trkpt>
      <trkpt lat="-36.81300331838429" lon="-70.7013229932636">
        <ele>1206.9</ele>
      </trkpt>
      <trkpt lat="-36.813031900674105" lon="-70.70122526027262">
        <ele>1206.5</ele>
      </trkpt>
      <trkpt lat="-36.81307322345674" lon="-70.70107698440552">
        <ele>1207.4</ele>
      </trkpt>
      <trkpt lat="-36.81314296089113" lon="-70.70083340629935">
        <ele>1209.2</ele>
      </trkpt>
      <trkpt lat="-36.81318738497794" lon="-70.70068772882223">
        <ele>1212.6</ele>
      </trkpt>
      <trkpt lat="-36.81326785124838" lon="-70.70039654150605">
        <ele>1214.1</ele>
      </trkpt>
      <trkpt lat="-36.81333817541599" lon="-70.70015128701925">
        <ele>1213.3</ele>
      </trkpt>
      <trkpt lat="-36.813422832638025" lon="-70.6999106425792">
        <ele>1211.9</ele>
      </trkpt>
      <trkpt lat="-36.81349500082433" lon="-70.69976697675884">
        <ele>1212.2</ele>
      </trkpt>
      <trkpt lat="-36.81366590783" lon="-70.69953387603164">
        <ele>1211.9</ele>
      </trkpt>
      <trkpt lat="-36.814148370176554" lon="-70.6991233304143">
        <ele>1214.8</ele>
      </trkpt>
      <trkpt lat="-36.81467676535249" lon="-70.69879802875221">
        <ele>1211.8</ele>
      </trkpt>
      <trkpt lat="-36.81513315998018" lon="-70.6985432188958">
        <ele>1205.6</ele>
      </trkpt>
      <trkpt lat="-36.81564546190202" lon="-70.69828882813454">
        <ele>1206.8</ele>
      </trkpt>
      <trkpt lat="-36.8160645570606" lon="-70.69813233800232">
        <ele>1214.1</ele>
      </trkpt>
      <trkpt lat="-36.81664668023586" lon="-70.69801851175725">
        <ele>1213.1</ele>
      </trkpt>
      <trkpt lat="-36.81685572490096" lon="-70.69800292141736">
        <ele>1212.4</ele>
      </trkpt>
      <trkpt lat="-36.81700081564486" lon="-70.69799621589482">
        <ele>1212.6</ele>
      </trkpt>
      <trkpt lat="-36.817213129252195" lon="-70.6979885045439">
        <ele>1211.8</ele>
      </trkpt>
      <trkpt lat="-36.8177274428308" lon="-70.69797894917428">
        <ele>1210.2</ele>
      </trkpt>
      <trkpt lat="-36.81793908588588" lon="-70.69796210154891">
        <ele>1209.9</ele>
      </trkpt>
      <trkpt lat="-36.81806154549122" lon="-70.6979520432651">
        <ele>1210.1</ele>
      </trkpt>
      <trkpt lat="-36.81818090379238" lon="-70.69794022478163">
        <ele>1210.6</ele>
      </trkpt>
      <trkpt lat="-36.81829531677067" lon="-70.69792999885976">
        <ele>1212.0</ele>
      </trkpt>
      <trkpt lat="-36.81844853796065" lon="-70.69792237132788">
        <ele>1213.8</ele>
      </trkpt>
      <trkpt lat="-36.81852540001273" lon="-70.69792262278497">
        <ele>1214.8</ele>
      </trkpt>
      <trkpt lat="-36.81863637641072" lon="-70.69793452508748">
        <ele>1216.6</ele>
      </trkpt>
      <trkpt lat="-36.818671664223075" lon="-70.697943829">
        <ele>1217.3</ele>
      </trkpt>
      <trkpt lat="-36.818809965625405" lon="-70.69800183176994">
        <ele>1218.8</ele>
      </trkpt>
      <trkpt lat="-36.81894885376096" lon="-70.69806318730116">
        <ele>1220.1</ele>
      </trkpt>
      <trkpt lat="-36.8191019911319" lon="-70.69814817979932">
        <ele>1220.7</ele>
      </trkpt>
      <trkpt lat="-36.819212129339576" lon="-70.6982392910868">
        <ele>1221.2</ele>
      </trkpt>
      <trkpt lat="-36.81930793449283" lon="-70.69835051894188">
        <ele>1221.9</ele>
      </trkpt>
      <trkpt lat="-36.81937272660434" lon="-70.69844028912485">
        <ele>1222.1</ele>
      </trkpt>
      <trkpt lat="-36.819452438503504" lon="-70.69856123998761">
        <ele>1222.1</ele>
      </trkpt>
      <trkpt lat="-36.81953030638397" lon="-70.69868386723101">
        <ele>1222.2</ele>
      </trkpt>
      <trkpt lat="-36.819608425721526" lon="-70.69880423136055">
        <ele>1223.4</ele>
      </trkpt>
      <trkpt lat="-36.81967841461301" lon="-70.69898343645036">
        <ele>1225.5</ele>
      </trkpt>
      <trkpt lat="-36.81975577957928" lon="-70.69911712780595">
        <ele>1227.5</ele>
      </trkpt>
      <trkpt lat="-36.819847729057074" lon="-70.69927487522364">
        <ele>1229.2</ele>
      </trkpt>
      <trkpt lat="-36.8199204839766" lon="-70.69940697401762">
        <ele>1230.2</ele>
      </trkpt>
      <trkpt lat="-36.820009499788284" lon="-70.69958006031811">
        <ele>1231.1</ele>
      </trkpt>
      <trkpt lat="-36.82008342817426" lon="-70.69984777830541">
        <ele>1232.9</ele>
      </trkpt>
      <trkpt lat="-36.82010279037058" lon="-70.69996001198888">
        <ele>1233.8</ele>
      </trkpt>
      <trkpt lat="-36.82014469988644" lon="-70.70013293065131">
        <ele>1234.2</ele>
      </trkpt>
      <trkpt lat="-36.82013925164938" lon="-70.7008258625865">
        <ele>1235.7</ele>
      </trkpt>
      <trkpt lat="-36.8201987631619" lon="-70.70115217007697">
        <ele>1237.8</ele>
      </trkpt>
      <trkpt lat="-36.82025793939829" lon="-70.70129306986928">
        <ele>1238.7</ele>
      </trkpt>
      <trkpt lat="-36.82037738151848" lon="-70.70148786529899">
        <ele>1239.8</ele>
      </trkpt>
      <trkpt lat="-36.82080955244601" lon="-70.70191509090364">
        <ele>1240.0</ele>
      </trkpt>
      <trkpt lat="-36.82114449329674" lon="-70.70231440477073">
        <ele>1238.3</ele>
      </trkpt>
      <trkpt lat="-36.82123434729874" lon="-70.702508026734">
        <ele>1237.4</ele>
      </trkpt>
      <trkpt lat="-36.82129570282996" lon="-70.70281622931361">
        <ele>1238.7</ele>
      </trkpt>
      <trkpt lat="-36.821290170773864" lon="-70.70315427146852">
        <ele>1242.4</ele>
      </trkpt>
      <trkpt lat="-36.82129587046802" lon="-70.70324454456568">
        <ele>1242.4</ele>
      </trkpt>
      <trkpt lat="-36.821470549330115" lon="-70.70385147817433">
        <ele>1234.7</ele>
      </trkpt>
      <trkpt lat="-36.82153249159455" lon="-70.70402640849352">
        <ele>1233.1</ele>
      </trkpt>
      <trkpt lat="-36.82164807803929" lon="-70.7042724173516">
        <ele>1231.6</ele>
      </trkpt>
      <trkpt lat="-36.8218098487705" lon="-70.70457232184708">
        <ele>1233.0</ele>
      </trkpt>
      <trkpt lat="-36.82212014682591" lon="-70.70512427017093">
        <ele>1232.0</ele>
      </trkpt>
      <trkpt lat="-36.82230672799051" lon="-70.70555987767875">
        <ele>1229.2</ele>
      </trkpt>
      <trkpt lat="-36.822232799604535" lon="-70.70609556511045">
        <ele>1227.7</ele>
      </trkpt>
      <trkpt lat="-36.82213908992708" lon="-70.70638046599925">
        <ele>1226.8</ele>
      </trkpt>
      <trkpt lat="-36.822127187624574" lon="-70.70648213848472">
        <ele>1226.1</ele>
      </trkpt>
      <trkpt lat="-36.82226289063692" lon="-70.70687307044864">
        <ele>1221.5</ele>
      </trkpt>
      <trkpt lat="-36.822444358840585" lon="-70.70699309930205">
        <ele>1218.2</ele>
      </trkpt>
      <trkpt lat="-36.82264753617346" lon="-70.70707792416215">
        <ele>1214.8</ele>
      </trkpt>
      <trkpt lat="-36.82275230996311" lon="-70.70711857639253">
        <ele>1213.3</ele>
      </trkpt>
      <trkpt lat="-36.822953056544065" lon="-70.70718839764595">
        <ele>1211.3</ele>
      </trkpt>
      <trkpt lat="-36.82304718531668" lon="-70.70721966214478">
        <ele>1211.2</ele>
      </trkpt>
      <trkpt lat="-36.823137877509" lon="-70.70725025609136">
        <ele>1210.9</ele>
      </trkpt>
      <trkpt lat="-36.823226222768426" lon="-70.70727984420955">
        <ele>1210.7</ele>
      </trkpt>
      <trkpt lat="-36.82339654304087" lon="-70.70733667351305">
        <ele>1210.3</ele>
      </trkpt>
      <trkpt lat="-36.82363349944353" lon="-70.70741663686931">
        <ele>1210.0</ele>
      </trkpt>
      <trkpt lat="-36.82408461347222" lon="-70.70757832378149">
        <ele>1211.7</ele>
      </trkpt>
      <trkpt lat="-36.82458191178739" lon="-70.70782206952572">
        <ele>1215.5</ele>
      </trkpt>
      <trkpt lat="-36.824825406074524" lon="-70.70799029432237">
        <ele>1217.1</ele>
      </trkpt>
      <trkpt lat="-36.82500519789755" lon="-70.70812080055475">
        <ele>1218.1</ele>
      </trkpt>
      <trkpt lat="-36.825131345540285" lon="-70.70819539949298">
        <ele>1218.9</ele>
      </trkpt>
      <trkpt lat="-36.82528247125447" lon="-70.70824795402586">
        <ele>1220.9</ele>
      </trkpt>
      <trkpt lat="-36.82539051398635" lon="-70.70825566537678">
        <ele>1222.6</ele>
      </trkpt>
      <trkpt lat="-36.82542630471289" lon="-70.7082580961287">
        <ele>1222.9</ele>
      </trkpt>
      <trkpt lat="-36.825528563931584" lon="-70.70826899260283">
        <ele>1223.5</ele>
      </trkpt>
      <trkpt lat="-36.825655130669475" lon="-70.70826270617545">
        <ele>1224.4</ele>
      </trkpt>
      <trkpt lat="-36.82580784894526" lon="-70.70823269896209">
        <ele>1224.7</ele>
      </trkpt>
      <trkpt lat="-36.8259593937546" lon="-70.70819447748363">
        <ele>1225.3</ele>
      </trkpt>
      <trkpt lat="-36.82611177675426" lon="-70.70815860293806">
        <ele>1226.2</ele>
      </trkpt>
      <trkpt lat="-36.826222920790315" lon="-70.70813965983689">
        <ele>1226.8</ele>
      </trkpt>
      <trkpt lat="-36.826330879703164" lon="-70.7081235665828">
        <ele>1228.3</ele>
      </trkpt>
      <trkpt lat="-36.82645962573588" lon="-70.70810152217746">
        <ele>1230.1</ele>
      </trkpt>
      <trkpt lat="-36.826535649597645" lon="-70.70807788521051">
        <ele>1230.7</ele>
      </trkpt>
      <trkpt lat="-36.826605051755905" lon="-70.70803161710501">
        <ele>1231.7</ele>
      </trkpt>
      <trkpt lat="-36.826672023162246" lon="-70.70795584470034">
        <ele>1232.9</ele>
      </trkpt>
      <trkpt lat="-36.826706137508154" lon="-70.70783958770335">
        <ele>1234.8</ele>
      </trkpt>
      <trkpt lat="-36.826697923243046" lon="-70.70774680003524">
        <ele>1236.3</ele>
      </trkpt>
      <trkpt lat="-36.82667680084705" lon="-70.70767438039184">
        <ele>1237.7</ele>
      </trkpt>
      <trkpt lat="-36.826652409508824" lon="-70.70759986527264">
        <ele>1238.9</ele>
      </trkpt>
      <trkpt lat="-36.82661737315357" lon="-70.70752711035311">
        <ele>1239.9</ele>
      </trkpt>
      <trkpt lat="-36.82658711448312" lon="-70.70745812729001">
        <ele>1240.8</ele>
      </trkpt>
      <trkpt lat="-36.826558196917176" lon="-70.70738906040788">
        <ele>1241.7</ele>
      </trkpt>
      <trkpt lat="-36.82651285082102" lon="-70.70727271959186">
        <ele>1243.2</ele>
      </trkpt>
      <trkpt lat="-36.82648720219731" lon="-70.70720239542425">
        <ele>1243.9</ele>
      </trkpt>
      <trkpt lat="-36.826443281024694" lon="-70.70706032216549">
        <ele>1245.4</ele>
      </trkpt>
      <trkpt lat="-36.8264240026474" lon="-70.7069873996079">
        <ele>1246.1</ele>
      </trkpt>
      <trkpt lat="-36.82640941813588" lon="-70.70689796470106">
        <ele>1246.9</ele>
      </trkpt>
      <trkpt lat="-36.82640505954623" lon="-70.70678606629372">
        <ele>1248.0</ele>
      </trkpt>
      <trkpt lat="-36.82641461491585" lon="-70.70669763721526">
        <ele>1248.9</ele>
      </trkpt>
      <trkpt lat="-36.82644344866276" lon="-70.70655799470842">
        <ele>1250.0</ele>
      </trkpt>
      <trkpt lat="-36.82648217305541" lon="-70.70646663196385">
        <ele>1250.8</ele>
      </trkpt>
      <trkpt lat="-36.826530704274774" lon="-70.70637644268572">
        <ele>1252.0</ele>
      </trkpt>
      <trkpt lat="-36.826585521921515" lon="-70.70628575049341">
        <ele>1253.2</ele>
      </trkpt>
      <trkpt lat="-36.82668006978929" lon="-70.70616756565869">
        <ele>1254.2</ele>
      </trkpt>
      <trkpt lat="-36.826787274330854" lon="-70.70606061257422">
        <ele>1255.5</ele>
      </trkpt>
      <trkpt lat="-36.82688022963703" lon="-70.70597905665636">
        <ele>1256.8</ele>
      </trkpt>
      <trkpt lat="-36.82695616967976" lon="-70.70591468364">
        <ele>1257.9</ele>
      </trkpt>
      <trkpt lat="-36.82705398648977" lon="-70.70584863424301">
        <ele>1259.1</ele>
      </trkpt>
      <trkpt lat="-36.827111737802625" lon="-70.70580907166004">
        <ele>1260.1</ele>
      </trkpt>
      <trkpt lat="-36.827207459136844" lon="-70.70573514327407">
        <ele>1261.6</ele>
      </trkpt>
      <trkpt lat="-36.827276945114136" lon="-70.70566892623901">
        <ele>1262.6</ele>
      </trkpt>
      <trkpt lat="-36.82735280133784" lon="-70.70556750521064">
        <ele>1263.5</ele>
      </trkpt>
      <trkpt lat="-36.827410804107785" lon="-70.7054741308093">
        <ele>1264.4</ele>
      </trkpt>
      <trkpt lat="-36.82746788486838" lon="-70.7053742185235">
        <ele>1265.3</ele>
      </trkpt>
      <trkpt lat="-36.827573999762535" lon="-70.70520741865039">
        <ele>1266.6</ele>
      </trkpt>
      <trkpt lat="-36.82764692232013" lon="-70.70509216748178">
        <ele>1267.8</ele>
      </trkpt>
      <trkpt lat="-36.82770769111812" lon="-70.70496660657227">
        <ele>1268.4</ele>
      </trkpt>
      <trkpt lat="-36.828155452385545" lon="-70.70454080589116">
        <ele>1270.3</ele>
      </trkpt>
      <trkpt lat="-36.82836533524096" lon="-70.70427250117064">
        <ele>1272.4</ele>
      </trkpt>
      <trkpt lat="-36.82842392474413" lon="-70.70419941097498">
        <ele>1273.0</ele>
      </trkpt>
      <trkpt lat="-36.8286466319114" lon="-70.7038855087012">
        <ele>1274.6</ele>
      </trkpt>
      <trkpt lat="-36.82869893498719" lon="-70.70371393114328">
        <ele>1275.0</ele>
      </trkpt>
      <trkpt lat="-36.8286947440356" lon="-70.70341008715332">
        <ele>1275.9</ele>
      </trkpt>
      <trkpt lat="-36.8286291975528" lon="-70.7032107654959">
        <ele>1277.4</ele>
      </trkpt>
      <trkpt lat="-36.828499948605895" lon="-70.70301764644682">
        <ele>1278.5</ele>
      </trkpt>
      <trkpt lat="-36.82842233218253" lon="-70.70288177579641">
        <ele>1279.5</ele>
      </trkpt>
      <trkpt lat="-36.828397354111075" lon="-70.70273509249091">
        <ele>1280.9</ele>
      </trkpt>
      <trkpt lat="-36.82839810848236" lon="-70.70266334339976">
        <ele>1281.8</ele>
      </trkpt>
      <trkpt lat="-36.82843658141792" lon="-70.70253568701446">
        <ele>1283.3</ele>
      </trkpt>
      <trkpt lat="-36.828501457348466" lon="-70.70243887603283">
        <ele>1285.4</ele>
      </trkpt>
      <trkpt lat="-36.82859944179654" lon="-70.70236964151263">
        <ele>1286.7</ele>
      </trkpt>
      <trkpt lat="-36.8287050537765" lon="-70.70233418606222">
        <ele>1287.3</ele>
      </trkpt>
      <trkpt lat="-36.82880940847099" lon="-70.70230283774436">
        <ele>1288.2</ele>
      </trkpt>
      <trkpt lat="-36.828934382647276" lon="-70.70229562930763">
        <ele>1288.6</ele>
      </trkpt>
      <trkpt lat="-36.82904167100787" lon="-70.7022056914866">
        <ele>1290.2</ele>
      </trkpt>
      <trkpt lat="-36.8290953990072" lon="-70.70213394239545">
        <ele>1291.6</ele>
      </trkpt>
      <trkpt lat="-36.829181062057614" lon="-70.70200754329562">
        <ele>1292.2</ele>
      </trkpt>
      <trkpt lat="-36.829294888302684" lon="-70.70182615891099">
        <ele>1293.8</ele>
      </trkpt>
      <trkpt lat="-36.82938834652305" lon="-70.70162021555007">
        <ele>1295.6</ele>
      </trkpt>
      <trkpt lat="-36.8294495344162" lon="-70.7015079818666">
        <ele>1296.6</ele>
      </trkpt>
      <trkpt lat="-36.82947761379182" lon="-70.70145308040082">
        <ele>1297.1</ele>
      </trkpt>
      <trkpt lat="-36.82955179363489" lon="-70.70133648812771">
        <ele>1299.0</ele>
      </trkpt>
      <trkpt lat="-36.8296136520803" lon="-70.701252669096">
        <ele>1301.0</ele>
      </trkpt>
      <trkpt lat="-36.82966033928096" lon="-70.70119550451636">
        <ele>1302.3</ele>
      </trkpt>
      <trkpt lat="-36.82974482886493" lon="-70.70110648870468">
        <ele>1304.5</ele>
      </trkpt>
      <trkpt lat="-36.8297965452075" lon="-70.70105804130435">
        <ele>1305.5</ele>
      </trkpt>
      <trkpt lat="-36.82984792627394" lon="-70.70100909098983">
        <ele>1306.7</ele>
      </trkpt>
      <trkpt lat="-36.82991087436676" lon="-70.7009572070092">
        <ele>1308.0</ele>
      </trkpt>
      <trkpt lat="-36.829990334808826" lon="-70.7008948456496">
        <ele>1309.9</ele>
      </trkpt>
      <trkpt lat="-36.83007591404021" lon="-70.70083885453641">
        <ele>1311.8</ele>
      </trkpt>
      <trkpt lat="-36.830127630382776" lon="-70.70080381818116">
        <ele>1312.7</ele>
      </trkpt>
      <trkpt lat="-36.83021538890898" lon="-70.70073978044093">
        <ele>1314.1</ele>
      </trkpt>
      <trkpt lat="-36.830296190455556" lon="-70.70066903717816">
        <ele>1314.6</ele>
      </trkpt>
      <trkpt lat="-36.83035838417709" lon="-70.70060642436147">
        <ele>1315.1</ele>
      </trkpt>
      <trkpt lat="-36.83043432421982" lon="-70.70051589980721">
        <ele>1316.6</ele>
      </trkpt>
      <trkpt lat="-36.8305323086679" lon="-70.7003869023174">
        <ele>1317.9</ele>
      </trkpt>
      <trkpt lat="-36.83067932724953" lon="-70.70016930811107">
        <ele>1318.9</ele>
      </trkpt>
      <trkpt lat="-36.83074252679944" lon="-70.70007526315749">
        <ele>1319.8</ele>
      </trkpt>
      <trkpt lat="-36.830841433256865" lon="-70.6999193597585">
        <ele>1320.3</ele>
      </trkpt>
      <trkpt lat="-36.83091980405152" lon="-70.6997962296009">
        <ele>1320.0</ele>
      </trkpt>
      <trkpt lat="-36.83096741326153" lon="-70.6997116561979">
        <ele>1320.9</ele>
      </trkpt>
      <trkpt lat="-36.83099071495235" lon="-70.69963881745934">
        <ele>1321.4</ele>
      </trkpt>
      <trkpt lat="-36.83099800720811" lon="-70.69943899288774">
        <ele>1323.0</ele>
      </trkpt>
      <trkpt lat="-36.83100588619709" lon="-70.69931879639626">
        <ele>1324.1</ele>
      </trkpt>
      <trkpt lat="-36.8310104124248" lon="-70.69921645335853">
        <ele>1325.2</ele>
      </trkpt>
      <trkpt lat="-36.831011921167374" lon="-70.69911394268274">
        <ele>1327.2</ele>
      </trkpt>
      <trkpt lat="-36.83101024478674" lon="-70.69900774396956">
        <ele>1328.7</ele>
      </trkpt>
      <trkpt lat="-36.83101678267121" lon="-70.6988796684891">
        <ele>1330.5</ele>
      </trkpt>
      <trkpt lat="-36.831025164574385" lon="-70.69880062714219">
        <ele>1332.1</ele>
      </trkpt>
      <trkpt lat="-36.83103706687689" lon="-70.6987020559609">
        <ele>1333.5</ele>
      </trkpt>
      <trkpt lat="-36.8310484662652" lon="-70.69862837903202">
        <ele>1334.6</ele>
      </trkpt>
      <trkpt lat="-36.831077970564365" lon="-70.69850457832217">
        <ele>1336.6</ele>
      </trkpt>
      <trkpt lat="-36.83111200109124" lon="-70.69838563911617">
        <ele>1337.3</ele>
      </trkpt>
      <trkpt lat="-36.83114066720009" lon="-70.69828849285841">
        <ele>1339.3</ele>
      </trkpt>
      <trkpt lat="-36.831173272803426" lon="-70.69817391224205">
        <ele>1340.6</ele>
      </trkpt>
      <trkpt lat="-36.831250973045826" lon="-70.69793234579265">
        <ele>1344.2</ele>
      </trkpt>
      <trkpt lat="-36.831296402961016" lon="-70.69781684316695">
        <ele>1345.5</ele>
      </trkpt>
      <trkpt lat="-36.83136932551861" lon="-70.697684828192">
        <ele>1347.4</ele>
      </trkpt>
      <trkpt lat="-36.83142456226051" lon="-70.69760436192155">
        <ele>1348.0</ele>
      </trkpt>
      <trkpt lat="-36.831470327451825" lon="-70.69755029864609">
        <ele>1348.2</ele>
      </trkpt>
      <trkpt lat="-36.83153000660241" lon="-70.69748617708683">
        <ele>1348.6</ele>
      </trkpt>
      <trkpt lat="-36.83159161359072" lon="-70.69743144325912">
        <ele>1349.0</ele>
      </trkpt>
      <trkpt lat="-36.831665709614754" lon="-70.69736732169986">
        <ele>1349.6</ele>
      </trkpt>
      <trkpt lat="-36.83173896744847" lon="-70.6973047927022">
        <ele>1350.7</ele>
      </trkpt>
      <trkpt lat="-36.831829492002726" lon="-70.69723086431623">
        <ele>1351.2</ele>
      </trkpt>
      <trkpt lat="-36.83187316171825" lon="-70.69719197228551">
        <ele>1351.5</ele>
      </trkpt>
      <trkpt lat="-36.83194273151457" lon="-70.69712240248919">
        <ele>1351.7</ele>
      </trkpt>
      <trkpt lat="-36.83199763298035" lon="-70.69706121459603">
        <ele>1351.7</ele>
      </trkpt>
      <trkpt lat="-36.832081284374" lon="-70.69700019434094">
        <ele>1352.0</ele>
      </trkpt>
      <trkpt lat="-36.83216091245413" lon="-70.69695484824479">
        <ele>1352.4</ele>
      </trkpt>
      <trkpt lat="-36.83228421024978" lon="-70.6969144474715">
        <ele>1352.4</ele>
      </trkpt>
      <trkpt lat="-36.83257011696696" lon="-70.69688024930656">
        <ele>1354.8</ele>
      </trkpt>
      <trkpt lat="-36.83266969397664" lon="-70.69687538780272">
        <ele>1355.8</ele>
      </trkpt>
      <trkpt lat="-36.83288988657296" lon="-70.69687253795564">
        <ele>1357.7</ele>
      </trkpt>
      <trkpt lat="-36.8329946603626" lon="-70.69687010720372">
        <ele>1358.4</ele>
      </trkpt>
      <trkpt lat="-36.8331450317055" lon="-70.69690262898803">
        <ele>1359.7</ele>
      </trkpt>
      <trkpt lat="-36.83360209688544" lon="-70.69684973917902">
        <ele>1362.0</ele>
      </trkpt>
      <trkpt lat="-36.834180280566216" lon="-70.69664731621742">
        <ele>1361.4</ele>
      </trkpt>
      <trkpt lat="-36.83432755060494" lon="-70.69658503867686">
        <ele>1360.4</ele>
      </trkpt>
      <trkpt lat="-36.83447901159525" lon="-70.69654354825616">
        <ele>1359.8</ele>
      </trkpt>
      <trkpt lat="-36.83463307097554" lon="-70.69652644917369">
        <ele>1359.6</ele>
      </trkpt>
      <trkpt lat="-36.83471051976085" lon="-70.69653223268688">
        <ele>1359.3</ele>
      </trkpt>
      <trkpt lat="-36.83495200239122" lon="-70.6965793389827">
        <ele>1359.0</ele>
      </trkpt>
      <trkpt lat="-36.83522994630039" lon="-70.6966229248792">
        <ele>1356.2</ele>
      </trkpt>
      <trkpt lat="-36.83553018607199" lon="-70.69663013331592">
        <ele>1351.7</ele>
      </trkpt>
      <trkpt lat="-36.83572934009135" lon="-70.69659065455198">
        <ele>1349.6</ele>
      </trkpt>
      <trkpt lat="-36.835917849093676" lon="-70.69651085883379">
        <ele>1347.5</ele>
      </trkpt>
      <trkpt lat="-36.83610417880118" lon="-70.69641396403313">
        <ele>1344.3</ele>
      </trkpt>
      <trkpt lat="-36.83629101142287" lon="-70.69631572812796">
        <ele>1342.4</ele>
      </trkpt>
      <trkpt lat="-36.83638413436711" lon="-70.6962619163096">
        <ele>1341.4</ele>
      </trkpt>
      <trkpt lat="-36.83656996116042" lon="-70.69615370593965">
        <ele>1340.1</ele>
      </trkpt>
      <trkpt lat="-36.836760649457574" lon="-70.69606594741344">
        <ele>1340.9</ele>
      </trkpt>
      <trkpt lat="-36.836858466267586" lon="-70.69603761658072">
        <ele>1339.9</ele>
      </trkpt>
      <trkpt lat="-36.83705602772534" lon="-70.69600786082447">
        <ele>1337.9</ele>
      </trkpt>
      <trkpt lat="-36.83725023642182" lon="-70.69602110423148">
        <ele>1336.8</ele>
      </trkpt>
      <trkpt lat="-36.8373463768512" lon="-70.69603669457138">
        <ele>1336.6</ele>
      </trkpt>
      <trkpt lat="-36.837533293291926" lon="-70.6960893329233">
        <ele>1336.6</ele>
      </trkpt>
      <trkpt lat="-36.837621722370386" lon="-70.69613342173398">
        <ele>1337.0</ele>
      </trkpt>
      <trkpt lat="-36.83778894133866" lon="-70.69624171592295">
        <ele>1336.5</ele>
      </trkpt>
      <trkpt lat="-36.837868904694915" lon="-70.69629988633096">
        <ele>1336.4</ele>
      </trkpt>
      <trkpt lat="-36.83802539482713" lon="-70.69640566594899">
        <ele>1335.0</ele>
      </trkpt>
      <trkpt lat="-36.838102005422115" lon="-70.6964535266161">
        <ele>1334.3</ele>
      </trkpt>
      <trkpt lat="-36.83825019747019" lon="-70.69653902202845">
        <ele>1334.3</ele>
      </trkpt>
      <trkpt lat="-36.83851665817201" lon="-70.69666936062276">
        <ele>1335.7</ele>
      </trkpt>
      <trkpt lat="-36.838638195768" lon="-70.69672912359238">
        <ele>1337.2</ele>
      </trkpt>
      <trkpt lat="-36.838877918198705" lon="-70.69686097092927">
        <ele>1337.9</ele>
      </trkpt>
      <trkpt lat="-36.83940530754626" lon="-70.69722482934594">
        <ele>1333.1</ele>
      </trkpt>
      <trkpt lat="-36.839808728545904" lon="-70.69749715737998">
        <ele>1330.3</ele>
      </trkpt>
      <trkpt lat="-36.840305272489786" lon="-70.69776428863406">
        <ele>1335.5</ele>
      </trkpt>
      <trkpt lat="-36.84048389084637" lon="-70.69784173741937">
        <ele>1336.3</ele>
      </trkpt>
      <trkpt lat="-36.84062076732516" lon="-70.69784542545676">
        <ele>1335.4</ele>
      </trkpt>
      <trkpt lat="-36.84076527133584" lon="-70.69789127446711">
        <ele>1334.3</ele>
      </trkpt>
      <trkpt lat="-36.8408711347729" lon="-70.69792496971786">
        <ele>1333.6</ele>
      </trkpt>
      <trkpt lat="-36.841457951813936" lon="-70.69805338047445">
        <ele>1330.1</ele>
      </trkpt>
      <trkpt lat="-36.84176288545132" lon="-70.6980849802494">
        <ele>1330.7</ele>
      </trkpt>
      <trkpt lat="-36.84213185682893" lon="-70.69812655448914">
        <ele>1331.9</ele>
      </trkpt>
      <trkpt lat="-36.84235230088234" lon="-70.69816444069147">
        <ele>1331.5</ele>
      </trkpt>
      <trkpt lat="-36.84240200556815" lon="-70.69816905073822">
        <ele>1331.6</ele>
      </trkpt>
      <trkpt lat="-36.84261725284159" lon="-70.69817407988012">
        <ele>1331.0</ele>
      </trkpt>
      <trkpt lat="-36.84316140599549" lon="-70.69806201383471">
        <ele>1334.1</ele>
      </trkpt>
      <trkpt lat="-36.843461310490966" lon="-70.69793997332454">
        <ele>1333.3</ele>
      </trkpt>
      <trkpt lat="-36.84367169626057" lon="-70.69783427752554">
        <ele>1332.8</ele>
      </trkpt>
      <trkpt lat="-36.844202522188425" lon="-70.69754065945745">
        <ele>1335.3</ele>
      </trkpt>
      <trkpt lat="-36.844243006780744" lon="-70.6975167710334">
        <ele>1335.2</ele>
      </trkpt>
      <trkpt lat="-36.84440326876938" lon="-70.6974271684885">
        <ele>1335.2</ele>
      </trkpt>
      <trkpt lat="-36.84467953629792" lon="-70.69727713242173">
        <ele>1335.1</ele>
      </trkpt>
      <trkpt lat="-36.844793278723955" lon="-70.69722273387015">
        <ele>1335.4</ele>
      </trkpt>
      <trkpt lat="-36.844907104969025" lon="-70.69716808386147">
        <ele>1335.9</ele>
      </trkpt>
      <trkpt lat="-36.8449844699353" lon="-70.69713321514428">
        <ele>1336.1</ele>
      </trkpt>
      <trkpt lat="-36.8452173192054" lon="-70.69703749381006">
        <ele>1336.7</ele>
      </trkpt>
      <trkpt lat="-36.84548721648753" lon="-70.69694965146482">
        <ele>1337.3</ele>
      </trkpt>
      <trkpt lat="-36.84577312320471" lon="-70.69688335061073">
        <ele>1339.0</ele>
      </trkpt>
      <trkpt lat="-36.84632004238665" lon="-70.69680833257735">
        <ele>1338.1</ele>
      </trkpt>
      <trkpt lat="-36.846447279676795" lon="-70.69679668173194">
        <ele>1337.1</ele>
      </trkpt>
      <trkpt lat="-36.84672052972019" lon="-70.69678218103945">
        <ele>1334.1</ele>
      </trkpt>
      <trkpt lat="-36.8469185102731" lon="-70.69677161984146">
        <ele>1333.7</ele>
      </trkpt>
      <trkpt lat="-36.84709645807743" lon="-70.69676374085248">
        <ele>1334.1</ele>
      </trkpt>
      <trkpt lat="-36.84763943776488" lon="-70.69675175473094">
        <ele>1337.8</ele>
      </trkpt>
      <trkpt lat="-36.84785133227706" lon="-70.69674655795097">
        <ele>1338.5</ele>
      </trkpt>
      <trkpt lat="-36.848275791853666" lon="-70.69672568701208">
        <ele>1341.6</ele>
      </trkpt>
      <trkpt lat="-36.84850746765733" lon="-70.69670816883445">
        <ele>1342.4</ele>
      </trkpt>
      <trkpt lat="-36.84866236522794" lon="-70.69670045748353">
        <ele>1343.3</ele>
      </trkpt>
      <trkpt lat="-36.848864955827594" lon="-70.69668252021074">
        <ele>1342.9</ele>
      </trkpt>
      <trkpt lat="-36.84944473206997" lon="-70.69663809612393">
        <ele>1344.4</ele>
      </trkpt>
      <trkpt lat="-36.85002576559782" lon="-70.69661873392761">
        <ele>1344.9</ele>
      </trkpt>
      <trkpt lat="-36.85056698508561" lon="-70.69660800509155">
        <ele>1346.2</ele>
      </trkpt>
      <trkpt lat="-36.8507572542876" lon="-70.69660741835833">
        <ele>1348.0</ele>
      </trkpt>
      <trkpt lat="-36.85091516934335" lon="-70.69660976529121">
        <ele>1349.3</ele>
      </trkpt>
      <trkpt lat="-36.85110418125987" lon="-70.69659895263612">
        <ele>1349.9</ele>
      </trkpt>
      <trkpt lat="-36.851279782131314" lon="-70.69663004949689">
        <ele>1350.9</ele>
      </trkpt>
      <trkpt lat="-36.851425878703594" lon="-70.69665745832026">
        <ele>1351.9</ele>
      </trkpt>
      <trkpt lat="-36.85172134079039" lon="-70.6967244297266">
        <ele>1353.8</ele>
      </trkpt>
      <trkpt lat="-36.85184405185282" lon="-70.6967587955296">
        <ele>1354.6</ele>
      </trkpt>
      <trkpt lat="-36.852045468986034" lon="-70.69682719185948">
        <ele>1355.9</ele>
      </trkpt>
      <trkpt lat="-36.852132054045796" lon="-70.69685996510088">
        <ele>1356.9</ele>
      </trkpt>
      <trkpt lat="-36.85224562883377" lon="-70.69690397009254">
        <ele>1358.5</ele>
      </trkpt>
      <trkpt lat="-36.85237948782742" lon="-70.69696616381407">
        <ele>1360.2</ele>
      </trkpt>
      <trkpt lat="-36.8525065574795" lon="-70.69702936336398">
        <ele>1361.5</ele>
      </trkpt>
      <trkpt lat="-36.85263547115028" lon="-70.69709591567516">
        <ele>1362.4</ele>
      </trkpt>
      <trkpt lat="-36.85278559103608" lon="-70.69717512466013">
        <ele>1362.7</ele>
      </trkpt>
      <trkpt lat="-36.85293688438833" lon="-70.69727059453726">
        <ele>1363.2</ele>
      </trkpt>
      <trkpt lat="-36.853017853572965" lon="-70.6973084807396">
        <ele>1363.6</ele>
      </trkpt>
      <trkpt lat="-36.85316998511553" lon="-70.69738358259201">
        <ele>1364.4</ele>
      </trkpt>
      <trkpt lat="-36.8532476015389" lon="-70.69742389954627">
        <ele>1364.5</ele>
      </trkpt>
      <trkpt lat="-36.85373500920832" lon="-70.69772095419466">
        <ele>1366.8</ele>
      </trkpt>
      <trkpt lat="-36.85418947599828" lon="-70.69814222864807">
        <ele>1369.7</ele>
      </trkpt>
      <trkpt lat="-36.85440497472882" lon="-70.6982496008277">
        <ele>1370.5</ele>
      </trkpt>
      <trkpt lat="-36.85483982786536" lon="-70.6982387881726">
        <ele>1371.5</ele>
      </trkpt>
      <trkpt lat="-36.85505658388138" lon="-70.69821171462536">
        <ele>1370.9</ele>
      </trkpt>
      <trkpt lat="-36.85560526326299" lon="-70.69814122281969">
        <ele>1373.7</ele>
      </trkpt>
      <trkpt lat="-36.85564750805497" lon="-70.69813493639231">
        <ele>1374.1</ele>
      </trkpt>
      <trkpt lat="-36.85594707727432" lon="-70.69809336215258">
        <ele>1375.9</ele>
      </trkpt>
      <trkpt lat="-36.85599007643759" lon="-70.69808405824006">
        <ele>1375.9</ele>
      </trkpt>
      <trkpt lat="-36.856207670643926" lon="-70.69798272103071">
        <ele>1375.5</ele>
      </trkpt>
      <trkpt lat="-36.85628453269601" lon="-70.69791843183339">
        <ele>1375.6</ele>
      </trkpt>
      <trkpt lat="-36.85650975443423" lon="-70.69761198945343">
        <ele>1377.0</ele>
      </trkpt>
      <trkpt lat="-36.85663498006761" lon="-70.69735173135996">
        <ele>1378.0</ele>
      </trkpt>
      <trkpt lat="-36.856699185445905" lon="-70.69721753709018">
        <ele>1377.8</ele>
      </trkpt>
      <trkpt lat="-36.8567996006459" lon="-70.69702098146081">
        <ele>1377.2</ele>
      </trkpt>
      <trkpt lat="-36.85704007744789" lon="-70.69639854133129">
        <ele>1376.0</ele>
      </trkpt>
      <trkpt lat="-36.85731609351933" lon="-70.69580091163516">
        <ele>1377.0</ele>
      </trkpt>
      <trkpt lat="-36.857368564233184" lon="-70.69565867073834">
        <ele>1377.0</ele>
      </trkpt>
      <trkpt lat="-36.85743813402951" lon="-70.69517855532467">
        <ele>1375.6</ele>
      </trkpt>
      <trkpt lat="-36.857461435720325" lon="-70.69485710933805">
        <ele>1374.8</ele>
      </trkpt>
      <trkpt lat="-36.85746361501515" lon="-70.69462048821151">
        <ele>1373.9</ele>
      </trkpt>
      <trkpt lat="-36.857468727976084" lon="-70.69454446434975">
        <ele>1373.5</ele>
      </trkpt>
      <trkpt lat="-36.857493286952376" lon="-70.69439107552171">
        <ele>1373.0</ele>
      </trkpt>
      <trkpt lat="-36.85759227722883" lon="-70.69401481188834">
        <ele>1370.9</ele>
      </trkpt>
      <trkpt lat="-36.857779026031494" lon="-70.69363025017083">
        <ele>1368.6</ele>
      </trkpt>
      <trkpt lat="-36.857943730428815" lon="-70.6933312676847">
        <ele>1366.3</ele>
      </trkpt>
      <trkpt lat="-36.85798957943916" lon="-70.69325826130807">
        <ele>1365.8</ele>
      </trkpt>
      <trkpt lat="-36.858085887506604" lon="-70.69311132654548">
        <ele>1364.7</ele>
      </trkpt>
      <trkpt lat="-36.858184626325965" lon="-70.69296238012612">
        <ele>1363.3</ele>
      </trkpt>
      <trkpt lat="-36.85833818279207" lon="-70.69274512119591">
        <ele>1361.7</ele>
      </trkpt>
      <trkpt lat="-36.85848687775433" lon="-70.69252576678991">
        <ele>1359.6</ele>
      </trkpt>
      <trkpt lat="-36.85874336399138" lon="-70.6921485811472">
        <ele>1357.9</ele>
      </trkpt>
      <trkpt lat="-36.8589030392468" lon="-70.69190869107842">
        <ele>1357.3</ele>
      </trkpt>
      <trkpt lat="-36.85906439088285" lon="-70.69166821427643">
        <ele>1356.7</ele>
      </trkpt>
      <trkpt lat="-36.85928240418434" lon="-70.69133394397795">
        <ele>1353.7</ele>
      </trkpt>
      <trkpt lat="-36.85939866118133" lon="-70.69115239195526">
        <ele>1351.5</ele>
      </trkpt>
      <trkpt lat="-36.85958909802139" lon="-70.69085290655494">
        <ele>1350.0</ele>
      </trkpt>
      <trkpt lat="-36.859719855710864" lon="-70.6906369049102">
        <ele>1349.2</ele>
      </trkpt>
      <trkpt lat="-36.859855726361275" lon="-70.69041579030454">
        <ele>1348.5</ele>
      </trkpt>
      <trkpt lat="-36.859996961429715" lon="-70.6901899818331">
        <ele>1347.7</ele>
      </trkpt>
      <trkpt lat="-36.8601343408227" lon="-70.68997213616967">
        <ele>1345.4</ele>
      </trkpt>
      <trkpt lat="-36.86020382679999" lon="-70.68986635655165">
        <ele>1344.7</ele>
      </trkpt>
      <trkpt lat="-36.860339026898146" lon="-70.68966359831393">
        <ele>1344.2</ele>
      </trkpt>
      <trkpt lat="-36.860469030216336" lon="-70.68946871906519">
        <ele>1343.2</ele>
      </trkpt>
      <trkpt lat="-36.8605331517756" lon="-70.6893728300929">
        <ele>1343.1</ele>
      </trkpt>
      <trkpt lat="-36.86089332215488" lon="-70.6888381484896">
        <ele>1343.0</ele>
      </trkpt>
      <trkpt lat="-36.86124427244067" lon="-70.68832349963486">
        <ele>1342.6</ele>
      </trkpt>
      <trkpt lat="-36.861664121970534" lon="-70.687758307904">
        <ele>1339.9</ele>
      </trkpt>
      <trkpt lat="-36.86199671588838" lon="-70.6873925216496">
        <ele>1335.1</ele>
      </trkpt>
      <trkpt lat="-36.862076092511415" lon="-70.68732898682356">
        <ele>1333.9</ele>
      </trkpt>
      <trkpt lat="-36.86216074973345" lon="-70.68727467209101">
        <ele>1332.9</ele>
      </trkpt>
      <trkpt lat="-36.86234397813678" lon="-70.68720309063792">
        <ele>1331.8</ele>
      </trkpt>
      <trkpt lat="-36.86254254542291" lon="-70.68719177506864">
        <ele>1330.3</ele>
      </trkpt>
      <trkpt lat="-36.86264882795513" lon="-70.68719487637281">
        <ele>1329.7</ele>
      </trkpt>
      <trkpt lat="-36.862753853201866" lon="-70.68720292299986">
        <ele>1329.1</ele>
      </trkpt>
      <trkpt lat="-36.86285829171538" lon="-70.68721080198884">
        <ele>1328.3</ele>
      </trkpt>
      <trkpt lat="-36.86306624673307" lon="-70.68722605705261">
        <ele>1326.3</ele>
      </trkpt>
      <trkpt lat="-36.86317034997046" lon="-70.6872387137264">
        <ele>1325.4</ele>
      </trkpt>
      <trkpt lat="-36.8633755389601" lon="-70.68726587109268">
        <ele>1324.3</ele>
      </trkpt>
      <trkpt lat="-36.86358014121652" lon="-70.68728724494576">
        <ele>1323.3</ele>
      </trkpt>
      <trkpt lat="-36.8637846596539" lon="-70.6873047631234">
        <ele>1321.9</ele>
      </trkpt>
      <trkpt lat="-36.86399504542351" lon="-70.68731658160686">
        <ele>1320.1</ele>
      </trkpt>
      <trkpt lat="-36.86432051472366" lon="-70.68733158521354">
        <ele>1319.0</ele>
      </trkpt>
      <trkpt lat="-36.86443090438843" lon="-70.68733678199351">
        <ele>1318.5</ele>
      </trkpt>
      <trkpt lat="-36.86465092934668" lon="-70.68734969012439">
        <ele>1316.9</ele>
      </trkpt>
      <trkpt lat="-36.86486994847655" lon="-70.6873599998653">
        <ele>1315.4</ele>
      </trkpt>
      <trkpt lat="-36.865094834938645" lon="-70.68736921995878">
        <ele>1313.2</ele>
      </trkpt>
      <trkpt lat="-36.86520949937403" lon="-70.68737483583391">
        <ele>1311.9</ele>
      </trkpt>
      <trkpt lat="-36.86543765477836" lon="-70.68738615140319">
        <ele>1310.6</ele>
      </trkpt>
      <trkpt lat="-36.865668492391706" lon="-70.68739654496312">
        <ele>1309.7</ele>
      </trkpt>
      <trkpt lat="-36.86590268276632" lon="-70.68740861490369">
        <ele>1307.3</ele>
      </trkpt>
      <trkpt lat="-36.86601893976331" lon="-70.68741456605494">
        <ele>1306.3</ele>
      </trkpt>
      <trkpt lat="-36.86625103466213" lon="-70.68742604926229">
        <ele>1305.5</ele>
      </trkpt>
      <trkpt lat="-36.86646963469684" lon="-70.68743652664125">
        <ele>1304.5</ele>
      </trkpt>
      <trkpt lat="-36.866575330495834" lon="-70.68744105286896">
        <ele>1304.1</ele>
      </trkpt>
      <trkpt lat="-36.86668010428548" lon="-70.68744516000152">
        <ele>1303.9</ele>
      </trkpt>
      <trkpt lat="-36.866884119808674" lon="-70.68745630793273">
        <ele>1302.8</ele>
      </trkpt>
      <trkpt lat="-36.867282930761576" lon="-70.68747960962355">
        <ele>1299.3</ele>
      </trkpt>
      <trkpt lat="-36.867581410333514" lon="-70.68748824298382">
        <ele>1298.1</ele>
      </trkpt>
      <trkpt lat="-36.86778014525771" lon="-70.6874929368496">
        <ele>1298.0</ele>
      </trkpt>
      <trkpt lat="-36.86797603033483" lon="-70.68749620579183">
        <ele>1297.5</ele>
      </trkpt>
      <trkpt lat="-36.86835614964366" lon="-70.6875101197511">
        <ele>1295.2</ele>
      </trkpt>
      <trkpt lat="-36.86864549294114" lon="-70.68751774728298">
        <ele>1294.0</ele>
      </trkpt>
      <trkpt lat="-36.868839198723435" lon="-70.68751690909266">
        <ele>1292.3</ele>
      </trkpt>
      <trkpt lat="-36.86903382651508" lon="-70.68752093240619">
        <ele>1290.9</ele>
      </trkpt>
      <trkpt lat="-36.869228621944785" lon="-70.68752403371036">
        <ele>1290.1</ele>
      </trkpt>
      <trkpt lat="-36.86951243318617" lon="-70.68754037842155">
        <ele>1288.2</ele>
      </trkpt>
      <trkpt lat="-36.869698176160455" lon="-70.68754917941988">
        <ele>1287.4</ele>
      </trkpt>
      <trkpt lat="-36.86997259967029" lon="-70.68756460212171">
        <ele>1286.0</ele>
      </trkpt>
      <trkpt lat="-36.870153564959764" lon="-70.68760148249567">
        <ele>1285.5</ele>
      </trkpt>
      <trkpt lat="-36.87024132348597" lon="-70.68763190880418">
        <ele>1286.1</ele>
      </trkpt>
      <trkpt lat="-36.87053946778178" lon="-70.68787364289165">
        <ele>1288.0</ele>
      </trkpt>
      <trkpt lat="-36.87060685828328" lon="-70.68794840946794">
        <ele>1288.0</ele>
      </trkpt>
      <trkpt lat="-36.87090139836073" lon="-70.68834344856441">
        <ele>1287.1</ele>
      </trkpt>
      <trkpt lat="-36.871036095544696" lon="-70.68860085681081">
        <ele>1285.9</ele>
      </trkpt>
      <trkpt lat="-36.87116039916873" lon="-70.68924902938306">
        <ele>1280.3</ele>
      </trkpt>
      <trkpt lat="-36.87112326733768" lon="-70.68961506709456">
        <ele>1278.3</ele>
      </trkpt>
      <trkpt lat="-36.87103467062116" lon="-70.69016274064779">
        <ele>1279.7</ele>
      </trkpt>
      <trkpt lat="-36.87097021378577" lon="-70.69048971869051">
        <ele>1280.6</ele>
      </trkpt>
      <trkpt lat="-36.870955964550376" lon="-70.69055643863976">
        <ele>1280.8</ele>
      </trkpt>
      <trkpt lat="-36.87092453241348" lon="-70.69067847914994">
        <ele>1281.3</ele>
      </trkpt>
      <trkpt lat="-36.8709116242826" lon="-70.69085005670786">
        <ele>1282.0</ele>
      </trkpt>
      <trkpt lat="-36.87090248800814" lon="-70.6909635476768">
        <ele>1282.1</ele>
      </trkpt>
      <trkpt lat="-36.87089695595205" lon="-70.69108055904508">
        <ele>1282.6</ele>
      </trkpt>
      <trkpt lat="-36.87089033424854" lon="-70.69125724956393">
        <ele>1283.5</ele>
      </trkpt>
      <trkpt lat="-36.87089326791465" lon="-70.6913142465055">
        <ele>1283.9</ele>
      </trkpt>
      <trkpt lat="-36.87092394568026" lon="-70.69147962145507">
        <ele>1285.2</ele>
      </trkpt>
      <trkpt lat="-36.870937356725335" lon="-70.69153083488345">
        <ele>1285.6</ele>
      </trkpt>
      <trkpt lat="-36.871007261797786" lon="-70.69169973023236">
        <ele>1287.1</ele>
      </trkpt>
      <trkpt lat="-36.87109678052366" lon="-70.69182386621833">
        <ele>1287.9</ele>
      </trkpt>
      <trkpt lat="-36.87116836197674" lon="-70.69190215319395">
        <ele>1288.5</ele>
      </trkpt>
      <trkpt lat="-36.87119568698108" lon="-70.69192386232316">
        <ele>1288.7</ele>
      </trkpt>
      <trkpt lat="-36.87131630256772" lon="-70.6919982098043">
        <ele>1289.8</ele>
      </trkpt>
      <trkpt lat="-36.87157488428056" lon="-70.69207331165671">
        <ele>1291.8</ele>
      </trkpt>
      <trkpt lat="-36.871741600334644" lon="-70.6920788437128">
        <ele>1293.1</ele>
      </trkpt>
      <trkpt lat="-36.871908735483885" lon="-70.6920825317502">
        <ele>1293.5</ele>
      </trkpt>
      <trkpt lat="-36.87203446403146" lon="-70.69211865775287">
        <ele>1293.9</ele>
      </trkpt>
      <trkpt lat="-36.87254844233394" lon="-70.69209711626172">
        <ele>1291.1</ele>
      </trkpt>
      <trkpt lat="-36.873100558295846" lon="-70.6920788437128">
        <ele>1294.4</ele>
      </trkpt>
      <trkpt lat="-36.8734138738364" lon="-70.69207783788443">
        <ele>1297.1</ele>
      </trkpt>
      <trkpt lat="-36.87396129593253" lon="-70.69213575683534">
        <ele>1297.3</ele>
      </trkpt>
      <trkpt lat="-36.874495558440685" lon="-70.69230607710779">
        <ele>1293.8</ele>
      </trkpt>
      <trkpt lat="-36.87501775100827" lon="-70.69252224639058">
        <ele>1294.6</ele>
      </trkpt>
      <trkpt lat="-36.87536216340959" lon="-70.6926610507071">
        <ele>1294.5</ele>
      </trkpt>
      <trkpt lat="-36.875901790335774" lon="-70.69288878701627">
        <ele>1296.1</ele>
      </trkpt>
      <trkpt lat="-36.87645868398249" lon="-70.69312096573412">
        <ele>1294.3</ele>
      </trkpt>
      <trkpt lat="-36.87698179855943" lon="-70.69334073923528">
        <ele>1293.6</ele>
      </trkpt>
      <trkpt lat="-36.877496028319" lon="-70.69356646388769">
        <ele>1292.1</ele>
      </trkpt>
      <trkpt lat="-36.877736672759056" lon="-70.69366713054478">
        <ele>1290.0</ele>
      </trkpt>
      <trkpt lat="-36.87798704020679" lon="-70.69377668201923">
        <ele>1288.3</ele>
      </trkpt>
      <trkpt lat="-36.87824059277773" lon="-70.69388095289469">
        <ele>1287.0</ele>
      </trkpt>
      <trkpt lat="-36.87874258495867" lon="-70.69409745745361">
        <ele>1287.8</ele>
      </trkpt>
      <trkpt lat="-36.87904927879572" lon="-70.69422578439116">
        <ele>1290.3</ele>
      </trkpt>
      <trkpt lat="-36.87957457266748" lon="-70.69444254040718">
        <ele>1291.2</ele>
      </trkpt>
      <trkpt lat="-36.88014051876962" lon="-70.69467580877244">
        <ele>1289.7</ele>
      </trkpt>
      <trkpt lat="-36.88071124255657" lon="-70.69491444155574">
        <ele>1288.8</ele>
      </trkpt>
      <trkpt lat="-36.88125455752015" lon="-70.69514687173069">
        <ele>1287.5</ele>
      </trkpt>
      <trkpt lat="-36.88167281448841" lon="-70.69530026055872">
        <ele>1286.8</ele>
      </trkpt>
      <trkpt lat="-36.88221713528037" lon="-70.69544903934002">
        <ele>1286.6</ele>
      </trkpt>
      <trkpt lat="-36.88245099037886" lon="-70.69549916312099">
        <ele>1285.8</ele>
      </trkpt>
      <trkpt lat="-36.88302858732641" lon="-70.69560226053">
        <ele>1285.0</ele>
      </trkpt>
      <trkpt lat="-36.88326227478683" lon="-70.69563712924719">
        <ele>1285.5</ele>
      </trkpt>
      <trkpt lat="-36.88384565524757" lon="-70.69571700878441">
        <ele>1285.8</ele>
      </trkpt>
      <trkpt lat="-36.8843690212816" lon="-70.69579487666488">
        <ele>1288.0</ele>
      </trkpt>
      <trkpt lat="-36.88463179394603" lon="-70.69583318196237">
        <ele>1290.2</ele>
      </trkpt>
      <trkpt lat="-36.88477596268058" lon="-70.69586369208992">
        <ele>1290.6</ele>
      </trkpt>
      <trkpt lat="-36.884893057867885" lon="-70.69588707759976">
        <ele>1290.8</ele>
      </trkpt>
      <trkpt lat="-36.88497134484351" lon="-70.69592085666955">
        <ele>1290.7</ele>
      </trkpt>
      <trkpt lat="-36.8850114941597" lon="-70.6959387101233">
        <ele>1290.7</ele>
      </trkpt>
      <trkpt lat="-36.88527099788189" lon="-70.69605161435902">
        <ele>1290.6</ele>
      </trkpt>
      <trkpt lat="-36.885786652565" lon="-70.69637658074498">
        <ele>1291.5</ele>
      </trkpt>
      <trkpt lat="-36.88614699058235" lon="-70.69665988907218">
        <ele>1292.8</ele>
      </trkpt>
      <trkpt lat="-36.88654881902039" lon="-70.69703062064946">
        <ele>1290.5</ele>
      </trkpt>
      <trkpt lat="-36.886653089895844" lon="-70.69713363423944">
        <ele>1289.8</ele>
      </trkpt>
      <trkpt lat="-36.88675249926746" lon="-70.69723497144878">
        <ele>1289.1</ele>
      </trkpt>
      <trkpt lat="-36.88688887283206" lon="-70.69737369194627">
        <ele>1287.8</ele>
      </trkpt>
      <trkpt lat="-36.88702725805342" lon="-70.69750956259668">
        <ele>1286.3</ele>
      </trkpt>
      <trkpt lat="-36.887073861435056" lon="-70.69755624979734">
        <ele>1285.9</ele>
      </trkpt>
      <trkpt lat="-36.88730528578162" lon="-70.69779295474291">
        <ele>1285.1</ele>
      </trkpt>
      <trkpt lat="-36.88774022273719" lon="-70.69826913066208">
        <ele>1284.0</ele>
      </trkpt>
      <trkpt lat="-36.88782840035856" lon="-70.69836527109146">
        <ele>1283.4</ele>
      </trkpt>
      <trkpt lat="-36.888255877420306" lon="-70.69880875758827">
        <ele>1283.9</ele>
      </trkpt>
      <trkpt lat="-36.88862007111311" lon="-70.69920505397022">
        <ele>1286.9</ele>
      </trkpt>
      <trkpt lat="-36.888995664194226" lon="-70.69962993264198">
        <ele>1288.3</ele>
      </trkpt>
      <trkpt lat="-36.88931208103895" lon="-70.70023074746132">
        <ele>1289.4</ele>
      </trkpt>
      <trkpt lat="-36.889432445168495" lon="-70.7008168939501">
        <ele>1287.3</ele>
      </trkpt>
      <trkpt lat="-36.8895651306957" lon="-70.70149406790733">
        <ele>1285.9</ele>
      </trkpt>
      <trkpt lat="-36.8897723313421" lon="-70.70215171203017">
        <ele>1285.9</ele>
      </trkpt>
      <trkpt lat="-36.889908872544765" lon="-70.70240333676338">
        <ele>1286.3</ele>
      </trkpt>
      <trkpt lat="-36.8901003152132" lon="-70.7026721443981">
        <ele>1287.7</ele>
      </trkpt>
      <trkpt lat="-36.89037289470434" lon="-70.70299979299307">
        <ele>1289.0</ele>
      </trkpt>
      <trkpt lat="-36.89043584279716" lon="-70.70307849906385">
        <ele>1289.1</ele>
      </trkpt>
      <trkpt lat="-36.89056525938213" lon="-70.70322643965483">
        <ele>1289.7</ele>
      </trkpt>
      <trkpt lat="-36.89081269316375" lon="-70.70347487926483">
        <ele>1289.8</ele>
      </trkpt>
      <trkpt lat="-36.89114335924387" lon="-70.70373530499637">
        <ele>1288.9</ele>
      </trkpt>
      <trkpt lat="-36.89168709330261" lon="-70.70399221032858">
        <ele>1287.9</ele>
      </trkpt>
      <trkpt lat="-36.892226468771696" lon="-70.70409153588116">
        <ele>1289.1</ele>
      </trkpt>
      <trkpt lat="-36.892502484843135" lon="-70.70413805544376">
        <ele>1290.4</ele>
      </trkpt>
      <trkpt lat="-36.89262050203979" lon="-70.70415976457298">
        <ele>1291.1</ele>
      </trkpt>
      <trkpt lat="-36.892822086811066" lon="-70.7042018417269">
        <ele>1292.4</ele>
      </trkpt>
      <trkpt lat="-36.89321209676564" lon="-70.70429454557598">
        <ele>1291.8</ele>
      </trkpt>
      <trkpt lat="-36.893609734252095" lon="-70.70438347756863">
        <ele>1292.3</ele>
      </trkpt>
      <trkpt lat="-36.89369397237897" lon="-70.70440074428916">
        <ele>1292.5</ele>
      </trkpt>
      <trkpt lat="-36.893995804712176" lon="-70.70446578785777">
        <ele>1296.4</ele>
      </trkpt>
      <trkpt lat="-36.894138380885124" lon="-70.70449956692755">
        <ele>1297.5</ele>
      </trkpt>
      <trkpt lat="-36.89420803450048" lon="-70.70451574400067">
        <ele>1298.2</ele>
      </trkpt>
      <trkpt lat="-36.89432060346007" lon="-70.70454139262438">
        <ele>1298.7</ele>
      </trkpt>
      <trkpt lat="-36.89451263286173" lon="-70.70459436625242">
        <ele>1299.6</ele>
      </trkpt>
      <trkpt lat="-36.894553704187274" lon="-70.70460509508848">
        <ele>1300.0</ele>
      </trkpt>
      <trkpt lat="-36.89483449794352" lon="-70.70468572899699">
        <ele>1302.1</ele>
      </trkpt>
      <trkpt lat="-36.89508872106671" lon="-70.7047317456454">
        <ele>1302.9</ele>
      </trkpt>
      <trkpt lat="-36.89529273658991" lon="-70.70474708452821">
        <ele>1304.0</ele>
      </trkpt>
      <trkpt lat="-36.895334562286735" lon="-70.70474825799465">
        <ele>1304.2</ele>
      </trkpt>
      <trkpt lat="-36.895672269165516" lon="-70.70472755469382">
        <ele>1303.3</ele>
      </trkpt>
      <trkpt lat="-36.896223379299045" lon="-70.70457248948514">
        <ele>1300.0</ele>
      </trkpt>
      <trkpt lat="-36.89643636345863" lon="-70.70447492413223">
        <ele>1299.1</ele>
      </trkpt>
      <trkpt lat="-36.89665622077882" lon="-70.70436629466712">
        <ele>1297.3</ele>
      </trkpt>
      <trkpt lat="-36.89679519273341" lon="-70.70428700186312">
        <ele>1295.9</ele>
      </trkpt>
      <trkpt lat="-36.896922681480646" lon="-70.70420284755528">
        <ele>1296.1</ele>
      </trkpt>
      <trkpt lat="-36.897422075271606" lon="-70.70385256782174">
        <ele>1298.9</ele>
      </trkpt>
      <trkpt lat="-36.8974622245878" lon="-70.70382884703577">
        <ele>1298.9</ele>
      </trkpt>
      <trkpt lat="-36.89771234057844" lon="-70.70369507186115">
        <ele>1300.5</ele>
      </trkpt>
      <trkpt lat="-36.89784209243953" lon="-70.70362801663578">
        <ele>1300.8</ele>
      </trkpt>
      <trkpt lat="-36.898183235898614" lon="-70.7034578640014">
        <ele>1300.3</ele>
      </trkpt>
      <trkpt lat="-36.89869478344917" lon="-70.70320665836334">
        <ele>1299.6</ele>
      </trkpt>
      <trkpt lat="-36.89879662357271" lon="-70.70315703749657">
        <ele>1299.8</ele>
      </trkpt>
      <trkpt lat="-36.89933901652694" lon="-70.70287398062646">
        <ele>1299.8</ele>
      </trkpt>
      <trkpt lat="-36.89979365095496" lon="-70.7026438973844">
        <ele>1298.5</ele>
      </trkpt>
      <trkpt lat="-36.90028231590986" lon="-70.7024110481143">
        <ele>1297.6</ele>
      </trkpt>
      <trkpt lat="-36.90084591507912" lon="-70.70230166427791">
        <ele>1298.9</ele>
      </trkpt>
      <trkpt lat="-36.90140850841999" lon="-70.70234717801213">
        <ele>1300.3</ele>
      </trkpt>
      <trkpt lat="-36.90199725329876" lon="-70.70248153991997">
        <ele>1301.2</ele>
      </trkpt>
      <trkpt lat="-36.90223622135818" lon="-70.70253778249025">
        <ele>1302.5</ele>
      </trkpt>
      <trkpt lat="-36.90274382941425" lon="-70.70266183465719">
        <ele>1304.3</ele>
      </trkpt>
      <trkpt lat="-36.90311539918184" lon="-70.70276501588523">
        <ele>1304.6</ele>
      </trkpt>
      <trkpt lat="-36.90333466976881" lon="-70.70282444357872">
        <ele>1305.5</ele>
      </trkpt>
      <trkpt lat="-36.90339124761522" lon="-70.70284456014633">
        <ele>1305.8</ele>
      </trkpt>
      <trkpt lat="-36.90392157062888" lon="-70.70298730395734">
        <ele>1306.3</ele>
      </trkpt>
      <trkpt lat="-36.904235389083624" lon="-70.70306927897036">
        <ele>1305.7</ele>
      </trkpt>
      <trkpt lat="-36.90478691831231" lon="-70.70320213213563">
        <ele>1308.7</ele>
      </trkpt>
      <trkpt lat="-36.90525496378541" lon="-70.7033109292388">
        <ele>1308.2</ele>
      </trkpt>
      <trkpt lat="-36.90548739396036" lon="-70.70336859673262">
        <ele>1308.6</ele>
      </trkpt>
      <trkpt lat="-36.90572150051594" lon="-70.70342400111258">
        <ele>1310.4</ele>
      </trkpt>
      <trkpt lat="-36.90610212273896" lon="-70.70350513793528">
        <ele>1312.1</ele>
      </trkpt>
      <trkpt lat="-36.90663630142808" lon="-70.70361418649554">
        <ele>1311.7</ele>
      </trkpt>
      <trkpt lat="-36.90712982788682" lon="-70.70371426641941">
        <ele>1312.9</ele>
      </trkpt>
      <trkpt lat="-36.90753685310483" lon="-70.70379900746047">
        <ele>1311.0</ele>
      </trkpt>
      <trkpt lat="-36.907641123980284" lon="-70.70382080040872">
        <ele>1310.5</ele>
      </trkpt>
      <trkpt lat="-36.907895766198635" lon="-70.7038720138371">
        <ele>1309.7</ele>
      </trkpt>
      <trkpt lat="-36.90844561904669" lon="-70.70398014038801">
        <ele>1310.3</ele>
      </trkpt>
      <trkpt lat="-36.90865525044501" lon="-70.70402322337031">
        <ele>1312.3</ele>
      </trkpt>
      <trkpt lat="-36.90919387154281" lon="-70.70413570851088">
        <ele>1313.6</ele>
      </trkpt>
      <trkpt lat="-36.90960274077952" lon="-70.70422011427581">
        <ele>1310.0</ele>
      </trkpt>
      <trkpt lat="-36.91015234217048" lon="-70.70428499020636">
        <ele>1310.1</ele>
      </trkpt>
      <trkpt lat="-36.91035870462656" lon="-70.7043004129082">
        <ele>1309.4</ele>
      </trkpt>
      <trkpt lat="-36.91045149229467" lon="-70.70429873652756">
        <ele>1309.3</ele>
      </trkpt>
      <trkpt lat="-36.91057479009032" lon="-70.70430904626846">
        <ele>1309.3</ele>
      </trkpt>
      <trkpt lat="-36.91061921417713" lon="-70.70430736988783">
        <ele>1309.3</ele>
      </trkpt>
      <trkpt lat="-36.91107653081417" lon="-70.70425925776362">
        <ele>1309.1</ele>
      </trkpt>
      <trkpt lat="-36.91161381080747" lon="-70.70416110567749">
        <ele>1309.4</ele>
      </trkpt>
      <trkpt lat="-36.911804750561714" lon="-70.70411793887615">
        <ele>1309.6</ele>
      </trkpt>
      <trkpt lat="-36.911979177966714" lon="-70.70403445512056">
        <ele>1309.7</ele>
      </trkpt>
      <trkpt lat="-36.91255358979106" lon="-70.70392599329352">
        <ele>1310.1</ele>
      </trkpt>
      <trkpt lat="-36.91311492584646" lon="-70.7038289308548">
        <ele>1309.0</ele>
      </trkpt>
      <trkpt lat="-36.91367886029184" lon="-70.70372591726482">
        <ele>1309.1</ele>
      </trkpt>
      <trkpt lat="-36.914245979860425" lon="-70.70361083373427">
        <ele>1311.4</ele>
      </trkpt>
      <trkpt lat="-36.914350502192974" lon="-70.70359348319471">
        <ele>1311.4</ele>
      </trkpt>
      <trkpt lat="-36.91477362066507" lon="-70.70351025089622">
        <ele>1310.2</ele>
      </trkpt>
      <trkpt lat="-36.9152953941375" lon="-70.7034105900675">
        <ele>1305.7</ele>
      </trkpt>
      <trkpt lat="-36.91563771106303" lon="-70.70335166528821">
        <ele>1305.7</ele>
      </trkpt>
      <trkpt lat="-36.916204914450645" lon="-70.7032898068428">
        <ele>1306.3</ele>
      </trkpt>
      <trkpt lat="-36.91626518033445" lon="-70.70327983237803">
        <ele>1305.9</ele>
      </trkpt>
      <trkpt lat="-36.91650657914579" lon="-70.70324848406017">
        <ele>1304.0</ele>
      </trkpt>
      <trkpt lat="-36.91672735847533" lon="-70.70321696810424">
        <ele>1303.0</ele>
      </trkpt>
      <trkpt lat="-36.91692634485662" lon="-70.70317472331226">
        <ele>1302.8</ele>
      </trkpt>
      <trkpt lat="-36.91697663627565" lon="-70.70315913297236">
        <ele>1302.7</ele>
      </trkpt>
      <trkpt lat="-36.91729615442455" lon="-70.70309626869857">
        <ele>1301.9</ele>
      </trkpt>
      <trkpt lat="-36.91769680939615" lon="-70.70302627980709">
        <ele>1300.7</ele>
      </trkpt>
      <trkpt lat="-36.91798137500882" lon="-70.70298914797604">
        <ele>1300.4</ele>
      </trkpt>
      <trkpt lat="-36.91844070330262" lon="-70.70289610885084">
        <ele>1300.4</ele>
      </trkpt>
      <trkpt lat="-36.91879014484584" lon="-70.70282796397805">
        <ele>1299.0</ele>
      </trkpt>
      <trkpt lat="-36.91920027136803" lon="-70.70275814272463">
        <ele>1298.9</ele>
      </trkpt>
      <trkpt lat="-36.9196542352438" lon="-70.70267407223582">
        <ele>1299.8</ele>
      </trkpt>
      <trkpt lat="-36.919898483902216" lon="-70.70263157598674">
        <ele>1301.8</ele>
      </trkpt>
      <trkpt lat="-36.92013384774327" lon="-70.70258656516671">
        <ele>1303.1</ele>
      </trkpt>
      <trkpt lat="-36.920546405017376" lon="-70.70249277167022">
        <ele>1302.5</ele>
      </trkpt>
      <trkpt lat="-36.92058655433357" lon="-70.7024855632335">
        <ele>1302.5</ele>
      </trkpt>
      <trkpt lat="-36.92070934921503" lon="-70.70246477611363">
        <ele>1302.8</ele>
      </trkpt>
      <trkpt lat="-36.921282755210996" lon="-70.70235849358141">
        <ele>1303.8</ele>
      </trkpt>
      <trkpt lat="-36.92140705883503" lon="-70.70233544334769">
        <ele>1303.3</ele>
      </trkpt>
      <trkpt lat="-36.92194785922766" lon="-70.70222890935838">
        <ele>1303.6</ele>
      </trkpt>
      <trkpt lat="-36.92215891554952" lon="-70.7021953817457">
        <ele>1304.4</ele>
      </trkpt>
      <trkpt lat="-36.92258429713547" lon="-70.70211885496974">
        <ele>1306.3</ele>
      </trkpt>
      <trkpt lat="-36.922962656244636" lon="-70.70208264514804">
        <ele>1306.3</ele>
      </trkpt>
      <trkpt lat="-36.92316893488169" lon="-70.7021103054285">
        <ele>1305.8</ele>
      </trkpt>
      <trkpt lat="-36.92374066449702" lon="-70.70223804563284">
        <ele>1305.7</ele>
      </trkpt>
      <trkpt lat="-36.92427936941385" lon="-70.70236494764686">
        <ele>1306.7</ele>
      </trkpt>
      <trkpt lat="-36.92436134442687" lon="-70.70238615386188">
        <ele>1307.1</ele>
      </trkpt>
      <trkpt lat="-36.92460651509464" lon="-70.70243493653834">
        <ele>1308.5</ele>
      </trkpt>
      <trkpt lat="-36.924926871433854" lon="-70.70250190794468">
        <ele>1310.8</ele>
      </trkpt>
      <trkpt lat="-36.92504648119211" lon="-70.70252462290227">
        <ele>1310.9</ele>
      </trkpt>
      <trkpt lat="-36.92520665936172" lon="-70.70255840197206">
        <ele>1310.7</ele>
      </trkpt>
      <trkpt lat="-36.925501031801105" lon="-70.70262118242681">
        <ele>1310.2</ele>
      </trkpt>
      <trkpt lat="-36.926041916012764" lon="-70.7027355954051">
        <ele>1311.6</ele>
      </trkpt>
      <trkpt lat="-36.92607787437737" lon="-70.70274339057505">
        <ele>1311.8</ele>
      </trkpt>
      <trkpt lat="-36.92629613913596" lon="-70.70279200561345">
        <ele>1312.9</ele>
      </trkpt>
      <trkpt lat="-36.9265478476882" lon="-70.70285880938172">
        <ele>1314.3</ele>
      </trkpt>
      <trkpt lat="-36.926683969795704" lon="-70.70290264673531">
        <ele>1315.1</ele>
      </trkpt>
      <trkpt lat="-36.92695797421038" lon="-70.70295570418239">
        <ele>1316.7</ele>
      </trkpt>
      <trkpt lat="-36.92708822898567" lon="-70.70301136001945">
        <ele>1317.7</ele>
      </trkpt>
      <trkpt lat="-36.92721337080002" lon="-70.70307238027453">
        <ele>1318.4</ele>
      </trkpt>
      <trkpt lat="-36.927304565906525" lon="-70.70311957038939">
        <ele>1318.9</ele>
      </trkpt>
      <trkpt lat="-36.92748234607279" lon="-70.70322409272194">
        <ele>1320.3</ele>
      </trkpt>
      <trkpt lat="-36.927681248635054" lon="-70.70336415432394">
        <ele>1321.8</ele>
      </trkpt>
      <trkpt lat="-36.927793649956584" lon="-70.7034470513463">
        <ele>1322.4</ele>
      </trkpt>
      <trkpt lat="-36.92801174707711" lon="-70.70363698527217">
        <ele>1323.4</ele>
      </trkpt>
      <trkpt lat="-36.92823797464371" lon="-70.70386849343777">
        <ele>1323.7</ele>
      </trkpt>
      <trkpt lat="-36.92832271568477" lon="-70.70396907627583">
        <ele>1323.7</ele>
      </trkpt>
      <trkpt lat="-36.92851223051548" lon="-70.70424031466246">
        <ele>1324.7</ele>
      </trkpt>
      <trkpt lat="-36.92860468290746" lon="-70.70441055111587">
        <ele>1325.3</ele>
      </trkpt>
      <trkpt lat="-36.92864106036723" lon="-70.7045025844127">
        <ele>1325.6</ele>
      </trkpt>
      <trkpt lat="-36.928663020953536" lon="-70.70454533211887">
        <ele>1325.9</ele>
      </trkpt>
      <trkpt lat="-36.92875371314585" lon="-70.70471053943038">
        <ele>1326.4</ele>
      </trkpt>
      <trkpt lat="-36.92891540005803" lon="-70.70504774339497">
        <ele>1327.6</ele>
      </trkpt>
      <trkpt lat="-36.92901791073382" lon="-70.70526785217226">
        <ele>1328.5</ele>
      </trkpt>
      <trkpt lat="-36.92907859571278" lon="-70.70541428402066">
        <ele>1329.6</ele>
      </trkpt>
      <trkpt lat="-36.92915478721261" lon="-70.70558954961598">
        <ele>1331.2</ele>
      </trkpt>
      <trkpt lat="-36.92922997288406" lon="-70.70577135309577">
        <ele>1332.9</ele>
      </trkpt>
      <trkpt lat="-36.929291831329465" lon="-70.70591912604868">
        <ele>1334.3</ele>
      </trkpt>
      <trkpt lat="-36.92937179468572" lon="-70.70610763505101">
        <ele>1335.5</ele>
      </trkpt>
      <trkpt lat="-36.92945837974548" lon="-70.7063293363899">
        <ele>1336.9</ele>
      </trkpt>
      <trkpt lat="-36.929629035294056" lon="-70.70674130693078">
        <ele>1339.1</ele>
      </trkpt>
      <trkpt lat="-36.92989859730005" lon="-70.70737238042057">
        <ele>1339.7</ele>
      </trkpt>
      <trkpt lat="-36.93002642132342" lon="-70.70768234319985">
        <ele>1340.3</ele>
      </trkpt>
      <trkpt lat="-36.93027754314244" lon="-70.70831668563187">
        <ele>1337.5</ele>
      </trkpt>
      <trkpt lat="-36.9303831551224" lon="-70.70852824486792">
        <ele>1337.4</ele>
      </trkpt>
      <trkpt lat="-36.9304952211678" lon="-70.70874231867492">
        <ele>1339.9</ele>
      </trkpt>
      <trkpt lat="-36.93058113567531" lon="-70.7088868226856">
        <ele>1342.3</ele>
      </trkpt>
      <trkpt lat="-36.93063955754042" lon="-70.70899662561715">
        <ele>1344.3</ele>
      </trkpt>
      <trkpt lat="-36.93069990724325" lon="-70.7091006450355">
        <ele>1346.2</ele>
      </trkpt>
      <trkpt lat="-36.93074659444392" lon="-70.7091767527163">
        <ele>1347.8</ele>
      </trkpt>
      <trkpt lat="-36.93076235242188" lon="-70.70920282043517">
        <ele>1348.2</ele>
      </trkpt>
      <trkpt lat="-36.930825635790825" lon="-70.70930390618742">
        <ele>1349.5</ele>
      </trkpt>
      <trkpt lat="-36.93091046065092" lon="-70.70947020314634">
        <ele>1351.7</ele>
      </trkpt>
      <trkpt lat="-36.93097047507763" lon="-70.70957874879241">
        <ele>1353.1</ele>
      </trkpt>
      <trkpt lat="-36.931060245260596" lon="-70.70972819812596">
        <ele>1354.9</ele>
      </trkpt>
      <trkpt lat="-36.93111514672637" lon="-70.70982199162245">
        <ele>1356.1</ele>
      </trkpt>
      <trkpt lat="-36.93115412257612" lon="-70.70989550091326">
        <ele>1357.4</ele>
      </trkpt>
      <trkpt lat="-36.931208269670606" lon="-70.70998988114297">
        <ele>1358.8</ele>
      </trkpt>
      <trkpt lat="-36.93129510618746" lon="-70.71013178676367">
        <ele>1359.5</ele>
      </trkpt>
      <trkpt lat="-36.931361239403486" lon="-70.71021887473762">
        <ele>1359.4</ele>
      </trkpt>
      <trkpt lat="-36.931450590491295" lon="-70.71037217974663">
        <ele>1359.5</ele>
      </trkpt>
      <trkpt lat="-36.93157506175339" lon="-70.71055901236832">
        <ele>1359.7</ele>
      </trkpt>
      <trkpt lat="-36.93162736482918" lon="-70.71065959520638">
        <ele>1360.4</ele>
      </trkpt>
      <trkpt lat="-36.93170548416674" lon="-70.7107859943062">
        <ele>1361.5</ele>
      </trkpt>
      <trkpt lat="-36.931784860789776" lon="-70.7108914386481">
        <ele>1362.1</ele>
      </trkpt>
      <trkpt lat="-36.93185308948159" lon="-70.71098766289651">
        <ele>1363.2</ele>
      </trkpt>
      <trkpt lat="-36.93194570951164" lon="-70.71110861375928">
        <ele>1364.4</ele>
      </trkpt>
      <trkpt lat="-36.932065738365054" lon="-70.71123702451587">
        <ele>1365.5</ele>
      </trkpt>
      <trkpt lat="-36.93216162733734" lon="-70.71135344915092">
        <ele>1367.2</ele>
      </trkpt>
      <trkpt lat="-36.93233865313232" lon="-70.71151270531118">
        <ele>1369.1</ele>
      </trkpt>
      <trkpt lat="-36.93262062035501" lon="-70.71171051822603">
        <ele>1368.7</ele>
      </trkpt>
      <trkpt lat="-36.93278130143881" lon="-70.71180640719831">
        <ele>1367.9</ele>
      </trkpt>
      <trkpt lat="-36.93301063030958" lon="-70.71190120652318">
        <ele>1367.4</ele>
      </trkpt>
      <trkpt lat="-36.933219423517585" lon="-70.7119678426534">
        <ele>1367.9</ele>
      </trkpt>
      <trkpt lat="-36.93346509709954" lon="-70.71206322871149">
        <ele>1369.9</ele>
      </trkpt>
      <trkpt lat="-36.933669028803706" lon="-70.71214067749679">
        <ele>1371.4</ele>
      </trkpt>
      <trkpt lat="-36.93380607292056" lon="-70.71218409575522">
        <ele>1373.0</ele>
      </trkpt>
      <trkpt lat="-36.9339906424284" lon="-70.71223312988877">
        <ele>1375.6</ele>
      </trkpt>
      <trkpt lat="-36.93404269404709" lon="-70.71224679239094">
        <ele>1376.7</ele>
      </trkpt>
      <trkpt lat="-36.93419742397964" lon="-70.71228082291782">
        <ele>1379.7</ele>
      </trkpt>
      <trkpt lat="-36.934273950755596" lon="-70.71229071356356">
        <ele>1380.9</ele>
      </trkpt>
      <trkpt lat="-36.93445935845375" lon="-70.71230580098927">
        <ele>1383.5</ele>
      </trkpt>
      <trkpt lat="-36.934537310153246" lon="-70.71231652982533">
        <ele>1384.6</ele>
      </trkpt>
      <trkpt lat="-36.93466488271952" lon="-70.71234100498259">
        <ele>1385.6</ele>
      </trkpt>
      <trkpt lat="-36.93479564040899" lon="-70.71236229501665">
        <ele>1386.5</ele>
      </trkpt>
      <trkpt lat="-36.934904772788286" lon="-70.71238500997424">
        <ele>1387.1</ele>
      </trkpt>
      <trkpt lat="-36.93504273891449" lon="-70.71242616511881">
        <ele>1387.5</ele>
      </trkpt>
      <trkpt lat="-36.93523610942066" lon="-70.71246706880629">
        <ele>1388.5</ele>
      </trkpt>
      <trkpt lat="-36.935399724170566" lon="-70.71249850094318">
        <ele>1389.5</ele>
      </trkpt>
      <trkpt lat="-36.93571069277823" lon="-70.71252406574786">
        <ele>1391.2</ele>
      </trkpt>
      <trkpt lat="-36.93577808327973" lon="-70.71252146735787">
        <ele>1391.2</ele>
      </trkpt>
      <trkpt lat="-36.93590632639825" lon="-70.7125099003315">
        <ele>1390.9</ele>
      </trkpt>
      <trkpt lat="-36.93606348708272" lon="-70.71250411681831">
        <ele>1391.5</ele>
      </trkpt>
      <trkpt lat="-36.93632743321359" lon="-70.71249213069677">
        <ele>1392.6</ele>
      </trkpt>
      <trkpt lat="-36.93671643733978" lon="-70.71249322034419">
        <ele>1393.0</ele>
      </trkpt>
      <trkpt lat="-36.937071159482" lon="-70.7125064637512">
        <ele>1394.8</ele>
      </trkpt>
      <trkpt lat="-36.93760324269533" lon="-70.71249506436288">
        <ele>1397.2</ele>
      </trkpt>
      <trkpt lat="-36.93790121935308" lon="-70.71242985315621">
        <ele>1398.8</ele>
      </trkpt>
      <trkpt lat="-36.938047064468265" lon="-70.71241552010179">
        <ele>1401.2</ele>
      </trkpt>
      <trkpt lat="-36.938293827697635" lon="-70.71238936856389">
        <ele>1402.5</ele>
      </trkpt>
      <trkpt lat="-36.9385252520442" lon="-70.71233404800296">
        <ele>1400.9</ele>
      </trkpt>
      <trkpt lat="-36.938946694135666" lon="-70.71222114376724">
        <ele>1399.5</ele>
      </trkpt>
      <trkpt lat="-36.93944977596402" lon="-70.71203481405973">
        <ele>1399.5</ele>
      </trkpt>
      <trkpt lat="-36.93949663080275" lon="-70.71200497448444">
        <ele>1399.4</ele>
      </trkpt>
      <trkpt lat="-36.93966016173363" lon="-70.71189223788679">
        <ele>1399.4</ele>
      </trkpt>
      <trkpt lat="-36.93999879062176" lon="-70.71173331700265">
        <ele>1403.3</ele>
      </trkpt>
      <trkpt lat="-36.94015226326883" lon="-70.71165687404573">
        <ele>1405.3</ele>
      </trkpt>
      <trkpt lat="-36.94024873897433" lon="-70.71162628009915">
        <ele>1407.0</ele>
      </trkpt>
      <trkpt lat="-36.94034236483276" lon="-70.71158973500133">
        <ele>1407.9</ele>
      </trkpt>
      <trkpt lat="-36.94043624214828" lon="-70.71155386045575">
        <ele>1408.4</ele>
      </trkpt>
      <trkpt lat="-36.94059692323208" lon="-70.7115341629833">
        <ele>1409.3</ele>
      </trkpt>
      <trkpt lat="-36.94078903645277" lon="-70.71148412302136">
        <ele>1409.9</ele>
      </trkpt>
      <trkpt lat="-36.940854247659445" lon="-70.71145772002637">
        <ele>1409.8</ele>
      </trkpt>
      <trkpt lat="-36.94136571139097" lon="-70.7112407963723">
        <ele>1410.5</ele>
      </trkpt>
      <trkpt lat="-36.94167131558061" lon="-70.71110358461738">
        <ele>1411.2</ele>
      </trkpt>
      <trkpt lat="-36.94186192005873" lon="-70.71095371618867">
        <ele>1412.4</ele>
      </trkpt>
      <trkpt lat="-36.94195345044136" lon="-70.71090719662607">
        <ele>1412.9</ele>
      </trkpt>
      <trkpt lat="-36.94204623810947" lon="-70.71086361072958">
        <ele>1413.5</ele>
      </trkpt>
      <trkpt lat="-36.94217917509377" lon="-70.7108084578067">
        <ele>1414.7</ele>
      </trkpt>
      <trkpt lat="-36.94271326996386" lon="-70.7105673942715">
        <ele>1414.2</ele>
      </trkpt>
      <trkpt lat="-36.94317419081926" lon="-70.7103750295937">
        <ele>1409.8</ele>
      </trkpt>
      <trkpt lat="-36.94323563016951" lon="-70.71034829132259">
        <ele>1409.2</ele>
      </trkpt>
      <trkpt lat="-36.94329514168203" lon="-70.71032230742276">
        <ele>1408.8</ele>
      </trkpt>
      <trkpt lat="-36.94341299124062" lon="-70.71026874706149">
        <ele>1408.1</ele>
      </trkpt>
      <trkpt lat="-36.94358113221824" lon="-70.71018937043846">
        <ele>1408.8</ele>
      </trkpt>
      <trkpt lat="-36.94410910829902" lon="-70.7099473848939">
        <ele>1410.8</ele>
      </trkpt>
      <trkpt lat="-36.94434883072972" lon="-70.70983833633363">
        <ele>1409.7</ele>
      </trkpt>
      <trkpt lat="-36.944878064095974" lon="-70.7095345761627">
        <ele>1408.8</ele>
      </trkpt>
      <trkpt lat="-36.9454291742295" lon="-70.70919745601714">
        <ele>1403.6</ele>
      </trkpt>
      <trkpt lat="-36.945639392361045" lon="-70.70909335277975">
        <ele>1402.4</ele>
      </trkpt>
      <trkpt lat="-36.94570326246321" lon="-70.70906426757574">
        <ele>1402.2</ele>
      </trkpt>
      <trkpt lat="-36.945764534175396" lon="-70.70903174579144">
        <ele>1401.9</ele>
      </trkpt>
      <trkpt lat="-36.94582329131663" lon="-70.70899025537074">
        <ele>1401.8</ele>
      </trkpt>
      <trkpt lat="-36.94610517472029" lon="-70.70877458900213">
        <ele>1405.0</ele>
      </trkpt>
      <trkpt lat="-36.94651027210057" lon="-70.7084634527564">
        <ele>1410.9</ele>
      </trkpt>
      <trkpt lat="-36.94657690823078" lon="-70.70840553380549">
        <ele>1411.7</ele>
      </trkpt>
      <trkpt lat="-36.946678161621094" lon="-70.70832774974406">
        <ele>1412.3</ele>
      </trkpt>
      <trkpt lat="-36.946745216846466" lon="-70.7082789670676">
        <ele>1413.2</ele>
      </trkpt>
      <trkpt lat="-36.946816463023424" lon="-70.70823160931468">
        <ele>1414.0</ele>
      </trkpt>
      <trkpt lat="-36.94688762538135" lon="-70.70818366482854">
        <ele>1414.0</ele>
      </trkpt>
      <trkpt lat="-36.94699524901807" lon="-70.70811660960317">
        <ele>1414.4</ele>
      </trkpt>
      <trkpt lat="-36.94703120738268" lon="-70.70809615775943">
        <ele>1414.2</ele>
      </trkpt>
      <trkpt lat="-36.947536300867796" lon="-70.70780765265226">
        <ele>1414.7</ele>
      </trkpt>
      <trkpt lat="-36.94805187173188" lon="-70.70753582753241">
        <ele>1414.1</ele>
      </trkpt>
      <trkpt lat="-36.94819897413254" lon="-70.70746198296547">
        <ele>1412.9</ele>
      </trkpt>
      <trkpt lat="-36.94860088638961" lon="-70.70730809122324">
        <ele>1410.9</ele>
      </trkpt>
      <trkpt lat="-36.94911913946271" lon="-70.70713835768402">
        <ele>1410.9</ele>
      </trkpt>
      <trkpt lat="-36.94958383217454" lon="-70.70696434937418">
        <ele>1410.9</ele>
      </trkpt>
      <trkpt lat="-36.94976203143597" lon="-70.70689687505364">
        <ele>1413.0</ele>
      </trkpt>
      <trkpt lat="-36.950066881254315" lon="-70.70677701383829">
        <ele>1415.2</ele>
      </trkpt>
      <trkpt lat="-36.95024306885898" lon="-70.70670878514647">
        <ele>1416.6</ele>
      </trkpt>
      <trkpt lat="-36.95038279518485" lon="-70.70665195584297">
        <ele>1418.1</ele>
      </trkpt>
      <trkpt lat="-36.950450856238604" lon="-70.70662706159055">
        <ele>1418.7</ele>
      </trkpt>
      <trkpt lat="-36.950556887313724" lon="-70.70659529417753">
        <ele>1419.3</ele>
      </trkpt>
      <trkpt lat="-36.950761657208204" lon="-70.70652421563864">
        <ele>1420.5</ele>
      </trkpt>
      <trkpt lat="-36.95093482732773" lon="-70.70646327920258">
        <ele>1420.1</ele>
      </trkpt>
      <trkpt lat="-36.951004983857274" lon="-70.70644450373948">
        <ele>1420.0</ele>
      </trkpt>
      <trkpt lat="-36.951143788173795" lon="-70.70640904828906">
        <ele>1419.9</ele>
      </trkpt>
      <trkpt lat="-36.95128368213773" lon="-70.7063880097121">
        <ele>1420.0</ele>
      </trkpt>
      <trkpt lat="-36.951457941904664" lon="-70.70639605633914">
        <ele>1420.6</ele>
      </trkpt>
      <trkpt lat="-36.95194593630731" lon="-70.70651893503964">
        <ele>1422.7</ele>
      </trkpt>
      <trkpt lat="-36.95243887603283" lon="-70.70675329305232">
        <ele>1420.5</ele>
      </trkpt>
      <trkpt lat="-36.952657056972384" lon="-70.70686401799321">
        <ele>1420.9</ele>
      </trkpt>
      <trkpt lat="-36.95274724625051" lon="-70.70690743625164">
        <ele>1421.2</ele>
      </trkpt>
      <trkpt lat="-36.95292226038873" lon="-70.707022016868">
        <ele>1422.0</ele>
      </trkpt>
      <trkpt lat="-36.953100794926286" lon="-70.7072374317795">
        <ele>1422.6</ele>
      </trkpt>
      <trkpt lat="-36.953244460746646" lon="-70.70762626826763">
        <ele>1423.0</ele>
      </trkpt>
      <trkpt lat="-36.95328075438738" lon="-70.70793212391436">
        <ele>1423.2</ele>
      </trkpt>
      <trkpt lat="-36.95330246351659" lon="-70.70851726457477">
        <ele>1423.4</ele>
      </trkpt>
      <trkpt lat="-36.9533556047827" lon="-70.7087573222816">
        <ele>1424.2</ele>
      </trkpt>
      <trkpt lat="-36.953626507893205" lon="-70.70926400832832">
        <ele>1426.0</ele>
      </trkpt>
      <trkpt lat="-36.95378266274929" lon="-70.70933600887656">
        <ele>1426.7</ele>
      </trkpt>
      <trkpt lat="-36.95381929166615" lon="-70.70935478433967">
        <ele>1426.9</ele>
      </trkpt>
      <trkpt lat="-36.95398483425379" lon="-70.70943332277238">
        <ele>1428.3</ele>
      </trkpt>
      <trkpt lat="-36.954082483425736" lon="-70.70947322063148">
        <ele>1429.9</ele>
      </trkpt>
      <trkpt lat="-36.954146856442094" lon="-70.70949803106487">
        <ele>1431.4</ele>
      </trkpt>
      <trkpt lat="-36.95430108346045" lon="-70.70956089533865">
        <ele>1433.9</ele>
      </trkpt>
      <trkpt lat="-36.954413149505854" lon="-70.70961060002446">
        <ele>1435.7</ele>
      </trkpt>
      <trkpt lat="-36.95449805818498" lon="-70.70964722894132">
        <ele>1436.7</ele>
      </trkpt>
      <trkpt lat="-36.954579278826714" lon="-70.70968092419207">
        <ele>1437.4</ele>
      </trkpt>
      <trkpt lat="-36.95468815974891" lon="-70.70972400717437">
        <ele>1437.6</ele>
      </trkpt>
      <trkpt lat="-36.954797292128205" lon="-70.70976340211928">
        <ele>1437.8</ele>
      </trkpt>
      <trkpt lat="-36.954878428950906" lon="-70.70979114621878">
        <ele>1438.0</ele>
      </trkpt>
      <trkpt lat="-36.95490516722202" lon="-70.70979952812195">
        <ele>1438.0</ele>
      </trkpt>
      <trkpt lat="-36.95509308949113" lon="-70.70983355864882">
        <ele>1437.5</ele>
      </trkpt>
      <trkpt lat="-36.95519392378628" lon="-70.70982760749757">
        <ele>1437.3</ele>
      </trkpt>
      <trkpt lat="-36.955380253493786" lon="-70.70976306684315">
        <ele>1437.2</ele>
      </trkpt>
      <trkpt lat="-36.955449655652046" lon="-70.70973037742078">
        <ele>1437.9</ele>
      </trkpt>
      <trkpt lat="-36.95552023127675" lon="-70.7097074110061">
        <ele>1439.0</ele>
      </trkpt>
      <trkpt lat="-36.95561360567808" lon="-70.70966240018606">
        <ele>1439.8</ele>
      </trkpt>
      <trkpt lat="-36.95572357624769" lon="-70.70959073491395">
        <ele>1440.7</ele>
      </trkpt>
      <trkpt lat="-36.95583891123533" lon="-70.70953013375401">
        <ele>1442.0</ele>
      </trkpt>
      <trkpt lat="-36.955949887633324" lon="-70.70946752093732">
        <ele>1443.5</ele>
      </trkpt>
      <trkpt lat="-36.95605952292681" lon="-70.70940406993032">
        <ele>1445.8</ele>
      </trkpt>
      <trkpt lat="-36.95617703720927" lon="-70.70933131501079">
        <ele>1449.1</ele>
      </trkpt>
      <trkpt lat="-36.95624786429107" lon="-70.70928680710495">
        <ele>1451.4</ele>
      </trkpt>
      <trkpt lat="-36.95632170885801" lon="-70.70924028754234">
        <ele>1453.1</ele>
      </trkpt>
      <trkpt lat="-36.95645070634782" lon="-70.70917591452599">
        <ele>1456.3</ele>
      </trkpt>
      <trkpt lat="-36.956557324156165" lon="-70.709123108536">
        <ele>1458.8</ele>
      </trkpt>
      <trkpt lat="-36.95669637992978" lon="-70.70904758758843">
        <ele>1460.1</ele>
      </trkpt>
      <trkpt lat="-36.95702218450606" lon="-70.70891255512834">
        <ele>1459.3</ele>
      </trkpt>
      <trkpt lat="-36.95722561329603" lon="-70.7088675443083">
        <ele>1458.3</ele>
      </trkpt>
      <trkpt lat="-36.95731437765062" lon="-70.7088553905487">
        <ele>1457.6</ele>
      </trkpt>
      <trkpt lat="-36.95740775205195" lon="-70.70884943939745">
        <ele>1456.4</ele>
      </trkpt>
      <trkpt lat="-36.95748880505562" lon="-70.70885212160647">
        <ele>1455.8</ele>
      </trkpt>
      <trkpt lat="-36.957678738981485" lon="-70.70885052904487">
        <ele>1454.5</ele>
      </trkpt>
      <trkpt lat="-36.95795316249132" lon="-70.70890115574002">
        <ele>1454.2</ele>
      </trkpt>
      <trkpt lat="-36.95801518857479" lon="-70.70890727452934">
        <ele>1453.7</ele>
      </trkpt>
      <trkpt lat="-36.95814250968397" lon="-70.70891666226089">
        <ele>1452.7</ele>
      </trkpt>
      <trkpt lat="-36.95840754546225" lon="-70.70893342606723">
        <ele>1450.9</ele>
      </trkpt>
      <trkpt lat="-36.95865087211132" lon="-70.70892940275371">
        <ele>1451.9</ele>
      </trkpt>
      <trkpt lat="-36.95876084268093" lon="-70.70892311632633">
        <ele>1452.8</ele>
      </trkpt>
      <trkpt lat="-36.95918974466622" lon="-70.70895396173">
        <ele>1456.4</ele>
      </trkpt>
      <trkpt lat="-36.95953289978206" lon="-70.70902378298342">
        <ele>1453.5</ele>
      </trkpt>
      <trkpt lat="-36.95959601551294" lon="-70.70904649794102">
        <ele>1452.6</ele>
      </trkpt>
      <trkpt lat="-36.95995802991092" lon="-70.70923266001046">
        <ele>1447.4</ele>
      </trkpt>
      <trkpt lat="-36.960225915536284" lon="-70.70939308963716">
        <ele>1442.9</ele>
      </trkpt>
      <trkpt lat="-36.96042247116566" lon="-70.7095152977854">
        <ele>1439.8</ele>
      </trkpt>
      <trkpt lat="-36.960522551089525" lon="-70.70957824587822">
        <ele>1438.8</ele>
      </trkpt>
      <trkpt lat="-36.96071826852858" lon="-70.70970263332129">
        <ele>1436.6</ele>
      </trkpt>
      <trkpt lat="-36.96081365458667" lon="-70.70976105518639">
        <ele>1435.6</ele>
      </trkpt>
      <trkpt lat="-36.96090627461672" lon="-70.70981830358505">
        <ele>1434.8</ele>
      </trkpt>
      <trkpt lat="-36.960998894646764" lon="-70.70987462997437">
        <ele>1434.2</ele>
      </trkpt>
      <trkpt lat="-36.96109193377197" lon="-70.7099283579737">
        <ele>1433.7</ele>
      </trkpt>
      <trkpt lat="-36.96127809584141" lon="-70.71003715507686">
        <ele>1432.4</ele>
      </trkpt>
      <trkpt lat="-36.9614633359015" lon="-70.71015056222677">
        <ele>1431.6</ele>
      </trkpt>
      <trkpt lat="-36.96155277080834" lon="-70.71020537987351">
        <ele>1431.3</ele>
      </trkpt>
      <trkpt lat="-36.961737340316176" lon="-70.71031744591892">
        <ele>1430.4</ele>
      </trkpt>
      <trkpt lat="-36.96192651987076" lon="-70.7104326132685">
        <ele>1428.5</ele>
      </trkpt>
      <trkpt lat="-36.962117375805974" lon="-70.7105444278568">
        <ele>1426.7</ele>
      </trkpt>
      <trkpt lat="-36.9623061362654" lon="-70.71065900847316">
        <ele>1425.1</ele>
      </trkpt>
      <trkpt lat="-36.9624010194093" lon="-70.71071634069085">
        <ele>1424.4</ele>
      </trkpt>
      <trkpt lat="-36.962495567277074" lon="-70.71077350527048">
        <ele>1423.9</ele>
      </trkpt>
      <trkpt lat="-36.962588522583246" lon="-70.7108298316598">
        <ele>1423.4</ele>
      </trkpt>
      <trkpt lat="-36.96277284063399" lon="-70.7109434902668">
        <ele>1421.3</ele>
      </trkpt>
      <trkpt lat="-36.96295699104667" lon="-70.71105354465544">
        <ele>1419.0</ele>
      </trkpt>
      <trkpt lat="-36.96323518641293" lon="-70.7112196739763">
        <ele>1416.6</ele>
      </trkpt>
      <trkpt lat="-36.963327303528786" lon="-70.71127541363239">
        <ele>1415.7</ele>
      </trkpt>
      <trkpt lat="-36.96351120248437" lon="-70.71138479746878">
        <ele>1414.3</ele>
      </trkpt>
      <trkpt lat="-36.96360147558153" lon="-70.71143819019198">
        <ele>1414.4</ele>
      </trkpt>
      <trkpt lat="-36.96377858519554" lon="-70.71154271252453">
        <ele>1414.1</ele>
      </trkpt>
      <trkpt lat="-36.96394555270672" lon="-70.71163868531585">
        <ele>1414.7</ele>
      </trkpt>
      <trkpt lat="-36.96418209001422" lon="-70.71177455596626">
        <ele>1415.2</ele>
      </trkpt>
      <trkpt lat="-36.96440982632339" lon="-70.71190648712218">
        <ele>1415.3</ele>
      </trkpt>
      <trkpt lat="-36.96494827978313" lon="-70.71221921592951">
        <ele>1413.6</ele>
      </trkpt>
      <trkpt lat="-36.96513360366225" lon="-70.71232449263334">
        <ele>1414.3</ele>
      </trkpt>
      <trkpt lat="-36.96535664610565" lon="-70.71245114319026">
        <ele>1414.4</ele>
      </trkpt>
      <trkpt lat="-36.96550827473402" lon="-70.7125355489552">
        <ele>1414.1</ele>
      </trkpt>
      <trkpt lat="-36.96569686755538" lon="-70.71264669299126">
        <ele>1413.3</ele>
      </trkpt>
      <trkpt lat="-36.96578253060579" lon="-70.71269815787673">
        <ele>1413.2</ele>
      </trkpt>
      <trkpt lat="-36.965954862535" lon="-70.7128014229238">
        <ele>1412.8</ele>
      </trkpt>
      <trkpt lat="-36.966087548062205" lon="-70.71288205683231">
        <ele>1413.2</ele>
      </trkpt>
      <trkpt lat="-36.96618687361479" lon="-70.71294668130577">
        <ele>1413.4</ele>
      </trkpt>
      <trkpt lat="-36.96669029071927" lon="-70.71323711425066">
        <ele>1413.6</ele>
      </trkpt>
      <trkpt lat="-36.96722446940839" lon="-70.71350818499923">
        <ele>1408.3</ele>
      </trkpt>
      <trkpt lat="-36.967304181307554" lon="-70.71354104205966">
        <ele>1407.3</ele>
      </trkpt>
      <trkpt lat="-36.967479698359966" lon="-70.71361161768436">
        <ele>1404.5</ele>
      </trkpt>
      <trkpt lat="-36.96776334196329" lon="-70.71372577920556">
        <ele>1400.6</ele>
      </trkpt>
      <trkpt lat="-36.9679512642324" lon="-70.71380934678018">
        <ele>1399.0</ele>
      </trkpt>
      <trkpt lat="-36.96804229170084" lon="-70.71385159157217">
        <ele>1398.7</ele>
      </trkpt>
      <trkpt lat="-36.96813139133155" lon="-70.71389358490705">
        <ele>1398.4</ele>
      </trkpt>
      <trkpt lat="-36.968302465975285" lon="-70.71396986022592">
        <ele>1398.7</ele>
      </trkpt>
      <trkpt lat="-36.968468595296144" lon="-70.71403708308935">
        <ele>1399.3</ele>
      </trkpt>
      <trkpt lat="-36.96863539516926" lon="-70.71409466676414">
        <ele>1399.2</ele>
      </trkpt>
      <trkpt lat="-36.96880420669913" lon="-70.71412735618651">
        <ele>1399.2</ele>
      </trkpt>
      <trkpt lat="-36.96898005902767" lon="-70.71411956101656">
        <ele>1398.7</ele>
      </trkpt>
      <trkpt lat="-36.96925079450011" lon="-70.71404789574444">
        <ele>1397.0</ele>
      </trkpt>
      <trkpt lat="-36.96943477727473" lon="-70.71396483108401">
        <ele>1396.0</ele>
      </trkpt>
      <trkpt lat="-36.96982143446803" lon="-70.71379065513611">
        <ele>1392.9</ele>
      </trkpt>
      <trkpt lat="-36.97011647745967" lon="-70.71368395350873">
        <ele>1393.8</ele>
      </trkpt>
      <trkpt lat="-36.970214042812586" lon="-70.71366056799889">
        <ele>1393.6</ele>
      </trkpt>
      <trkpt lat="-36.97040816769004" lon="-70.71364782750607">
        <ele>1392.3</ele>
      </trkpt>
      <trkpt lat="-36.97059868834913" lon="-70.71367666125298">
        <ele>1391.2</ele>
      </trkpt>
      <trkpt lat="-36.970888283103704" lon="-70.71377045474946">
        <ele>1389.2</ele>
      </trkpt>
      <trkpt lat="-36.97109665721655" lon="-70.713882856071">
        <ele>1386.3</ele>
      </trkpt>
      <trkpt lat="-36.97120084427297" lon="-70.71396038867533">
        <ele>1384.3</ele>
      </trkpt>
      <trkpt lat="-36.97129891254008" lon="-70.7140538468957">
        <ele>1382.5</ele>
      </trkpt>
      <trkpt lat="-36.97147157974541" lon="-70.71427990682423">
        <ele>1379.4</ele>
      </trkpt>
      <trkpt lat="-36.97164139710367" lon="-70.71470419876277">
        <ele>1379.4</ele>
      </trkpt>
      <trkpt lat="-36.971667213365436" lon="-70.71501709520817">
        <ele>1378.4</ele>
      </trkpt>
      <trkpt lat="-36.97166067548096" lon="-70.71517341770232">
        <ele>1376.8</ele>
      </trkpt>
      <trkpt lat="-36.971642822027206" lon="-70.71532730944455">
        <ele>1374.9</ele>
      </trkpt>
      <trkpt lat="-36.97157207876444" lon="-70.71562277153134">
        <ele>1372.3</ele>
      </trkpt>
      <trkpt lat="-36.97152438573539" lon="-70.71576836518943">
        <ele>1371.4</ele>
      </trkpt>
      <trkpt lat="-36.97141625918448" lon="-70.71605645120144">
        <ele>1370.3</ele>
      </trkpt>
      <trkpt lat="-36.97129815816879" lon="-70.7163417711854">
        <ele>1368.8</ele>
      </trkpt>
      <trkpt lat="-36.971183912828565" lon="-70.71663128212094">
        <ele>1366.9</ele>
      </trkpt>
      <trkpt lat="-36.97106631472707" lon="-70.71692925877869">
        <ele>1364.3</ele>
      </trkpt>
      <trkpt lat="-36.9710058812052" lon="-70.71708004921675">
        <ele>1363.1</ele>
      </trkpt>
      <trkpt lat="-36.97087990120053" lon="-70.71738908998668">
        <ele>1361.7</ele>
      </trkpt>
      <trkpt lat="-36.970816953107715" lon="-70.71754499338567">
        <ele>1361.5</ele>
      </trkpt>
      <trkpt lat="-36.97069080546498" lon="-70.71785763837397">
        <ele>1359.0</ele>
      </trkpt>
      <trkpt lat="-36.97056641802192" lon="-70.71817321702838">
        <ele>1356.3</ele>
      </trkpt>
      <trkpt lat="-36.97050305083394" lon="-70.71833188645542">
        <ele>1354.9</ele>
      </trkpt>
      <trkpt lat="-36.970437336713076" lon="-70.71848703548312">
        <ele>1353.8</ele>
      </trkpt>
      <trkpt lat="-36.97029484435916" lon="-70.71879599243402">
        <ele>1351.4</ele>
      </trkpt>
      <trkpt lat="-36.97014790959656" lon="-70.71908650919795">
        <ele>1349.5</ele>
      </trkpt>
      <trkpt lat="-36.97007699869573" lon="-70.71922791190445">
        <ele>1348.9</ele>
      </trkpt>
      <trkpt lat="-36.96994632482529" lon="-70.71950250305235">
        <ele>1346.8</ele>
      </trkpt>
      <trkpt lat="-36.96989368647337" lon="-70.7196400500834">
        <ele>1345.6</ele>
      </trkpt>
      <trkpt lat="-36.96985512971878" lon="-70.71978086605668">
        <ele>1345.2</ele>
      </trkpt>
      <trkpt lat="-36.96982956491411" lon="-70.71992604061961">
        <ele>1344.7</ele>
      </trkpt>
      <trkpt lat="-36.96981615386903" lon="-70.72007020935416">
        <ele>1344.3</ele>
      </trkpt>
      <trkpt lat="-36.96982386521995" lon="-70.7203583791852">
        <ele>1342.1</ele>
      </trkpt>
      <trkpt lat="-36.96983719244599" lon="-70.7204984407872">
        <ele>1340.5</ele>
      </trkpt>
      <trkpt lat="-36.96985563263297" lon="-70.72063816711307">
        <ele>1339.0</ele>
      </trkpt>
      <trkpt lat="-36.96987725794315" lon="-70.72077814489603">
        <ele>1338.3</ele>
      </trkpt>
      <trkpt lat="-36.96991774253547" lon="-70.72106220759451">
        <ele>1337.0</ele>
      </trkpt>
      <trkpt lat="-36.96993727236986" lon="-70.72120042517781">
        <ele>1336.5</ele>
      </trkpt>
      <trkpt lat="-36.96995688602328" lon="-70.72133503854275">
        <ele>1336.1</ele>
      </trkpt>
      <trkpt lat="-36.969994604587555" lon="-70.72159211151302">
        <ele>1335.0</ele>
      </trkpt>
      <trkpt lat="-36.97004422545433" lon="-70.7219506893307">
        <ele>1333.9</ele>
      </trkpt>
      <trkpt lat="-36.970079177990556" lon="-70.72219351306558">
        <ele>1332.9</ele>
      </trkpt>
      <trkpt lat="-36.97012242861092" lon="-70.7224393542856">
        <ele>1331.2</ele>
      </trkpt>
      <trkpt lat="-36.970170037820935" lon="-70.72268930263817">
        <ele>1330.0</ele>
      </trkpt>
      <trkpt lat="-36.97021764703095" lon="-70.72294168174267">
        <ele>1329.2</ele>
      </trkpt>
      <trkpt lat="-36.970304399728775" lon="-70.72330704890192">
        <ele>1327.6</ele>
      </trkpt>
      <trkpt lat="-36.97040339000523" lon="-70.72366084903479">
        <ele>1328.0</ele>
      </trkpt>
      <trkpt lat="-36.97049994952977" lon="-70.72400291450322">
        <ele>1328.0</ele>
      </trkpt>
      <trkpt lat="-36.970604388043284" lon="-70.72433399967849">
        <ele>1326.7</ele>
      </trkpt>
      <trkpt lat="-36.97071377187967" lon="-70.72466407902539">
        <ele>1324.6</ele>
      </trkpt>
      <trkpt lat="-36.97082701139152" lon="-70.72499675676227">
        <ele>1322.2</ele>
      </trkpt>
      <trkpt lat="-36.97104686871171" lon="-70.7255010958761">
        <ele>1319.8</ele>
      </trkpt>
      <trkpt lat="-36.97114845737815" lon="-70.72568675503135">
        <ele>1319.2</ele>
      </trkpt>
      <trkpt lat="-36.97129111737013" lon="-70.72596461512148">
        <ele>1317.3</ele>
      </trkpt>
      <trkpt lat="-36.97138465940952" lon="-70.7261501904577">
        <ele>1315.3</ele>
      </trkpt>
      <trkpt lat="-36.97151994332671" lon="-70.7264332473278">
        <ele>1313.2</ele>
      </trkpt>
      <trkpt lat="-36.97156302630901" lon="-70.72652754373848">
        <ele>1313.3</ele>
      </trkpt>
      <trkpt lat="-36.97164508514106" lon="-70.72671236470342">
        <ele>1313.9</ele>
      </trkpt>
      <trkpt lat="-36.97172848507762" lon="-70.72689081542194">
        <ele>1313.9</ele>
      </trkpt>
      <trkpt lat="-36.971810795366764" lon="-70.72707010433078">
        <ele>1313.8</ele>
      </trkpt>
      <trkpt lat="-36.97193258441985" lon="-70.72733933106065">
        <ele>1313.1</ele>
      </trkpt>
      <trkpt lat="-36.97221966460347" lon="-70.72795791551471">
        <ele>1310.6</ele>
      </trkpt>
      <trkpt lat="-36.972495429217815" lon="-70.72851598262787">
        <ele>1310.2</ele>
      </trkpt>
      <trkpt lat="-36.97258025407791" lon="-70.72868353687227">
        <ele>1309.8</ele>
      </trkpt>
      <trkpt lat="-36.97267052717507" lon="-70.72883885353804">
        <ele>1309.5</ele>
      </trkpt>
      <trkpt lat="-36.97286364622414" lon="-70.7291569467634">
        <ele>1307.6</ele>
      </trkpt>
      <trkpt lat="-36.97317679412663" lon="-70.72979154065251">
        <ele>1306.0</ele>
      </trkpt>
      <trkpt lat="-36.973221050575376" lon="-70.72988340631127">
        <ele>1306.1</ele>
      </trkpt>
      <trkpt lat="-36.97339480742812" lon="-70.73024910874665">
        <ele>1305.4</ele>
      </trkpt>
      <trkpt lat="-36.973611898720264" lon="-70.73070785030723">
        <ele>1303.3</ele>
      </trkpt>
      <trkpt lat="-36.973791271448135" lon="-70.7310790847987">
        <ele>1301.0</ele>
      </trkpt>
      <trkpt lat="-36.97400593198836" lon="-70.73151561431587">
        <ele>1299.7</ele>
      </trkpt>
      <trkpt lat="-36.97421187534928" lon="-70.73194946162403">
        <ele>1299.0</ele>
      </trkpt>
      <trkpt lat="-36.97429494000971" lon="-70.7321164291352">
        <ele>1299.0</ele>
      </trkpt>
      <trkpt lat="-36.97452628053725" lon="-70.7325049303472">
        <ele>1296.5</ele>
      </trkpt>
      <trkpt lat="-36.97473792359233" lon="-70.73286912404001">
        <ele>1295.0</ele>
      </trkpt>
      <trkpt lat="-36.97478209622204" lon="-70.7329317368567">
        <ele>1295.2</ele>
      </trkpt>
      <trkpt lat="-36.97488259524107" lon="-70.73304573073983">
        <ele>1295.4</ele>
      </trkpt>
      <trkpt lat="-36.97504646144807" lon="-70.73320825584233">
        <ele>1295.3</ele>
      </trkpt>
      <trkpt lat="-36.975274784490466" lon="-70.73342006653547">
        <ele>1294.0</ele>
      </trkpt>
      <trkpt lat="-36.97556035593152" lon="-70.7336762174964">
        <ele>1291.4</ele>
      </trkpt>
      <trkpt lat="-36.975958328694105" lon="-70.734037226066">
        <ele>1288.7</ele>
      </trkpt>
      <trkpt lat="-36.97640969417989" lon="-70.73446093127131">
        <ele>1289.2</ele>
      </trkpt>
      <trkpt lat="-36.976897018030286" lon="-70.73490232229233">
        <ele>1290.0</ele>
      </trkpt>
      <trkpt lat="-36.97736908681691" lon="-70.73532393202186">
        <ele>1290.7</ele>
      </trkpt>
      <trkpt lat="-36.977709140628576" lon="-70.73557865805924">
        <ele>1289.6</ele>
      </trkpt>
      <trkpt lat="-36.97780150920153" lon="-70.73566256090999">
        <ele>1289.5</ele>
      </trkpt>
      <trkpt lat="-36.97820811532438" lon="-70.7360812369734">
        <ele>1288.5</ele>
      </trkpt>
      <trkpt lat="-36.97830551303923" lon="-70.73616279289126">
        <ele>1288.1</ele>
      </trkpt>
      <trkpt lat="-36.97840894572437" lon="-70.7362318597734">
        <ele>1287.6</ele>
      </trkpt>
      <trkpt lat="-36.97850667871535" lon="-70.73631517589092">
        <ele>1287.7</ele>
      </trkpt>
      <trkpt lat="-36.97896273806691" lon="-70.73674399405718">
        <ele>1288.2</ele>
      </trkpt>
      <trkpt lat="-36.97911813855171" lon="-70.73690450750291">
        <ele>1286.4</ele>
      </trkpt>
      <trkpt lat="-36.979262977838516" lon="-70.73709645308554">
        <ele>1284.5</ele>
      </trkpt>
      <trkpt lat="-36.9794037938118" lon="-70.73730231262743">
        <ele>1282.6</ele>
      </trkpt>
      <trkpt lat="-36.97956070303917" lon="-70.73753289878368">
        <ele>1280.3</ele>
      </trkpt>
      <trkpt lat="-36.97966581210494" lon="-70.73770405724645">
        <ele>1278.7</ele>
      </trkpt>
      <trkpt lat="-36.97971652261913" lon="-70.73779374361038">
        <ele>1277.9</ele>
      </trkpt>
      <trkpt lat="-36.979813082143664" lon="-70.73797889985144">
        <ele>1276.7</ele>
      </trkpt>
      <trkpt lat="-36.97995322756469" lon="-70.73826296254992">
        <ele>1275.5</ele>
      </trkpt>
      <trkpt lat="-36.980043249204755" lon="-70.73845733888447">
        <ele>1274.8</ele>
      </trkpt>
      <trkpt lat="-36.98008691892028" lon="-70.73855482041836">
        <ele>1274.5</ele>
      </trkpt>
      <trkpt lat="-36.9801739230752" lon="-70.73874651454389">
        <ele>1273.7</ele>
      </trkpt>
      <trkpt lat="-36.98025363497436" lon="-70.73893150314689">
        <ele>1273.2</ele>
      </trkpt>
      <trkpt lat="-36.98036561720073" lon="-70.73918983340263">
        <ele>1273.1</ele>
      </trkpt>
      <trkpt lat="-36.980443401262164" lon="-70.7393525261432">
        <ele>1273.1</ele>
      </trkpt>
      <trkpt lat="-36.98056535795331" lon="-70.73959216475487">
        <ele>1272.9</ele>
      </trkpt>
      <trkpt lat="-36.98078932240605" lon="-70.74009088799357">
        <ele>1272.6</ele>
      </trkpt>
      <trkpt lat="-36.980925779789686" lon="-70.74042549356818">
        <ele>1272.1</ele>
      </trkpt>
      <trkpt lat="-36.981165166944265" lon="-70.74097727425396">
        <ele>1271.6</ele>
      </trkpt>
      <trkpt lat="-36.981441769748926" lon="-70.74159510433674">
        <ele>1269.9</ele>
      </trkpt>
      <trkpt lat="-36.98163799010217" lon="-70.74202811345458">
        <ele>1268.7</ele>
      </trkpt>
      <trkpt lat="-36.981945941224694" lon="-70.74265114031732">
        <ele>1266.6</ele>
      </trkpt>
      <trkpt lat="-36.982018277049065" lon="-70.7428059540689">
        <ele>1265.9</ele>
      </trkpt>
      <trkpt lat="-36.98231306858361" lon="-70.74345035478473">
        <ele>1264.8</ele>
      </trkpt>
      <trkpt lat="-36.98244768194854" lon="-70.74377280659974">
        <ele>1264.3</ele>
      </trkpt>
      <trkpt lat="-36.98258690536022" lon="-70.74408209882677">
        <ele>1263.6</ele>
      </trkpt>
      <trkpt lat="-36.982854790985584" lon="-70.74455777183175">
        <ele>1260.7</ele>
      </trkpt>
      <trkpt lat="-36.983016058802605" lon="-70.74477570131421">
        <ele>1259.6</ele>
      </trkpt>
      <trkpt lat="-36.98313172906637" lon="-70.74489933438599">
        <ele>1259.6</ele>
      </trkpt>
      <trkpt lat="-36.98319308459759" lon="-70.74495121836662">
        <ele>1259.6</ele>
      </trkpt>
      <trkpt lat="-36.98325661942363" lon="-70.74499958194792">
        <ele>1260.0</ele>
      </trkpt>
      <trkpt lat="-36.98332065716386" lon="-70.74504928663373">
        <ele>1260.4</ele>
      </trkpt>
      <trkpt lat="-36.98361335322261" lon="-70.74526746757329">
        <ele>1261.2</ele>
      </trkpt>
      <trkpt lat="-36.98372198268771" lon="-70.7453409768641">
        <ele>1261.1</ele>
      </trkpt>
      <trkpt lat="-36.98414652608335" lon="-70.74562663212419">
        <ele>1261.6</ele>
      </trkpt>
      <trkpt lat="-36.98415683582425" lon="-70.74563040398061">
        <ele>1261.6</ele>
      </trkpt>
      <trkpt lat="-36.9846482668072" lon="-70.7459107786417">
        <ele>1260.8</ele>
      </trkpt>
      <trkpt lat="-36.98473669588566" lon="-70.74595796875656">
        <ele>1260.8</ele>
      </trkpt>
      <trkpt lat="-36.984884049743414" lon="-70.74604933150113">
        <ele>1261.1</ele>
      </trkpt>
      <trkpt lat="-36.98513978160918" lon="-70.7462025526911">
        <ele>1262.1</ele>
      </trkpt>
      <trkpt lat="-36.9852939248085" lon="-70.7462976872921">
        <ele>1261.7</ele>
      </trkpt>
      <trkpt lat="-36.98580555617809" lon="-70.74660790152848">
        <ele>1259.8</ele>
      </trkpt>
      <trkpt lat="-36.985919550061226" lon="-70.7466772198677">
        <ele>1259.8</ele>
      </trkpt>
      <trkpt lat="-36.98635230772197" lon="-70.74690973386168">
        <ele>1259.5</ele>
      </trkpt>
      <trkpt lat="-36.98685337789357" lon="-70.74716789647937">
        <ele>1259.5</ele>
      </trkpt>
      <trkpt lat="-36.987332152202725" lon="-70.74742580763996">
        <ele>1258.8</ele>
      </trkpt>
      <trkpt lat="-36.987463580444455" lon="-70.74750107713044">
        <ele>1258.5</ele>
      </trkpt>
      <trkpt lat="-36.98791771195829" lon="-70.74776242487133">
        <ele>1257.3</ele>
      </trkpt>
      <trkpt lat="-36.98799725621939" lon="-70.7478175777942">
        <ele>1256.9</ele>
      </trkpt>
      <trkpt lat="-36.988075291737914" lon="-70.74787683784962">
        <ele>1256.3</ele>
      </trkpt>
      <trkpt lat="-36.98822893202305" lon="-70.74800105765462">
        <ele>1255.6</ele>
      </trkpt>
      <trkpt lat="-36.98838827200234" lon="-70.7481122855097">
        <ele>1255.9</ele>
      </trkpt>
      <trkpt lat="-36.98853495530784" lon="-70.7482142932713">
        <ele>1256.2</ele>
      </trkpt>
      <trkpt lat="-36.98867795057595" lon="-70.74830347672105">
        <ele>1256.8</ele>
      </trkpt>
      <trkpt lat="-36.98881742544472" lon="-70.7483834400773">
        <ele>1256.7</ele>
      </trkpt>
      <trkpt lat="-36.989154713228345" lon="-70.74855057522655">
        <ele>1255.0</ele>
      </trkpt>
      <trkpt lat="-36.98927625082433" lon="-70.74861612170935">
        <ele>1254.0</ele>
      </trkpt>
      <trkpt lat="-36.98977597989142" lon="-70.7489601150155">
        <ele>1252.6</ele>
      </trkpt>
      <trkpt lat="-36.98997194878757" lon="-70.7491194549948">
        <ele>1252.8</ele>
      </trkpt>
      <trkpt lat="-36.990224746987224" lon="-70.74932749383152">
        <ele>1253.0</ele>
      </trkpt>
      <trkpt lat="-36.99053370393813" lon="-70.74944660067558">
        <ele>1252.4</ele>
      </trkpt>
      <trkpt lat="-36.99079446494579" lon="-70.7494009193033">
        <ele>1252.0</ele>
      </trkpt>
      <trkpt lat="-36.991100488230586" lon="-70.74932975694537">
        <ele>1250.7</ele>
      </trkpt>
      <trkpt lat="-36.99116310104728" lon="-70.74932749383152">
        <ele>1250.7</ele>
      </trkpt>
      <trkpt lat="-36.991360411047935" lon="-70.7493507117033">
        <ele>1250.6</ele>
      </trkpt>
      <trkpt lat="-36.99149292893708" lon="-70.74939689598978">
        <ele>1250.4</ele>
      </trkpt>
      <trkpt lat="-36.991728795692325" lon="-70.74956939555705">
        <ele>1250.5</ele>
      </trkpt>
      <trkpt lat="-36.992180244997144" lon="-70.75003962032497">
        <ele>1252.5</ele>
      </trkpt>
      <trkpt lat="-36.992226680740714" lon="-70.7500946894288">
        <ele>1252.5</ele>
      </trkpt>
      <trkpt lat="-36.992364060133696" lon="-70.75025738216937">
        <ele>1252.3</ele>
      </trkpt>
      <trkpt lat="-36.992601519450545" lon="-70.75050883926451">
        <ele>1251.1</ele>
      </trkpt>
      <trkpt lat="-36.99303570203483" lon="-70.75091619975865">
        <ele>1248.8</ele>
      </trkpt>
      <trkpt lat="-36.993521600961685" lon="-70.75121191330254">
        <ele>1250.0</ele>
      </trkpt>
      <trkpt lat="-36.99405292980373" lon="-70.7515160087496">
        <ele>1248.6</ele>
      </trkpt>
      <trkpt lat="-36.99431058950722" lon="-70.75165414251387">
        <ele>1249.0</ele>
      </trkpt>
      <trkpt lat="-36.99460110627115" lon="-70.7518112193793">
        <ele>1250.3</ele>
      </trkpt>
      <trkpt lat="-36.99503134936094" lon="-70.75204289518297">
        <ele>1250.4</ele>
      </trkpt>
      <trkpt lat="-36.9950782880187" lon="-70.75207566842437">
        <ele>1250.2</ele>
      </trkpt>
      <trkpt lat="-36.995591428130865" lon="-70.75242821127176">
        <ele>1249.7</ele>
      </trkpt>
      <trkpt lat="-36.995984707027674" lon="-70.75289751403034">
        <ele>1249.5</ele>
      </trkpt>
      <trkpt lat="-36.99628653936088" lon="-70.75341786257923">
        <ele>1247.4</ele>
      </trkpt>
      <trkpt lat="-36.99660362675786" lon="-70.75397090055048">
        <ele>1244.9</ele>
      </trkpt>
      <trkpt lat="-36.99669775553048" lon="-70.75413309037685">
        <ele>1244.0</ele>
      </trkpt>
      <trkpt lat="-36.99689280241728" lon="-70.75446627102792">
        <ele>1244.1</ele>
      </trkpt>
      <trkpt lat="-36.99717921204865" lon="-70.75496608391404">
        <ele>1245.7</ele>
      </trkpt>
      <trkpt lat="-36.9975081179291" lon="-70.7555413339287">
        <ele>1246.2</ele>
      </trkpt>
      <trkpt lat="-36.997849429026246" lon="-70.75608003884554">
        <ele>1248.0</ele>
      </trkpt>
      <trkpt lat="-36.997903576120734" lon="-70.75614332221448">
        <ele>1248.8</ele>
      </trkpt>
      <trkpt lat="-36.99818738736212" lon="-70.75644389726222">
        <ele>1249.1</ele>
      </trkpt>
      <trkpt lat="-36.9986030459404" lon="-70.75687849894166">
        <ele>1247.3</ele>
      </trkpt>
      <trkpt lat="-36.99904317967594" lon="-70.75729055330157">
        <ele>1246.2</ele>
      </trkpt>
      <trkpt lat="-36.99947711080313" lon="-70.75772322714329">
        <ele>1248.4</ele>
      </trkpt>
      <trkpt lat="-36.999604096636176" lon="-70.75784627348185">
        <ele>1249.1</ele>
      </trkpt>
      <trkpt lat="-37.00005395337939" lon="-70.75829462148249">
        <ele>1247.3</ele>
      </trkpt>
      <trkpt lat="-37.00045259669423" lon="-70.75886869803071">
        <ele>1253.9</ele>
      </trkpt>
      <trkpt lat="-37.00052049010992" lon="-70.75902803801">
        <ele>1254.0</ele>
      </trkpt>
      <trkpt lat="-37.000718638300896" lon="-70.75971426442266">
        <ele>1252.3</ele>
      </trkpt>
      <trkpt lat="-37.000905219465494" lon="-70.76039470732212">
        <ele>1251.5</ele>
      </trkpt>
      <trkpt lat="-37.00101803988218" lon="-70.76070693321526">
        <ele>1251.2</ele>
      </trkpt>
      <trkpt lat="-37.001308808103204" lon="-70.76127933338284">
        <ele>1251.5</ele>
      </trkpt>
      <trkpt lat="-37.00155682861805" lon="-70.76161745935678">
        <ele>1253.2</ele>
      </trkpt>
      <trkpt lat="-37.00163167901337" lon="-70.76170639134943">
        <ele>1252.9</ele>
      </trkpt>
      <trkpt lat="-37.00181524269283" lon="-70.76188609935343">
        <ele>1251.9</ele>
      </trkpt>
      <trkpt lat="-37.001962177455425" lon="-70.76201266609132">
        <ele>1250.8</ele>
      </trkpt>
      <trkpt lat="-37.002460062503815" lon="-70.76235439628363">
        <ele>1247.1</ele>
      </trkpt>
      <trkpt lat="-37.00302961282432" lon="-70.76265061274171">
        <ele>1243.5</ele>
      </trkpt>
      <trkpt lat="-37.003190126270056" lon="-70.76272663660347">
        <ele>1243.5</ele>
      </trkpt>
      <trkpt lat="-37.00335189700127" lon="-70.76281699351966">
        <ele>1243.3</ele>
      </trkpt>
      <trkpt lat="-37.00368675403297" lon="-70.76300902292132">
        <ele>1240.4</ele>
      </trkpt>
      <trkpt lat="-37.004044158384204" lon="-70.76319367624819">
        <ele>1235.2</ele>
      </trkpt>
      <trkpt lat="-37.00442402623594" lon="-70.76339098624885">
        <ele>1233.6</ele>
      </trkpt>
      <trkpt lat="-37.004520585760474" lon="-70.76344287022948">
        <ele>1233.3</ele>
      </trkpt>
      <trkpt lat="-37.00461681000888" lon="-70.76349450275302">
        <ele>1232.8</ele>
      </trkpt>
      <trkpt lat="-37.00500380247831" lon="-70.76369935646653">
        <ele>1230.3</ele>
      </trkpt>
      <trkpt lat="-37.00528669171035" lon="-70.76389482244849">
        <ele>1230.4</ele>
      </trkpt>
      <trkpt lat="-37.00546095147729" lon="-70.76406061649323">
        <ele>1230.7</ele>
      </trkpt>
      <trkpt lat="-37.00569690205157" lon="-70.76433814130723">
        <ele>1230.9</ele>
      </trkpt>
      <trkpt lat="-37.00584081932902" lon="-70.76453972607851">
        <ele>1228.7</ele>
      </trkpt>
      <trkpt lat="-37.00604458339512" lon="-70.76484088785946">
        <ele>1226.0</ele>
      </trkpt>
      <trkpt lat="-37.00623753480613" lon="-70.76513031497598">
        <ele>1223.5</ele>
      </trkpt>
      <trkpt lat="-37.00657079927623" lon="-70.76557958498597">
        <ele>1223.5</ele>
      </trkpt>
      <trkpt lat="-37.00672326609492" lon="-70.76572400517762">
        <ele>1223.1</ele>
      </trkpt>
      <trkpt lat="-37.00680666603148" lon="-70.76578477397561">
        <ele>1222.9</ele>
      </trkpt>
      <trkpt lat="-37.00698419474065" lon="-70.76588778756559">
        <ele>1223.1</ele>
      </trkpt>
      <trkpt lat="-37.00734872370958" lon="-70.76608635485172">
        <ele>1225.7</ele>
      </trkpt>
      <trkpt lat="-37.00751376338303" lon="-70.76620772480965">
        <ele>1226.2</ele>
      </trkpt>
      <trkpt lat="-37.00772096402943" lon="-70.7664192840457">
        <ele>1227.2</ele>
      </trkpt>
      <trkpt lat="-37.0078451000154" lon="-70.76657426543534">
        <ele>1226.9</ele>
      </trkpt>
      <trkpt lat="-37.00796479359269" lon="-70.76673746109009">
        <ele>1225.2</ele>
      </trkpt>
      <trkpt lat="-37.00807945802808" lon="-70.76689990237355">
        <ele>1224.1</ele>
      </trkpt>
      <trkpt lat="-37.00832286849618" lon="-70.76720165088773">
        <ele>1221.9</ele>
      </trkpt>
      <trkpt lat="-37.00851439498365" lon="-70.76736870221794">
        <ele>1220.0</ele>
      </trkpt>
      <trkpt lat="-37.00903440825641" lon="-70.76754597947001">
        <ele>1212.6</ele>
      </trkpt>
      <trkpt lat="-37.009195340797305" lon="-70.76754363253713">
        <ele>1211.0</ele>
      </trkpt>
      <trkpt lat="-37.00935451313853" lon="-70.76751329004765">
        <ele>1210.2</ele>
      </trkpt>
      <trkpt lat="-37.009433303028345" lon="-70.76748420484364">
        <ele>1210.6</ele>
      </trkpt>
      <trkpt lat="-37.009752318263054" lon="-70.76730986125767">
        <ele>1209.5</ele>
      </trkpt>
      <trkpt lat="-37.01015372760594" lon="-70.76705203391612">
        <ele>1206.7</ele>
      </trkpt>
      <trkpt lat="-37.01032052747905" lon="-70.76694424264133">
        <ele>1206.2</ele>
      </trkpt>
      <trkpt lat="-37.01048498041928" lon="-70.76684357598424">
        <ele>1206.8</ele>
      </trkpt>
      <trkpt lat="-37.01073911972344" lon="-70.76672472059727">
        <ele>1205.5</ele>
      </trkpt>
      <trkpt lat="-37.01091296039522" lon="-70.76668658293784">
        <ele>1205.9</ele>
      </trkpt>
      <trkpt lat="-37.01099921017885" lon="-70.76668188907206">
        <ele>1206.1</ele>
      </trkpt>
      <trkpt lat="-37.011335575953126" lon="-70.76669739559293">
        <ele>1206.6</ele>
      </trkpt>
      <trkpt lat="-37.011889619752765" lon="-70.76676168479025">
        <ele>1206.7</ele>
      </trkpt>
      <trkpt lat="-37.01211526058614" lon="-70.76677400618792">
        <ele>1206.6</ele>
      </trkpt>
      <trkpt lat="-37.01269210316241" lon="-70.76670200563967">
        <ele>1205.7</ele>
      </trkpt>
      <trkpt lat="-37.01308890245855" lon="-70.76656873337924">
        <ele>1206.9</ele>
      </trkpt>
      <trkpt lat="-37.01321027241647" lon="-70.76652833260596">
        <ele>1206.6</ele>
      </trkpt>
      <trkpt lat="-37.0134402718395" lon="-70.7664481177926">
        <ele>1205.8</ele>
      </trkpt>
      <trkpt lat="-37.01360640116036" lon="-70.76639556325972">
        <ele>1207.0</ele>
      </trkpt>
      <trkpt lat="-37.01382097788155" lon="-70.76633370481431">
        <ele>1207.6</ele>
      </trkpt>
      <trkpt lat="-37.01411107555032" lon="-70.76625893823802">
        <ele>1207.5</ele>
      </trkpt>
      <trkpt lat="-37.01425490900874" lon="-70.76622876338661">
        <ele>1208.3</ele>
      </trkpt>
      <trkpt lat="-37.014351887628436" lon="-70.76620898209512">
        <ele>1209.1</ele>
      </trkpt>
      <trkpt lat="-37.014399664476514" lon="-70.76620001345873">
        <ele>1209.5</ele>
      </trkpt>
      <trkpt lat="-37.0148563105613" lon="-70.76616112142801">
        <ele>1212.0</ele>
      </trkpt>
      <trkpt lat="-37.01542477123439" lon="-70.76613932847977">
        <ele>1211.0</ele>
      </trkpt>
      <trkpt lat="-37.015977976843715" lon="-70.766118792817">
        <ele>1212.0</ele>
      </trkpt>
      <trkpt lat="-37.0165331941098" lon="-70.7660064753145">
        <ele>1211.3</ele>
      </trkpt>
      <trkpt lat="-37.01709821820259" lon="-70.7657953351736">
        <ele>1209.3</ele>
      </trkpt>
      <trkpt lat="-37.01715588569641" lon="-70.76577035710216">
        <ele>1209.2</ele>
      </trkpt>
      <trkpt lat="-37.01760389842093" lon="-70.76557321473956">
        <ele>1209.0</ele>
      </trkpt>
      <trkpt lat="-37.01812248677015" lon="-70.76536693610251">
        <ele>1210.7</ele>
      </trkpt>
      <trkpt lat="-37.01834972016513" lon="-70.76529351063073">
        <ele>1209.7</ele>
      </trkpt>
      <trkpt lat="-37.01874283142388" lon="-70.76519996859133">
        <ele>1206.6</ele>
      </trkpt>
      <trkpt lat="-37.0192149002105" lon="-70.76510223560035">
        <ele>1205.9</ele>
      </trkpt>
      <trkpt lat="-37.01975494623184" lon="-70.76493451371789">
        <ele>1206.0</ele>
      </trkpt>
      <trkpt lat="-37.02027470804751" lon="-70.76467735692859">
        <ele>1204.1</ele>
      </trkpt>
      <trkpt lat="-37.02079170383513" lon="-70.76440301723778">
        <ele>1204.2</ele>
      </trkpt>
      <trkpt lat="-37.021346502006054" lon="-70.76410789042711">
        <ele>1204.1</ele>
      </trkpt>
      <trkpt lat="-37.021852349862456" lon="-70.76383958570659">
        <ele>1204.5</ele>
      </trkpt>
      <trkpt lat="-37.02215200290084" lon="-70.76367965899408">
        <ele>1204.6</ele>
      </trkpt>
      <trkpt lat="-37.02267503365874" lon="-70.76339618302882">
        <ele>1202.8</ele>
      </trkpt>
      <trkpt lat="-37.022897992283106" lon="-70.76327707618475">
        <ele>1202.0</ele>
      </trkpt>
      <trkpt lat="-37.0232695620507" lon="-70.76307859271765">
        <ele>1201.9</ele>
      </trkpt>
      <trkpt lat="-37.023811619728804" lon="-70.76279679313302">
        <ele>1200.8</ele>
      </trkpt>
      <trkpt lat="-37.02420322224498" lon="-70.7625821325928">
        <ele>1200.9</ele>
      </trkpt>
      <trkpt lat="-37.024730360135436" lon="-70.76229345984757">
        <ele>1200.5</ele>
      </trkpt>
      <trkpt lat="-37.02524769119918" lon="-70.76201082207263">
        <ele>1197.3</ele>
      </trkpt>
      <trkpt lat="-37.02575135976076" lon="-70.76174469664693">
        <ele>1198.2</ele>
      </trkpt>
      <trkpt lat="-37.02604095451534" lon="-70.76161310076714">
        <ele>1198.6</ele>
      </trkpt>
      <trkpt lat="-37.026608157902956" lon="-70.76146323233843">
        <ele>1197.7</ele>
      </trkpt>
      <trkpt lat="-37.02669340185821" lon="-70.7614544313401">
        <ele>1197.5</ele>
      </trkpt>
      <trkpt lat="-37.027207128703594" lon="-70.76147580519319">
        <ele>1194.4</ele>
      </trkpt>
      <trkpt lat="-37.02746017836034" lon="-70.76150287874043">
        <ele>1193.4</ele>
      </trkpt>
      <trkpt lat="-37.027626894414425" lon="-70.7615234144032">
        <ele>1192.6</ele>
      </trkpt>
      <trkpt lat="-37.02786661684513" lon="-70.76155216433108">
        <ele>1192.4</ele>
      </trkpt>
      <trkpt lat="-37.028095526620746" lon="-70.76157974079251">
        <ele>1191.9</ele>
      </trkpt>
      <trkpt lat="-37.02817054465413" lon="-70.76158879324794">
        <ele>1191.7</ele>
      </trkpt>
      <trkpt lat="-37.0285364985466" lon="-70.76163682155311">
        <ele>1192.7</ele>
      </trkpt>
      <trkpt lat="-37.02910956926644" lon="-70.76171125285327">
        <ele>1190.9</ele>
      </trkpt>
      <trkpt lat="-37.02969563193619" lon="-70.76177864335477">
        <ele>1189.7</ele>
      </trkpt>
      <trkpt lat="-37.03001590445638" lon="-70.76181753538549">
        <ele>1189.4</ele>
      </trkpt>
      <trkpt lat="-37.03009804710746" lon="-70.76182927004993">
        <ele>1189.5</ele>
      </trkpt>
      <trkpt lat="-37.03043340705335" lon="-70.7619174476713">
        <ele>1187.4</ele>
      </trkpt>
      <trkpt lat="-37.030770694836974" lon="-70.76204787008464">
        <ele>1185.4</ele>
      </trkpt>
      <trkpt lat="-37.030946128070354" lon="-70.76211526058614">
        <ele>1184.0</ele>
      </trkpt>
      <trkpt lat="-37.03120571561158" lon="-70.76221433468163">
        <ele>1181.3</ele>
      </trkpt>
      <trkpt lat="-37.031465554609895" lon="-70.76231298968196">
        <ele>1179.1</ele>
      </trkpt>
      <trkpt lat="-37.03164073638618" lon="-70.76238348148763">
        <ele>1178.8</ele>
      </trkpt>
      <trkpt lat="-37.031727908179164" lon="-70.7624198589474">
        <ele>1178.8</ele>
      </trkpt>
      <trkpt lat="-37.03198707662523" lon="-70.76252446509898">
        <ele>1179.0</ele>
      </trkpt>
      <trkpt lat="-37.032152535393834" lon="-70.76259135268629">
        <ele>1178.9</ele>
      </trkpt>
      <trkpt lat="-37.03230885788798" lon="-70.76265505515039">
        <ele>1178.7</ele>
      </trkpt>
      <trkpt lat="-37.032533744350076" lon="-70.7627409696579">
        <ele>1179.0</ele>
      </trkpt>
      <trkpt lat="-37.03274932689965" lon="-70.76282110065222">
        <ele>1179.1</ele>
      </trkpt>
      <trkpt lat="-37.03331778757274" lon="-70.7630428019911">
        <ele>1178.3</ele>
      </trkpt>
      <trkpt lat="-37.0335288438946" lon="-70.76313173398376">
        <ele>1177.8</ele>
      </trkpt>
      <trkpt lat="-37.03394567593932" lon="-70.76329912059009">
        <ele>1176.4</ele>
      </trkpt>
      <trkpt lat="-37.03415178693831" lon="-70.76338143087924">
        <ele>1176.5</ele>
      </trkpt>
      <trkpt lat="-37.03448446467519" lon="-70.76351051218808">
        <ele>1176.6</ele>
      </trkpt>
      <trkpt lat="-37.03496038913727" lon="-70.76370027847588">
        <ele>1176.0</ele>
      </trkpt>
      <trkpt lat="-37.035501608625054" lon="-70.76391644775867">
        <ele>1175.0</ele>
      </trkpt>
      <trkpt lat="-37.0357047021389" lon="-70.76400018297136">
        <ele>1174.9</ele>
      </trkpt>
      <trkpt lat="-37.036275174468756" lon="-70.76422775164247">
        <ele>1175.1</ele>
      </trkpt>
      <trkpt lat="-37.036627884954214" lon="-70.76436814852059">
        <ele>1175.5</ele>
      </trkpt>
      <trkpt lat="-37.0366941858083" lon="-70.76439580880105">
        <ele>1175.4</ele>
      </trkpt>
      <trkpt lat="-37.037024684250355" lon="-70.76452899724245">
        <ele>1174.9</ele>
      </trkpt>
      <trkpt lat="-37.03734780661762" lon="-70.76467408798635">
        <ele>1174.8</ele>
      </trkpt>
      <trkpt lat="-37.03746708109975" lon="-70.76475195586681">
        <ele>1175.0</ele>
      </trkpt>
      <trkpt lat="-37.0379204582423" lon="-70.76503995805979">
        <ele>1174.3</ele>
      </trkpt>
      <trkpt lat="-37.038414403796196" lon="-70.76541412621737">
        <ele>1172.1</ele>
      </trkpt>
      <trkpt lat="-37.03864675015211" lon="-70.76559358276427">
        <ele>1171.0</ele>
      </trkpt>
      <trkpt lat="-37.0388407073915" lon="-70.76573632657528">
        <ele>1172.0</ele>
      </trkpt>
      <trkpt lat="-37.039065761491656" lon="-70.76590991578996">
        <ele>1174.5</ele>
      </trkpt>
      <trkpt lat="-37.03935560770333" lon="-70.76612977311015">
        <ele>1180.1</ele>
      </trkpt>
      <trkpt lat="-37.039445294067264" lon="-70.76620093546808">
        <ele>1181.5</ele>
      </trkpt>
      <trkpt lat="-37.03958728350699" lon="-70.76631316915154">
        <ele>1183.4</ele>
      </trkpt>
      <trkpt lat="-37.039666743949056" lon="-70.76637628488243">
        <ele>1184.2</ele>
      </trkpt>
      <trkpt lat="-37.03988349996507" lon="-70.76653696596622">
        <ele>1186.1</ele>
      </trkpt>
      <trkpt lat="-37.04012372530997" lon="-70.76672497205436">
        <ele>1187.8</ele>
      </trkpt>
      <trkpt lat="-37.04020720906556" lon="-70.76678263954818">
        <ele>1188.9</ele>
      </trkpt>
      <trkpt lat="-37.04039664007723" lon="-70.76692840084434">
        <ele>1192.1</ele>
      </trkpt>
      <trkpt lat="-37.040543742477894" lon="-70.76703820377588">
        <ele>1194.1</ele>
      </trkpt>
      <trkpt lat="-37.04066460952163" lon="-70.767138954252">
        <ele>1194.6</ele>
      </trkpt>
      <trkpt lat="-37.04087323509157" lon="-70.76732268556952">
        <ele>1193.7</ele>
      </trkpt>
      <trkpt lat="-37.0412961859256" lon="-70.76775318011642">
        <ele>1189.2</ele>
      </trkpt>
      <trkpt lat="-37.04160975292325" lon="-70.76808208599687">
        <ele>1186.9</ele>
      </trkpt>
      <trkpt lat="-37.04200110398233" lon="-70.7683723513037">
        <ele>1183.4</ele>
      </trkpt>
      <trkpt lat="-37.042132867500186" lon="-70.76844066381454">
        <ele>1182.6</ele>
      </trkpt>
      <trkpt lat="-37.0422687381506" lon="-70.76849523000419">
        <ele>1181.7</ele>
      </trkpt>
      <trkpt lat="-37.04241148196161" lon="-70.76853219419718">
        <ele>1181.0</ele>
      </trkpt>
      <trkpt lat="-37.0425639487803" lon="-70.76855767518282">
        <ele>1180.1</ele>
      </trkpt>
      <trkpt lat="-37.04272286966443" lon="-70.76856982894242">
        <ele>1179.2</ele>
      </trkpt>
      <trkpt lat="-37.04280400648713" lon="-70.76856848783791">
        <ele>1178.9</ele>
      </trkpt>
      <trkpt lat="-37.04296845942736" lon="-70.7685549929738">
        <ele>1178.2</ele>
      </trkpt>
      <trkpt lat="-37.043317733332515" lon="-70.76852163299918">
        <ele>1176.0</ele>
      </trkpt>
      <trkpt lat="-37.04358226619661" lon="-70.76849925331771">
        <ele>1174.0</ele>
      </trkpt>
      <trkpt lat="-37.04393807798624" lon="-70.76850838959217">
        <ele>1173.5</ele>
      </trkpt>
      <trkpt lat="-37.044029608368874" lon="-70.76852498576045">
        <ele>1173.8</ele>
      </trkpt>
      <trkpt lat="-37.0442112442106" lon="-70.76857569627464">
        <ele>1173.8</ele>
      </trkpt>
      <trkpt lat="-37.04446907155216" lon="-70.76867183670402">
        <ele>1172.6</ele>
      </trkpt>
      <trkpt lat="-37.04462296329439" lon="-70.76873118057847">
        <ele>1171.5</ele>
      </trkpt>
      <trkpt lat="-37.044911216944456" lon="-70.76884249225259">
        <ele>1169.8</ele>
      </trkpt>
      <trkpt lat="-37.04515320248902" lon="-70.768938716501">
        <ele>1168.3</ele>
      </trkpt>
      <trkpt lat="-37.045260071754456" lon="-70.76897668652236">
        <ele>1168.3</ele>
      </trkpt>
      <trkpt lat="-37.04565200954676" lon="-70.7691374514252">
        <ele>1169.3</ele>
      </trkpt>
      <trkpt lat="-37.04576273448765" lon="-70.76918405480683">
        <ele>1169.8</ele>
      </trkpt>
      <trkpt lat="-37.04594160430133" lon="-70.7692529540509">
        <ele>1170.6</ele>
      </trkpt>
      <trkpt lat="-37.04613547772169" lon="-70.76932738535106">
        <ele>1170.4</ele>
      </trkpt>
      <trkpt lat="-37.046477207913995" lon="-70.76945931650698">
        <ele>1168.6</ele>
      </trkpt>
      <trkpt lat="-37.047044998034835" lon="-70.76967548578978">
        <ele>1167.6</ele>
      </trkpt>
      <trkpt lat="-37.047405671328306" lon="-70.76981596648693">
        <ele>1169.3</ele>
      </trkpt>
      <trkpt lat="-37.04796734265983" lon="-70.77002786099911">
        <ele>1174.6</ele>
      </trkpt>
      <trkpt lat="-37.04854837618768" lon="-70.77020379714668">
        <ele>1176.7</ele>
      </trkpt>
      <trkpt lat="-37.0488808862865" lon="-70.7702667452395">
        <ele>1176.6</ele>
      </trkpt>
      <trkpt lat="-37.04944062978029" lon="-70.77036950737238">
        <ele>1176.9</ele>
      </trkpt>
      <trkpt lat="-37.04967741854489" lon="-70.7704250793904">
        <ele>1177.9</ele>
      </trkpt>
      <trkpt lat="-37.049850169569254" lon="-70.77047956176102">
        <ele>1178.1</ele>
      </trkpt>
      <trkpt lat="-37.049892246723175" lon="-70.770492721349">
        <ele>1178.0</ele>
      </trkpt>
      <trkpt lat="-37.04997816123068" lon="-70.77052155509591">
        <ele>1177.0</ele>
      </trkpt>
      <trkpt lat="-37.050229366868734" lon="-70.77062029391527">
        <ele>1174.6</ele>
      </trkpt>
      <trkpt lat="-37.05054854974151" lon="-70.77075415290892">
        <ele>1175.4</ele>
      </trkpt>
      <trkpt lat="-37.051085997372866" lon="-70.770960515365">
        <ele>1175.3</ele>
      </trkpt>
      <trkpt lat="-37.05166233703494" lon="-70.77114491723478">
        <ele>1175.1</ele>
      </trkpt>
      <trkpt lat="-37.05201035365462" lon="-70.77124684117734">
        <ele>1174.1</ele>
      </trkpt>
      <trkpt lat="-37.0523535925895" lon="-70.7713460829109">
        <ele>1172.6</ele>
      </trkpt>
      <trkpt lat="-37.05287301912904" lon="-70.77149318531156">
        <ele>1170.7</ele>
      </trkpt>
      <trkpt lat="-37.053083907812834" lon="-70.77154515311122">
        <ele>1170.4</ele>
      </trkpt>
      <trkpt lat="-37.053629318252206" lon="-70.7716912496835">
        <ele>1171.9</ele>
      </trkpt>
      <trkpt lat="-37.05381229519844" lon="-70.77174682170153">
        <ele>1171.8</ele>
      </trkpt>
      <trkpt lat="-37.0543394330889" lon="-70.77190121635795">
        <ele>1171.6</ele>
      </trkpt>
      <trkpt lat="-37.05486296676099" lon="-70.77214630320668">
        <ele>1175.9</ele>
      </trkpt>
      <trkpt lat="-37.05533126369119" lon="-70.77250580303371">
        <ele>1173.8</ele>
      </trkpt>
      <trkpt lat="-37.05581087619066" lon="-70.77291391789913">
        <ele>1171.8</ele>
      </trkpt>
      <trkpt lat="-37.056322088465095" lon="-70.773183144629">
        <ele>1169.3</ele>
      </trkpt>
      <trkpt lat="-37.05639274790883" lon="-70.77320460230112">
        <ele>1168.8</ele>
      </trkpt>
      <trkpt lat="-37.05677471123636" lon="-70.77324860729277">
        <ele>1167.3</ele>
      </trkpt>
      <trkpt lat="-37.05731039866805" lon="-70.77315523289144">
        <ele>1165.3</ele>
      </trkpt>
      <trkpt lat="-37.05740662291646" lon="-70.77313218265772">
        <ele>1164.8</ele>
      </trkpt>
      <trkpt lat="-37.0575978141278" lon="-70.77308650128543">
        <ele>1164.1</ele>
      </trkpt>
      <trkpt lat="-37.05778137780726" lon="-70.77304157428443">
        <ele>1163.1</ele>
      </trkpt>
      <trkpt lat="-37.05795974470675" lon="-70.77299907803535">
        <ele>1162.0</ele>
      </trkpt>
      <trkpt lat="-37.05813132226467" lon="-70.77295272611082">
        <ele>1161.0</ele>
      </trkpt>
      <trkpt lat="-37.058360232040286" lon="-70.77289832755923">
        <ele>1160.3</ele>
      </trkpt>
      <trkpt lat="-37.058910839259624" lon="-70.77275734394789">
        <ele>1162.6</ele>
      </trkpt>
      <trkpt lat="-37.05925852060318" lon="-70.77267184853554">
        <ele>1163.7</ele>
      </trkpt>
      <trkpt lat="-37.05950419418514" lon="-70.7726373989135">
        <ele>1164.9</ele>
      </trkpt>
      <trkpt lat="-37.05960100516677" lon="-70.77262130565941">
        <ele>1165.6</ele>
      </trkpt>
      <trkpt lat="-37.059823628515005" lon="-70.77261644415557">
        <ele>1165.9</ele>
      </trkpt>
      <trkpt lat="-37.0598672144115" lon="-70.7726204674691">
        <ele>1165.9</ele>
      </trkpt>
      <trkpt lat="-37.06000115722418" lon="-70.77264125458896">
        <ele>1165.4</ele>
      </trkpt>
      <trkpt lat="-37.060180278494954" lon="-70.7726632989943">
        <ele>1165.0</ele>
      </trkpt>
      <trkpt lat="-37.06036149524152" lon="-70.77268358319998">
        <ele>1164.7</ele>
      </trkpt>
      <trkpt lat="-37.06045662984252" lon="-70.7726926356554">
        <ele>1164.6</ele>
      </trkpt>
      <trkpt lat="-37.06103079020977" lon="-70.77276631258428">
        <ele>1165.3</ele>
      </trkpt>
      <trkpt lat="-37.06157653592527" lon="-70.7728189509362">
        <ele>1164.2</ele>
      </trkpt>
      <trkpt lat="-37.062092861160636" lon="-70.77285407111049">
        <ele>1162.1</ele>
      </trkpt>
      <trkpt lat="-37.0623866468668" lon="-70.77281886711717">
        <ele>1161.1</ele>
      </trkpt>
      <trkpt lat="-37.062702560797334" lon="-70.77276388183236">
        <ele>1160.7</ele>
      </trkpt>
      <trkpt lat="-37.063041776418686" lon="-70.77269221656024">
        <ele>1161.6</ele>
      </trkpt>
      <trkpt lat="-37.063400438055396" lon="-70.77262013219297">
        <ele>1162.4</ele>
      </trkpt>
      <trkpt lat="-37.06361518241465" lon="-70.77257570810616">
        <ele>1161.6</ele>
      </trkpt>
      <trkpt lat="-37.063964707776904" lon="-70.77250018715858">
        <ele>1157.4</ele>
      </trkpt>
      <trkpt lat="-37.0642723236233" lon="-70.7724389154464">
        <ele>1155.8</ele>
      </trkpt>
      <trkpt lat="-37.064496874809265" lon="-70.77239147387445">
        <ele>1157.0</ele>
      </trkpt>
      <trkpt lat="-37.064720671623945" lon="-70.77233808115125">
        <ele>1157.4</ele>
      </trkpt>
      <trkpt lat="-37.06500154919922" lon="-70.77222375199199">
        <ele>1156.0</ele>
      </trkpt>
      <trkpt lat="-37.065278738737106" lon="-70.77204161323607">
        <ele>1153.5</ele>
      </trkpt>
      <trkpt lat="-37.06545677036047" lon="-70.77188068069518">
        <ele>1152.6</ele>
      </trkpt>
      <trkpt lat="-37.065511755645275" lon="-70.77182368375361">
        <ele>1152.4</ele>
      </trkpt>
      <trkpt lat="-37.06566355191171" lon="-70.77164556831121">
        <ele>1152.1</ele>
      </trkpt>
      <trkpt lat="-37.06588089466095" lon="-70.77129369601607">
        <ele>1150.0</ele>
      </trkpt>
      <trkpt lat="-37.06604501232505" lon="-70.77085138298571">
        <ele>1148.5</ele>
      </trkpt>
      <trkpt lat="-37.06613075919449" lon="-70.7705706730485">
        <ele>1146.3</ele>
      </trkpt>
      <trkpt lat="-37.066243663430214" lon="-70.77020044438541">
        <ele>1144.3</ele>
      </trkpt>
      <trkpt lat="-37.0662737544626" lon="-70.7701113447547">
        <ele>1144.0</ele>
      </trkpt>
      <trkpt lat="-37.06634567119181" lon="-70.76992903836071">
        <ele>1144.5</ele>
      </trkpt>
      <trkpt lat="-37.066427394747734" lon="-70.76974757015705">
        <ele>1144.9</ele>
      </trkpt>
      <trkpt lat="-37.0665224455297" lon="-70.76957540586591">
        <ele>1145.1</ele>
      </trkpt>
      <trkpt lat="-37.06685244105756" lon="-70.76914926990867">
        <ele>1144.1</ele>
      </trkpt>
      <trkpt lat="-37.067085122689605" lon="-70.76891717500985">
        <ele>1143.2</ele>
      </trkpt>
      <trkpt lat="-37.06751620396972" lon="-70.76849992386997">
        <ele>1143.7</ele>
      </trkpt>
      <trkpt lat="-37.06775927916169" lon="-70.76828149147332">
        <ele>1145.7</ele>
      </trkpt>
      <trkpt lat="-37.06801760941744" lon="-70.7680351473391">
        <ele>1149.6</ele>
      </trkpt>
      <trkpt lat="-37.06819798797369" lon="-70.76789047569036">
        <ele>1149.8</ele>
      </trkpt>
      <trkpt lat="-37.068414743989706" lon="-70.76775108464062">
        <ele>1149.7</ele>
      </trkpt>
      <trkpt lat="-37.06854256801307" lon="-70.76769073493779">
        <ele>1150.1</ele>
      </trkpt>
      <trkpt lat="-37.068626722320914" lon="-70.76765796169639">
        <ele>1150.7</ele>
      </trkpt>
      <trkpt lat="-37.068743985146284" lon="-70.76762217096984">
        <ele>1151.1</ele>
      </trkpt>
      <trkpt lat="-37.06882017664611" lon="-70.76760347932577">
        <ele>1151.7</ele>
      </trkpt>
      <trkpt lat="-37.06901002675295" lon="-70.76756768859923">
        <ele>1153.0</ele>
      </trkpt>
      <trkpt lat="-37.069149082526565" lon="-70.76754363253713">
        <ele>1154.9</ele>
      </trkpt>
      <trkpt lat="-37.06928579136729" lon="-70.76752737164497">
        <ele>1156.5</ele>
      </trkpt>
      <trkpt lat="-37.069422667846084" lon="-70.76750616542995">
        <ele>1158.3</ele>
      </trkpt>
      <trkpt lat="-37.069561555981636" lon="-70.76748747378588">
        <ele>1160.1</ele>
      </trkpt>
      <trkpt lat="-37.06966674886644" lon="-70.76747372746468">
        <ele>1161.1</ele>
      </trkpt>
      <trkpt lat="-37.06980982795358" lon="-70.76745545491576">
        <ele>1162.6</ele>
      </trkpt>
      <trkpt lat="-37.06988291814923" lon="-70.76744263060391">
        <ele>1163.5</ele>
      </trkpt>
      <trkpt lat="-37.07036957144737" lon="-70.76736417599022">
        <ele>1159.5</ele>
      </trkpt>
      <trkpt lat="-37.07054525613785" lon="-70.76734045520425">
        <ele>1158.0</ele>
      </trkpt>
      <trkpt lat="-37.07068657502532" lon="-70.76732268556952">
        <ele>1157.1</ele>
      </trkpt>
      <trkpt lat="-37.071092342957854" lon="-70.76727063395083">
        <ele>1155.1</ele>
      </trkpt>
      <trkpt lat="-37.071447148919106" lon="-70.76722822152078">
        <ele>1150.9</ele>
      </trkpt>
      <trkpt lat="-37.07158419303596" lon="-70.76720869168639">
        <ele>1149.7</ele>
      </trkpt>
      <trkpt lat="-37.07172978669405" lon="-70.7671894133091">
        <ele>1148.8</ele>
      </trkpt>
      <trkpt lat="-37.072119461372495" lon="-70.76713400892913">
        <ele>1146.0</ele>
      </trkpt>
      <trkpt lat="-37.072284165769815" lon="-70.7671130541712">
        <ele>1144.7</ele>
      </trkpt>
      <trkpt lat="-37.072451300919056" lon="-70.76709335669875">
        <ele>1144.0</ele>
      </trkpt>
      <trkpt lat="-37.072618855163455" lon="-70.7670715637505">
        <ele>1143.6</ele>
      </trkpt>
      <trkpt lat="-37.072701919823885" lon="-70.7670599129051">
        <ele>1143.6</ele>
      </trkpt>
      <trkpt lat="-37.072783475741744" lon="-70.76704809442163">
        <ele>1143.7</ele>
      </trkpt>
      <trkpt lat="-37.07286452874541" lon="-70.76703577302396">
        <ele>1143.8</ele>
      </trkpt>
      <trkpt lat="-37.07302378490567" lon="-70.76701146550477">
        <ele>1144.2</ele>
      </trkpt>
      <trkpt lat="-37.07317717373371" lon="-70.7669904269278">
        <ele>1144.5</ele>
      </trkpt>
      <trkpt lat="-37.07332327030599" lon="-70.76697424985468">
        <ele>1144.9</ele>
      </trkpt>
      <trkpt lat="-37.07367212511599" lon="-70.76692823320627">
        <ele>1143.7</ele>
      </trkpt>
      <trkpt lat="-37.07388184033334" lon="-70.7668994832784">
        <ele>1142.9</ele>
      </trkpt>
      <trkpt lat="-37.074164813384414" lon="-70.76685321517289">
        <ele>1141.4</ele>
      </trkpt>
      <trkpt lat="-37.07460486330092" lon="-70.76673310250044">
        <ele>1140.1</ele>
      </trkpt>
      <trkpt lat="-37.075055139139295" lon="-70.76652087271214">
        <ele>1138.5</ele>
      </trkpt>
      <trkpt lat="-37.07540424540639" lon="-70.76630277559161">
        <ele>1140.1</ele>
      </trkpt>
      <trkpt lat="-37.07553575746715" lon="-70.76622013002634">
        <ele>1140.5</ele>
      </trkpt>
      <trkpt lat="-37.07573113963008" lon="-70.76610437594354">
        <ele>1141.3</ele>
      </trkpt>
      <trkpt lat="-37.07607815042138" lon="-70.76595190912485">
        <ele>1143.0</ele>
      </trkpt>
      <trkpt lat="-37.0765795558691" lon="-70.7658336404711">
        <ele>1139.9</ele>
      </trkpt>
      <trkpt lat="-37.07713468931615" lon="-70.76583456248045">
        <ele>1136.0</ele>
      </trkpt>
      <trkpt lat="-37.077417662367225" lon="-70.76588870957494">
        <ele>1135.6</ele>
      </trkpt>
      <trkpt lat="-37.077694684267044" lon="-70.76597537845373">
        <ele>1136.7</ele>
      </trkpt>
      <trkpt lat="-37.07825526595116" lon="-70.76627201400697">
        <ele>1135.2</ele>
      </trkpt>
      <trkpt lat="-37.078757509589195" lon="-70.7666885945946">
        <ele>1133.6</ele>
      </trkpt>
      <trkpt lat="-37.07900016568601" lon="-70.76691356487572">
        <ele>1132.8</ele>
      </trkpt>
      <trkpt lat="-37.07943853922188" lon="-70.76732687652111">
        <ele>1134.5</ele>
      </trkpt>
      <trkpt lat="-37.07987850531936" lon="-70.76772158034146">
        <ele>1139.3</ele>
      </trkpt>
      <trkpt lat="-37.08042089827359" lon="-70.76803581789136">
        <ele>1139.3</ele>
      </trkpt>
      <trkpt lat="-37.08097695372999" lon="-70.76834184117615">
        <ele>1146.8</ele>
      </trkpt>
      <trkpt lat="-37.081158673390746" lon="-70.76851090416312">
        <ele>1152.9</ele>
      </trkpt>
      <trkpt lat="-37.08156393840909" lon="-70.7690475974232">
        <ele>1151.3</ele>
      </trkpt>
      <trkpt lat="-37.08194757811725" lon="-70.76953986659646">
        <ele>1146.3</ele>
      </trkpt>
      <trkpt lat="-37.08222602494061" lon="-70.76977916993201">
        <ele>1137.2</ele>
      </trkpt>
      <trkpt lat="-37.0827429369092" lon="-70.77003272250295">
        <ele>1135.9</ele>
      </trkpt>
      <trkpt lat="-37.08310838788748" lon="-70.77017244882882">
        <ele>1140.2</ele>
      </trkpt>
      <trkpt lat="-37.0833785366267" lon="-70.77027537859976">
        <ele>1142.3</ele>
      </trkpt>
      <trkpt lat="-37.08341541700065" lon="-70.77028996311128">
        <ele>1142.5</ele>
      </trkpt>
      <trkpt lat="-37.08360602147877" lon="-70.77036431059241">
        <ele>1142.7</ele>
      </trkpt>
      <trkpt lat="-37.08375941030681" lon="-70.77042147517204">
        <ele>1142.5</ele>
      </trkpt>
      <trkpt lat="-37.083909111097455" lon="-70.7704736944288">
        <ele>1142.8</ele>
      </trkpt>
      <trkpt lat="-37.084051854908466" lon="-70.77052272856236">
        <ele>1142.6</ele>
      </trkpt>
      <trkpt lat="-37.084239944815636" lon="-70.77057695947587">
        <ele>1141.7</ele>
      </trkpt>
      <trkpt lat="-37.08439341746271" lon="-70.77060202136636">
        <ele>1141.8</ele>
      </trkpt>
      <trkpt lat="-37.08464336581528" lon="-70.7706066314131">
        <ele>1142.5</ele>
      </trkpt>
      <trkpt lat="-37.08497319370508" lon="-70.77054234221578">
        <ele>1145.0</ele>
      </trkpt>
      <trkpt lat="-37.08507176488638" lon="-70.77051769942045">
        <ele>1145.5</ele>
      </trkpt>
      <trkpt lat="-37.08516916260123" lon="-70.7704913802445">
        <ele>1146.0</ele>
      </trkpt>
      <trkpt lat="-37.085364125669" lon="-70.77043865807354">
        <ele>1145.7</ele>
      </trkpt>
      <trkpt lat="-37.08553142845631" lon="-70.77039188705385">
        <ele>1146.5</ele>
      </trkpt>
      <trkpt lat="-37.08566193468869" lon="-70.7703545037657">
        <ele>1147.0</ele>
      </trkpt>
      <trkpt lat="-37.08592101931572" lon="-70.77028661035001">
        <ele>1149.4</ele>
      </trkpt>
      <trkpt lat="-37.08605085499585" lon="-70.77025174163282">
        <ele>1151.1</ele>
      </trkpt>
      <trkpt lat="-37.08626300096512" lon="-70.77019021846354">
        <ele>1153.7</ele>
      </trkpt>
      <trkpt lat="-37.08635335788131" lon="-70.77016482129693">
        <ele>1154.1</ele>
      </trkpt>
      <trkpt lat="-37.08653029985726" lon="-70.7701182179153">
        <ele>1155.3</ele>
      </trkpt>
      <trkpt lat="-37.0866800006479" lon="-70.77007622458041">
        <ele>1157.3</ele>
      </trkpt>
      <trkpt lat="-37.086771531030536" lon="-70.77005007304251">
        <ele>1158.8</ele>
      </trkpt>
      <trkpt lat="-37.08692165091634" lon="-70.77001377940178">
        <ele>1160.0</ele>
      </trkpt>
      <trkpt lat="-37.0871377363801" lon="-70.76995099894702">
        <ele>1162.0</ele>
      </trkpt>
      <trkpt lat="-37.087339824065566" lon="-70.7698970194906">
        <ele>1163.7</ele>
      </trkpt>
      <trkpt lat="-37.08750729449093" lon="-70.76984790153801">
        <ele>1164.4</ele>
      </trkpt>
      <trkpt lat="-37.087908536195755" lon="-70.7697463966906">
        <ele>1163.6</ele>
      </trkpt>
      <trkpt lat="-37.087944159284234" lon="-70.76973642222583">
        <ele>1163.4</ele>
      </trkpt>
      <trkpt lat="-37.08829728886485" lon="-70.76963659375906">
        <ele>1163.7</ele>
      </trkpt>
      <trkpt lat="-37.08883632905781" lon="-70.76941137202084">
        <ele>1162.1</ele>
      </trkpt>
      <trkpt lat="-37.08897974342108" lon="-70.76931774616241">
        <ele>1160.6</ele>
      </trkpt>
      <trkpt lat="-37.08909650333226" lon="-70.7692146487534">
        <ele>1161.2</ele>
      </trkpt>
      <trkpt lat="-37.08955968730152" lon="-70.7687725033611">
        <ele>1162.0</ele>
      </trkpt>
      <trkpt lat="-37.08979974500835" lon="-70.7685174420476">
        <ele>1162.5</ele>
      </trkpt>
      <trkpt lat="-37.09010191261768" lon="-70.76819272711873">
        <ele>1162.0</ele>
      </trkpt>
      <trkpt lat="-37.09026628173888" lon="-70.76801360584795">
        <ele>1161.3</ele>
      </trkpt>
      <trkpt lat="-37.09059393033385" lon="-70.76764815486968">
        <ele>1161.9</ele>
      </trkpt>
      <trkpt lat="-37.0910266879946" lon="-70.76718723401427">
        <ele>1161.9</ele>
      </trkpt>
      <trkpt lat="-37.091470174491405" lon="-70.76670083217323">
        <ele>1160.7</ele>
      </trkpt>
      <trkpt lat="-37.091736467555165" lon="-70.76641861349344">
        <ele>1158.1</ele>
      </trkpt>
      <trkpt lat="-37.092170314863324" lon="-70.76592282392085">
        <ele>1159.8</ele>
      </trkpt>
      <trkpt lat="-37.092596953734756" lon="-70.76545687392354">
        <ele>1157.1</ele>
      </trkpt>
      <trkpt lat="-37.09301982074976" lon="-70.76499209739268">
        <ele>1155.3</ele>
      </trkpt>
      <trkpt lat="-37.093436820432544" lon="-70.76454961672425">
        <ele>1156.0</ele>
      </trkpt>
      <trkpt lat="-37.09389019757509" lon="-70.76414753682911">
        <ele>1162.0</ele>
      </trkpt>
      <trkpt lat="-37.09398357197642" lon="-70.76407914049923">
        <ele>1162.2</ele>
      </trkpt>
      <trkpt lat="-37.094504507258534" lon="-70.763750821352">
        <ele>1160.6</ele>
      </trkpt>
      <trkpt lat="-37.09502066485584" lon="-70.76351646333933">
        <ele>1156.5</ele>
      </trkpt>
      <trkpt lat="-37.09538569673896" lon="-70.7633625715971">
        <ele>1152.1</ele>
      </trkpt>
      <trkpt lat="-37.09561552852392" lon="-70.76326844282448">
        <ele>1151.6</ele>
      </trkpt>
      <trkpt lat="-37.09577076137066" lon="-70.76320314779878">
        <ele>1151.1</ele>
      </trkpt>
      <trkpt lat="-37.09600746631622" lon="-70.76310264877975">
        <ele>1151.1</ele>
      </trkpt>
      <trkpt lat="-37.09624668583274" lon="-70.76299938373268">
        <ele>1149.8</ele>
      </trkpt>
      <trkpt lat="-37.096408708021045" lon="-70.76293241232634">
        <ele>1149.2</ele>
      </trkpt>
      <trkpt lat="-37.096570478752255" lon="-70.76285907067358">
        <ele>1148.9</ele>
      </trkpt>
      <trkpt lat="-37.09674071520567" lon="-70.76278304681182">
        <ele>1148.6</ele>
      </trkpt>
      <trkpt lat="-37.09691799245775" lon="-70.76270727440715">
        <ele>1146.4</ele>
      </trkpt>
      <trkpt lat="-37.09710004739463" lon="-70.76263099908829">
        <ele>1143.9</ele>
      </trkpt>
      <trkpt lat="-37.09743884392083" lon="-70.7624872494489">
        <ele>1138.6</ele>
      </trkpt>
      <trkpt lat="-37.0976766385138" lon="-70.76238943263888">
        <ele>1137.6</ele>
      </trkpt>
      <trkpt lat="-37.097829189151525" lon="-70.76232044957578">
        <ele>1137.6</ele>
      </trkpt>
      <trkpt lat="-37.09806497208774" lon="-70.7622192800045">
        <ele>1137.0</ele>
      </trkpt>
      <trkpt lat="-37.09822330623865" lon="-70.7621534820646">
        <ele>1136.6</ele>
      </trkpt>
      <trkpt lat="-37.098302179947495" lon="-70.7621207088232">
        <ele>1137.7</ele>
      </trkpt>
      <trkpt lat="-37.098529832437634" lon="-70.76202163472772">
        <ele>1140.3</ele>
      </trkpt>
      <trkpt lat="-37.09867534227669" lon="-70.76195600442588">
        <ele>1142.4</ele>
      </trkpt>
      <trkpt lat="-37.098958818241954" lon="-70.76184385456145">
        <ele>1143.0</ele>
      </trkpt>
      <trkpt lat="-37.09951386786997" lon="-70.76153799891472">
        <ele>1138.1</ele>
      </trkpt>
      <trkpt lat="-37.09983916953206" lon="-70.76125720515847">
        <ele>1133.7</ele>
      </trkpt>
      <trkpt lat="-37.10022532381117" lon="-70.76075772754848">
        <ele>1130.2</ele>
      </trkpt>
      <trkpt lat="-37.10059069097042" lon="-70.7601660490036">
        <ele>1131.3</ele>
      </trkpt>
      <trkpt lat="-37.10082278586924" lon="-70.75980453751981">
        <ele>1130.4</ele>
      </trkpt>
      <trkpt lat="-37.10104859434068" lon="-70.75944763608277">
        <ele>1131.1</ele>
      </trkpt>
      <trkpt lat="-37.1011583134532" lon="-70.75927312485874">
        <ele>1130.4</ele>
      </trkpt>
      <trkpt lat="-37.10127482190728" lon="-70.75910632498562">
        <ele>1129.6</ele>
      </trkpt>
      <trkpt lat="-37.101520327851176" lon="-70.75877205468714">
        <ele>1128.2</ele>
      </trkpt>
      <trkpt lat="-37.101712776347995" lon="-70.7585256267339">
        <ele>1130.0</ele>
      </trkpt>
      <trkpt lat="-37.10185183212161" lon="-70.75835572555661">
        <ele>1129.9</ele>
      </trkpt>
      <trkpt lat="-37.10199633613229" lon="-70.75818113051355">
        <ele>1127.4</ele>
      </trkpt>
      <trkpt lat="-37.10214494727552" lon="-70.75800879858434">
        <ele>1124.4</ele>
      </trkpt>
      <trkpt lat="-37.102291379123926" lon="-70.75784459710121">
        <ele>1121.9</ele>
      </trkpt>
      <trkpt lat="-37.10267812013626" lon="-70.75737143866718">
        <ele>1117.6</ele>
      </trkpt>
      <trkpt lat="-37.102760849520564" lon="-70.75727228075266">
        <ele>1117.3</ele>
      </trkpt>
      <trkpt lat="-37.10300350561738" lon="-70.7569814287126">
        <ele>1116.1</ele>
      </trkpt>
      <trkpt lat="-37.10315739735961" lon="-70.75679610483348">
        <ele>1116.2</ele>
      </trkpt>
      <trkpt lat="-37.103307601064444" lon="-70.7566122058779">
        <ele>1117.8</ele>
      </trkpt>
      <trkpt lat="-37.10345244035125" lon="-70.7564364373684">
        <ele>1119.7</ele>
      </trkpt>
      <trkpt lat="-37.10359367541969" lon="-70.75626812875271">
        <ele>1120.8</ele>
      </trkpt>
      <trkpt lat="-37.10379467345774" lon="-70.75603913515806">
        <ele>1119.4</ele>
      </trkpt>
      <trkpt lat="-37.10391663014889" lon="-70.75590527616441">
        <ele>1117.9</ele>
      </trkpt>
      <trkpt lat="-37.104196418076754" lon="-70.75555457733572">
        <ele>1116.8</ele>
      </trkpt>
      <trkpt lat="-37.10449473001063" lon="-70.7552027888596">
        <ele>1116.3</ele>
      </trkpt>
      <trkpt lat="-37.10487845353782" lon="-70.75474077835679">
        <ele>1113.5</ele>
      </trkpt>
      <trkpt lat="-37.10507148876786" lon="-70.75451488606632">
        <ele>1113.1</ele>
      </trkpt>
      <trkpt lat="-37.10519663058221" lon="-70.75436652638018">
        <ele>1113.5</ele>
      </trkpt>
      <trkpt lat="-37.10558337159455" lon="-70.7539045996964">
        <ele>1113.9</ele>
      </trkpt>
      <trkpt lat="-37.105849999934435" lon="-70.75360561721027">
        <ele>1114.7</ele>
      </trkpt>
      <trkpt lat="-37.10618024691939" lon="-70.75329422950745">
        <ele>1115.2</ele>
      </trkpt>
      <trkpt lat="-37.10670176893473" lon="-70.75300144962966">
        <ele>1116.1</ele>
      </trkpt>
      <trkpt lat="-37.10675700567663" lon="-70.7529822550714">
        <ele>1116.2</ele>
      </trkpt>
      <trkpt lat="-37.10692556574941" lon="-70.75294193811715">
        <ele>1116.0</ele>
      </trkpt>
      <trkpt lat="-37.10715598426759" lon="-70.75291679240763">
        <ele>1115.0</ele>
      </trkpt>
      <trkpt lat="-37.107270481064916" lon="-70.75291159562767">
        <ele>1115.6</ele>
      </trkpt>
      <trkpt lat="-37.107527973130345" lon="-70.75290539301932">
        <ele>1116.7</ele>
      </trkpt>
      <trkpt lat="-37.107723439112306" lon="-70.75291067361832">
        <ele>1117.2</ele>
      </trkpt>
      <trkpt lat="-37.10787272080779" lon="-70.75290497392416">
        <ele>1117.0</ele>
      </trkpt>
      <trkpt lat="-37.108460795134306" lon="-70.75289960950613">
        <ele>1116.4</ele>
      </trkpt>
      <trkpt lat="-37.10904920473695" lon="-70.75286976993084">
        <ele>1114.7</ele>
      </trkpt>
      <trkpt lat="-37.10950962267816" lon="-70.75282291509211">
        <ele>1110.7</ele>
      </trkpt>
      <trkpt lat="-37.10984322242439" lon="-70.75276038609445">
        <ele>1110.2</ele>
      </trkpt>
      <trkpt lat="-37.110017566010356" lon="-70.75272962450981">
        <ele>1109.4</ele>
      </trkpt>
      <trkpt lat="-37.110194340348244" lon="-70.75269349850714">
        <ele>1109.6</ele>
      </trkpt>
      <trkpt lat="-37.11053238250315" lon="-70.752621749416">
        <ele>1110.8</ele>
      </trkpt>
      <trkpt lat="-37.1106955781579" lon="-70.75259308330715">
        <ele>1110.7</ele>
      </trkpt>
      <trkpt lat="-37.110860869288445" lon="-70.75256617739797">
        <ele>1110.5</ele>
      </trkpt>
      <trkpt lat="-37.1112172678113" lon="-70.7525541074574">
        <ele>1111.1</ele>
      </trkpt>
      <trkpt lat="-37.111678859218955" lon="-70.75264144688845">
        <ele>1109.4</ele>
      </trkpt>
      <trkpt lat="-37.11224262602627" lon="-70.75279584154487">
        <ele>1110.5</ele>
      </trkpt>
      <trkpt lat="-37.11238704621792" lon="-70.75283456593752">
        <ele>1110.5</ele>
      </trkpt>
      <trkpt lat="-37.11295433342457" lon="-70.7529856916517">
        <ele>1111.5</ele>
      </trkpt>
      <trkpt lat="-37.113148709759116" lon="-70.75306733138859">
        <ele>1112.9</ele>
      </trkpt>
      <trkpt lat="-37.11367157287896" lon="-70.75339087285101">
        <ele>1110.6</ele>
      </trkpt>
      <trkpt lat="-37.113787746056914" lon="-70.75347712263465">
        <ele>1108.3</ele>
      </trkpt>
      <trkpt lat="-37.11419007740915" lon="-70.75385338626802">
        <ele>1103.5</ele>
      </trkpt>
      <trkpt lat="-37.114650160074234" lon="-70.7542518619448">
        <ele>1104.1</ele>
      </trkpt>
      <trkpt lat="-37.11511669680476" lon="-70.7546437997371">
        <ele>1105.4</ele>
      </trkpt>
      <trkpt lat="-37.115368489176035" lon="-70.75485016219318">
        <ele>1106.0</ele>
      </trkpt>
      <trkpt lat="-37.115508718416095" lon="-70.75497195124626">
        <ele>1105.6</ele>
      </trkpt>
      <trkpt lat="-37.11598749272525" lon="-70.75538584962487">
        <ele>1103.7</ele>
      </trkpt>
      <trkpt lat="-37.11648177355528" lon="-70.75580880045891">
        <ele>1102.6</ele>
      </trkpt>
      <trkpt lat="-37.11694076657295" lon="-70.7561941165477">
        <ele>1101.0</ele>
      </trkpt>
      <trkpt lat="-37.11741962470114" lon="-70.75658940710127">
        <ele>1101.1</ele>
      </trkpt>
      <trkpt lat="-37.11792916059494" lon="-70.75687313452363">
        <ele>1103.4</ele>
      </trkpt>
      <trkpt lat="-37.11839678697288" lon="-70.75694555416703">
        <ele>1110.0</ele>
      </trkpt>
      <trkpt lat="-37.11879844777286" lon="-70.75694194994867">
        <ele>1109.8</ele>
      </trkpt>
      <trkpt lat="-37.119256015866995" lon="-70.75691889971495">
        <ele>1110.1</ele>
      </trkpt>
      <trkpt lat="-37.11950336582959" lon="-70.75691068544984">
        <ele>1113.6</ele>
      </trkpt>
      <trkpt lat="-37.11961878463626" lon="-70.756905823946">
        <ele>1114.9</ele>
      </trkpt>
      <trkpt lat="-37.119813496246934" lon="-70.75690289027989">
        <ele>1114.9</ele>
      </trkpt>
      <trkpt lat="-37.12009244598448" lon="-70.75690129771829">
        <ele>1112.7</ele>
      </trkpt>
      <trkpt lat="-37.12020970880985" lon="-70.75690439902246">
        <ele>1111.8</ele>
      </trkpt>
      <trkpt lat="-37.12039092555642" lon="-70.75691504403949">
        <ele>1111.6</ele>
      </trkpt>
      <trkpt lat="-37.12053643539548" lon="-70.75695795938373">
        <ele>1112.5</ele>
      </trkpt>
      <trkpt lat="-37.12075444869697" lon="-70.75705954805017">
        <ele>1115.2</ele>
      </trkpt>
      <trkpt lat="-37.12091454304755" lon="-70.75712878257036">
        <ele>1117.9</ele>
      </trkpt>
      <trkpt lat="-37.121024345979095" lon="-70.75719768181443">
        <ele>1119.6</ele>
      </trkpt>
      <trkpt lat="-37.12107690051198" lon="-70.7572322152555">
        <ele>1120.8</ele>
      </trkpt>
      <trkpt lat="-37.12110137566924" lon="-70.75725023634732">
        <ele>1121.2</ele>
      </trkpt>
      <trkpt lat="-37.12121629156172" lon="-70.75734746642411">
        <ele>1123.6</ele>
      </trkpt>
      <trkpt lat="-37.12132844142616" lon="-70.75745257548988">
        <ele>1126.3</ele>
      </trkpt>
      <trkpt lat="-37.121434304863214" lon="-70.75756330043077">
        <ele>1129.2</ele>
      </trkpt>
      <trkpt lat="-37.12155140005052" lon="-70.75771098956466">
        <ele>1131.2</ele>
      </trkpt>
      <trkpt lat="-37.12161049246788" lon="-70.75778743252158">
        <ele>1132.4</ele>
      </trkpt>
      <trkpt lat="-37.12166623212397" lon="-70.7578641269356">
        <ele>1133.7</ele>
      </trkpt>
      <trkpt lat="-37.12172767147422" lon="-70.75798088684678">
        <ele>1134.2</ele>
      </trkpt>
      <trkpt lat="-37.12180838920176" lon="-70.75812513940036">
        <ele>1135.1</ele>
      </trkpt>
      <trkpt lat="-37.121867230162024" lon="-70.75824751518667">
        <ele>1135.1</ele>
      </trkpt>
      <trkpt lat="-37.121949288994074" lon="-70.75843074359">
        <ele>1135.0</ele>
      </trkpt>
      <trkpt lat="-37.121989438310266" lon="-70.75856217183173">
        <ele>1135.3</ele>
      </trkpt>
      <trkpt lat="-37.12205649353564" lon="-70.75876342132688">
        <ele>1136.5</ele>
      </trkpt>
      <trkpt lat="-37.122089099138975" lon="-70.75886224396527">
        <ele>1136.8</ele>
      </trkpt>
      <trkpt lat="-37.12213234975934" lon="-70.75898830778897">
        <ele>1137.2</ele>
      </trkpt>
      <trkpt lat="-37.1221636980772" lon="-70.75908746570349">
        <ele>1137.8</ele>
      </trkpt>
      <trkpt lat="-37.12222119793296" lon="-70.75926071964204">
        <ele>1138.7</ele>
      </trkpt>
      <trkpt lat="-37.12226780131459" lon="-70.75939944013953">
        <ele>1138.6</ele>
      </trkpt>
      <trkpt lat="-37.122410628944635" lon="-70.75970068573952">
        <ele>1137.8</ele>
      </trkpt>
      <trkpt lat="-37.12246159091592" lon="-70.75979908928275">
        <ele>1138.0</ele>
      </trkpt>
      <trkpt lat="-37.12257156148553" lon="-70.75996790081263">
        <ele>1139.1</ele>
      </trkpt>
      <trkpt lat="-37.12273567914963" lon="-70.76018239371479">
        <ele>1140.5</ele>
      </trkpt>
      <trkpt lat="-37.1227562148124" lon="-70.76020737178624">
        <ele>1140.5</ele>
      </trkpt>
      <trkpt lat="-37.12294430471957" lon="-70.7603954616934">
        <ele>1142.1</ele>
      </trkpt>
      <trkpt lat="-37.12312518619001" lon="-70.76052756048739">
        <ele>1142.7</ele>
      </trkpt>
      <trkpt lat="-37.12331713177264" lon="-70.76063157990575">
        <ele>1143.6</ele>
      </trkpt>
      <trkpt lat="-37.123460210859776" lon="-70.76068966649473">
        <ele>1144.4</ele>
      </trkpt>
      <trkpt lat="-37.12364838458598" lon="-70.76076929457486">
        <ele>1146.0</ele>
      </trkpt>
      <trkpt lat="-37.12388349696994" lon="-70.76086962595582">
        <ele>1148.4</ele>
      </trkpt>
      <trkpt lat="-37.1240459382534" lon="-70.76093726791441">
        <ele>1150.8</ele>
      </trkpt>
      <trkpt lat="-37.124200416728854" lon="-70.76101312413812">
        <ele>1153.1</ele>
      </trkpt>
      <trkpt lat="-37.12441180832684" lon="-70.76113533228636">
        <ele>1156.7</ele>
      </trkpt>
      <trkpt lat="-37.1245123911649" lon="-70.76121311634779">
        <ele>1159.2</ele>
      </trkpt>
      <trkpt lat="-37.12456142529845" lon="-70.7612556964159">
        <ele>1160.1</ele>
      </trkpt>
      <trkpt lat="-37.12465572170913" lon="-70.76134605333209">
        <ele>1161.6</ele>
      </trkpt>
      <trkpt lat="-37.124825874343514" lon="-70.76153808273375">
        <ele>1161.9</ele>
      </trkpt>
      <trkpt lat="-37.12490692734718" lon="-70.76163028366864">
        <ele>1162.2</ele>
      </trkpt>
      <trkpt lat="-37.12500197812915" lon="-70.76175198890269">
        <ele>1161.8</ele>
      </trkpt>
      <trkpt lat="-37.12505922652781" lon="-70.76182398945093">
        <ele>1162.6</ele>
      </trkpt>
      <trkpt lat="-37.125207502394915" lon="-70.76201174408197">
        <ele>1164.1</ele>
      </trkpt>
      <trkpt lat="-37.12526299059391" lon="-70.76207930222154">
        <ele>1165.3</ele>
      </trkpt>
      <trkpt lat="-37.12532065808773" lon="-70.76214510016143">
        <ele>1166.7</ele>
      </trkpt>
      <trkpt lat="-37.12540263310075" lon="-70.76221718452871">
        <ele>1168.8</ele>
      </trkpt>
      <trkpt lat="-37.125493828207254" lon="-70.76228608377278">
        <ele>1170.4</ele>
      </trkpt>
      <trkpt lat="-37.125657526776195" lon="-70.76238088309765">
        <ele>1171.9</ele>
      </trkpt>
      <trkpt lat="-37.12588048540056" lon="-70.76243276707828">
        <ele>1173.6</ele>
      </trkpt>
      <trkpt lat="-37.12595382705331" lon="-70.76244676485658">
        <ele>1174.0</ele>
      </trkpt>
      <trkpt lat="-37.12613068521023" lon="-70.7624299172312">
        <ele>1175.4</ele>
      </trkpt>
      <trkpt lat="-37.126289773732424" lon="-70.76238272711635">
        <ele>1176.7</ele>
      </trkpt>
      <trkpt lat="-37.126444587484" lon="-70.76230536215007">
        <ele>1178.0</ele>
      </trkpt>
      <trkpt lat="-37.126607950776815" lon="-70.76222280040383">
        <ele>1179.0</ele>
      </trkpt>
      <trkpt lat="-37.12672898545861" lon="-70.76213160529733">
        <ele>1179.2</ele>
      </trkpt>
      <trkpt lat="-37.12683719582856" lon="-70.76201191172004">
        <ele>1180.0</ele>
      </trkpt>
      <trkpt lat="-37.12695353664458" lon="-70.76185919344425">
        <ele>1180.0</ele>
      </trkpt>
      <trkpt lat="-37.127031069248915" lon="-70.76175374910235">
        <ele>1180.6</ele>
      </trkpt>
      <trkpt lat="-37.12718864902854" lon="-70.76154545880854">
        <ele>1180.1</ele>
      </trkpt>
      <trkpt lat="-37.1272889804095" lon="-70.7613989431411">
        <ele>1179.2</ele>
      </trkpt>
      <trkpt lat="-37.127377996221185" lon="-70.76127220876515">
        <ele>1179.0</ele>
      </trkpt>
      <trkpt lat="-37.127487463876605" lon="-70.76111949048936">
        <ele>1179.2</ele>
      </trkpt>
      <trkpt lat="-37.12759776972234" lon="-70.76096509583294">
        <ele>1180.3</ele>
      </trkpt>
      <trkpt lat="-37.12764982134104" lon="-70.76089041307569">
        <ele>1180.9</ele>
      </trkpt>
      <trkpt lat="-37.12780429981649" lon="-70.7606636825949">
        <ele>1181.5</ele>
      </trkpt>
      <trkpt lat="-37.127967830747366" lon="-70.76035615056753">
        <ele>1183.0</ele>
      </trkpt>
      <trkpt lat="-37.12801652960479" lon="-70.76019790023565">
        <ele>1183.0</ele>
      </trkpt>
      <trkpt lat="-37.12813370861113" lon="-70.75946113094687">
        <ele>1180.7</ele>
      </trkpt>
      <trkpt lat="-37.12820931337774" lon="-70.75885101221502">
        <ele>1181.1</ele>
      </trkpt>
      <trkpt lat="-37.128337221220136" lon="-70.75833577662706">
        <ele>1180.8</ele>
      </trkpt>
      <trkpt lat="-37.12853872217238" lon="-70.75785364955664">
        <ele>1180.8</ele>
      </trkpt>
      <trkpt lat="-37.12892194278538" lon="-70.75729927048087">
        <ele>1178.1</ele>
      </trkpt>
      <trkpt lat="-37.12943374179304" lon="-70.7568680215627">
        <ele>1179.4</ele>
      </trkpt>
      <trkpt lat="-37.12964924052358" lon="-70.75675637461245">
        <ele>1178.9</ele>
      </trkpt>
      <trkpt lat="-37.129792319610715" lon="-70.75669736601412">
        <ele>1178.7</ele>
      </trkpt>
      <trkpt lat="-37.130162212997675" lon="-70.75657197274268">
        <ele>1181.2</ele>
      </trkpt>
      <trkpt lat="-37.130615171045065" lon="-70.75640349648893">
        <ele>1184.0</ele>
      </trkpt>
      <trkpt lat="-37.13111774995923" lon="-70.7561201043427">
        <ele>1182.6</ele>
      </trkpt>
      <trkpt lat="-37.13126024231315" lon="-70.75598951429129">
        <ele>1180.0</ele>
      </trkpt>
      <trkpt lat="-37.13140080682933" lon="-70.75583671219647">
        <ele>1178.0</ele>
      </trkpt>
      <trkpt lat="-37.13159912265837" lon="-70.75556295923889">
        <ele>1174.5</ele>
      </trkpt>
      <trkpt lat="-37.13172401301563" lon="-70.75534134171903">
        <ele>1172.9</ele>
      </trkpt>
      <trkpt lat="-37.13185753673315" lon="-70.7551047205925">
        <ele>1169.7</ele>
      </trkpt>
      <trkpt lat="-37.13192794471979" lon="-70.75498142279685">
        <ele>1169.0</ele>
      </trkpt>
      <trkpt lat="-37.13207429274917" lon="-70.75472845695913">
        <ele>1166.9</ele>
      </trkpt>
      <trkpt lat="-37.13215199299157" lon="-70.75460130348802">
        <ele>1165.5</ele>
      </trkpt>
      <trkpt lat="-37.13232206180692" lon="-70.75435797683895">
        <ele>1163.8</ele>
      </trkpt>
      <trkpt lat="-37.13251082226634" lon="-70.75412973761559">
        <ele>1162.4</ele>
      </trkpt>
      <trkpt lat="-37.132615176960826" lon="-70.75402446091175">
        <ele>1162.2</ele>
      </trkpt>
      <trkpt lat="-37.13272296823561" lon="-70.75392538681626">
        <ele>1161.8</ele>
      </trkpt>
      <trkpt lat="-37.132834028452635" lon="-70.75383201241493">
        <ele>1161.1</ele>
      </trkpt>
      <trkpt lat="-37.13294953107834" lon="-70.7537452597171">
        <ele>1159.2</ele>
      </trkpt>
      <trkpt lat="-37.133068554103374" lon="-70.75366588309407">
        <ele>1157.9</ele>
      </trkpt>
      <trkpt lat="-37.13318942114711" lon="-70.75359337963164">
        <ele>1156.5</ele>
      </trkpt>
      <trkpt lat="-37.1333122998476" lon="-70.7535266596824">
        <ele>1155.3</ele>
      </trkpt>
      <trkpt lat="-37.13343576528132" lon="-70.75346689671278">
        <ele>1154.9</ele>
      </trkpt>
      <trkpt lat="-37.13355990126729" lon="-70.75341057032347">
        <ele>1154.0</ele>
      </trkpt>
      <trkpt lat="-37.133682779967785" lon="-70.75335365720093">
        <ele>1152.6</ele>
      </trkpt>
      <trkpt lat="-37.13392836973071" lon="-70.75323790311813">
        <ele>1149.7</ele>
      </trkpt>
      <trkpt lat="-37.134054182097316" lon="-70.75317814014852">
        <ele>1148.6</ele>
      </trkpt>
      <trkpt lat="-37.13418426923454" lon="-70.75311670079827">
        <ele>1147.6</ele>
      </trkpt>
      <trkpt lat="-37.13459087535739" lon="-70.7529251743108">
        <ele>1146.1</ele>
      </trkpt>
      <trkpt lat="-37.13472666218877" lon="-70.75286138802767">
        <ele>1146.0</ele>
      </trkpt>
      <trkpt lat="-37.134861778467894" lon="-70.75279860757291">
        <ele>1146.3</ele>
      </trkpt>
      <trkpt lat="-37.13499546982348" lon="-70.75273691676557">
        <ele>1145.5</ele>
      </trkpt>
      <trkpt lat="-37.13512949645519" lon="-70.75267690233886">
        <ele>1144.4</ele>
      </trkpt>
      <trkpt lat="-37.1352619305253" lon="-70.75261739082634">
        <ele>1143.5</ele>
      </trkpt>
      <trkpt lat="-37.1353948675096" lon="-70.75255762785673">
        <ele>1141.4</ele>
      </trkpt>
      <trkpt lat="-37.13552696630359" lon="-70.75249803252518">
        <ele>1139.7</ele>
      </trkpt>
      <trkpt lat="-37.13565722107887" lon="-70.75243868865073">
        <ele>1137.9</ele>
      </trkpt>
      <trkpt lat="-37.1359147131443" lon="-70.7523244433105">
        <ele>1132.9</ele>
      </trkpt>
      <trkpt lat="-37.136044297367334" lon="-70.75227322988212">
        <ele>1130.6</ele>
      </trkpt>
      <trkpt lat="-37.13630556128919" lon="-70.75218899175525">
        <ele>1127.1</ele>
      </trkpt>
      <trkpt lat="-37.13671040721238" lon="-70.75212294235826">
        <ele>1123.1</ele>
      </trkpt>
      <trkpt lat="-37.137135872617364" lon="-70.75212679803371">
        <ele>1121.8</ele>
      </trkpt>
      <trkpt lat="-37.13742303662002" lon="-70.75215269811451">
        <ele>1117.3</ele>
      </trkpt>
      <trkpt lat="-37.13756318204105" lon="-70.75216845609248">
        <ele>1115.6</ele>
      </trkpt>
      <trkpt lat="-37.13770056143403" lon="-70.75218454934657">
        <ele>1113.7</ele>
      </trkpt>
      <trkpt lat="-37.13783601298928" lon="-70.7522002235055">
        <ele>1113.1</ele>
      </trkpt>
      <trkpt lat="-37.13797179982066" lon="-70.75221464037895">
        <ele>1112.5</ele>
      </trkpt>
      <trkpt lat="-37.13810666464269" lon="-70.75222888961434">
        <ele>1111.9</ele>
      </trkpt>
      <trkpt lat="-37.13824161328375" lon="-70.75224406085908">
        <ele>1111.5</ele>
      </trkpt>
      <trkpt lat="-37.138376059010625" lon="-70.75225948356092">
        <ele>1110.3</ele>
      </trkpt>
      <trkpt lat="-37.138510420918465" lon="-70.75227431952953">
        <ele>1109.2</ele>
      </trkpt>
      <trkpt lat="-37.138784592971206" lon="-70.75230340473354">
        <ele>1108.0</ele>
      </trkpt>
      <trkpt lat="-37.139058178290725" lon="-70.75233693234622">
        <ele>1107.0</ele>
      </trkpt>
      <trkpt lat="-37.13919706642628" lon="-70.75235218741">
        <ele>1106.5</ele>
      </trkpt>
      <trkpt lat="-37.13933939114213" lon="-70.75236325152218">
        <ele>1106.0</ele>
      </trkpt>
      <trkpt lat="-37.13948196731508" lon="-70.75236668810248">
        <ele>1104.5</ele>
      </trkpt>
      <trkpt lat="-37.139624459668994" lon="-70.75235822238028">
        <ele>1103.0</ele>
      </trkpt>
      <trkpt lat="-37.1397640183568" lon="-70.7523345015943">
        <ele>1100.2</ele>
      </trkpt>
      <trkpt lat="-37.13989779353142" lon="-70.75229661539197">
        <ele>1097.9</ele>
      </trkpt>
      <trkpt lat="-37.14002938941121" lon="-70.75224624015391">
        <ele>1096.1</ele>
      </trkpt>
      <trkpt lat="-37.140282271429896" lon="-70.75211129151285">
        <ele>1094.2</ele>
      </trkpt>
      <trkpt lat="-37.14040154591203" lon="-70.7520255446434">
        <ele>1092.7</ele>
      </trkpt>
      <trkpt lat="-37.1405169647187" lon="-70.75192714110017">
        <ele>1091.9</ele>
      </trkpt>
      <trkpt lat="-37.14062643237412" lon="-70.75181717053056">
        <ele>1090.9</ele>
      </trkpt>
      <trkpt lat="-37.140818210318685" lon="-70.75156319886446">
        <ele>1088.4</ele>
      </trkpt>
      <trkpt lat="-37.140983836725354" lon="-70.75128332711756">
        <ele>1084.5</ele>
      </trkpt>
      <trkpt lat="-37.14113060384989" lon="-70.75098870322108">
        <ele>1081.5</ele>
      </trkpt>
      <trkpt lat="-37.141204699873924" lon="-70.75084009207785">
        <ele>1080.3</ele>
      </trkpt>
      <trkpt lat="-37.141284411773086" lon="-70.75069466605783">
        <ele>1078.6</ele>
      </trkpt>
      <trkpt lat="-37.141371415928006" lon="-70.75055493973196">
        <ele>1078.0</ele>
      </trkpt>
      <trkpt lat="-37.14146797545254" lon="-70.75042527168989">
        <ele>1077.3</ele>
      </trkpt>
      <trkpt lat="-37.141575096175075" lon="-70.75031010434031">
        <ele>1076.3</ele>
      </trkpt>
      <trkpt lat="-37.141813561320305" lon="-70.75012712739408">
        <ele>1076.3</ele>
      </trkpt>
      <trkpt lat="-37.141938703134656" lon="-70.75005143880844">
        <ele>1074.7</ele>
      </trkpt>
      <trkpt lat="-37.142187394201756" lon="-70.74991841800511">
        <ele>1071.5</ele>
      </trkpt>
      <trkpt lat="-37.14242502115667" lon="-70.74979235418141">
        <ele>1070.0</ele>
      </trkpt>
      <trkpt lat="-37.142646135762334" lon="-70.74966947548091">
        <ele>1070.4</ele>
      </trkpt>
      <trkpt lat="-37.14275158010423" lon="-70.74960568919778">
        <ele>1070.1</ele>
      </trkpt>
      <trkpt lat="-37.1428532525897" lon="-70.74953880161047">
        <ele>1069.1</ele>
      </trkpt>
      <trkpt lat="-37.14295081794262" lon="-70.74946613050997">
        <ele>1068.0</ele>
      </trkpt>
      <trkpt lat="-37.14313295669854" lon="-70.74930528178811">
        <ele>1066.5</ele>
      </trkpt>
      <trkpt lat="-37.14357912540436" lon="-70.74873464182019">
        <ele>1064.1</ele>
      </trkpt>
      <trkpt lat="-37.143698735162616" lon="-70.7485182210803">
        <ele>1066.2</ele>
      </trkpt>
      <trkpt lat="-37.14388011954725" lon="-70.74805277399719">
        <ele>1074.0</ele>
      </trkpt>
      <trkpt lat="-37.143990928307176" lon="-70.74756922200322">
        <ele>1080.8</ele>
      </trkpt>
      <trkpt lat="-37.14403325691819" lon="-70.74709799140692">
        <ele>1080.4</ele>
      </trkpt>
      <trkpt lat="-37.144033843651414" lon="-70.74698315933347">
        <ele>1079.9</ele>
      </trkpt>
      <trkpt lat="-37.14399947784841" lon="-70.74655576609075">
        <ele>1076.8</ele>
      </trkpt>
      <trkpt lat="-37.1439688000828" lon="-70.74635560624301">
        <ele>1075.2</ele>
      </trkpt>
      <trkpt lat="-37.14393435046077" lon="-70.74615804478526">
        <ele>1074.0</ele>
      </trkpt>
      <trkpt lat="-37.143916580826044" lon="-70.74606215581298">
        <ele>1073.9</ele>
      </trkpt>
      <trkpt lat="-37.143844245001674" lon="-70.74568195268512">
        <ele>1071.9</ele>
      </trkpt>
      <trkpt lat="-37.14375799521804" lon="-70.74522321112454">
        <ele>1072.2</ele>
      </trkpt>
      <trkpt lat="-37.143674762919545" lon="-70.74476681649685">
        <ele>1072.1</ele>
      </trkpt>
      <trkpt lat="-37.143598487600684" lon="-70.74431427754462">
        <ele>1072.4</ele>
      </trkpt>
      <trkpt lat="-37.14347284287214" lon="-70.74359653517604">
        <ele>1075.1</ele>
      </trkpt>
      <trkpt lat="-37.143375193700194" lon="-70.74305355548859">
        <ele>1078.6</ele>
      </trkpt>
      <trkpt lat="-37.143250554800034" lon="-70.74232516810298">
        <ele>1079.6</ele>
      </trkpt>
      <trkpt lat="-37.14319657534361" lon="-70.7416021451354">
        <ele>1080.9</ele>
      </trkpt>
      <trkpt lat="-37.14318542741239" lon="-70.7408497016877">
        <ele>1083.8</ele>
      </trkpt>
      <trkpt lat="-37.1431730221957" lon="-70.74010161682963">
        <ele>1087.8</ele>
      </trkpt>
      <trkpt lat="-37.14315072633326" lon="-70.73943290859461">
        <ele>1088.3</ele>
      </trkpt>
      <trkpt lat="-37.143058525398374" lon="-70.73881817981601">
        <ele>1083.4</ele>
      </trkpt>
      <trkpt lat="-37.142934473231435" lon="-70.73824485763907">
        <ele>1085.4</ele>
      </trkpt>
      <trkpt lat="-37.14283565059304" lon="-70.73777513578534">
        <ele>1086.7</ele>
      </trkpt>
      <trkpt lat="-37.14274956844747" lon="-70.73732418939471">
        <ele>1084.4</ele>
      </trkpt>
      <trkpt lat="-37.14270229451358" lon="-70.73677752166986">
        <ele>1085.2</ele>
      </trkpt>
      <trkpt lat="-37.14270304888487" lon="-70.73646713979542">
        <ele>1085.4</ele>
      </trkpt>
      <trkpt lat="-37.142711179330945" lon="-70.73576968163252">
        <ele>1085.9</ele>
      </trkpt>
      <trkpt lat="-37.14271444827318" lon="-70.7353784982115">
        <ele>1085.4</ele>
      </trkpt>
      <trkpt lat="-37.14272106997669" lon="-70.7348449062556">
        <ele>1085.1</ele>
      </trkpt>
      <trkpt lat="-37.14272576384246" lon="-70.73445774614811">
        <ele>1085.4</ele>
      </trkpt>
      <trkpt lat="-37.142731631174684" lon="-70.73407075367868">
        <ele>1086.0</ele>
      </trkpt>
      <trkpt lat="-37.14274261146784" lon="-70.73343020863831">
        <ele>1088.3</ele>
      </trkpt>
      <trkpt lat="-37.142745377495885" lon="-70.73322418145835">
        <ele>1090.7</ele>
      </trkpt>
      <trkpt lat="-37.142749316990376" lon="-70.73301622644067">
        <ele>1092.9</ele>
      </trkpt>
      <trkpt lat="-37.14275719597936" lon="-70.73275513015687">
        <ele>1095.5</ele>
      </trkpt>
      <trkpt lat="-37.14277848601341" lon="-70.73244340717793">
        <ele>1097.5</ele>
      </trkpt>
      <trkpt lat="-37.14281788095832" lon="-70.73212254792452">
        <ele>1097.5</ele>
      </trkpt>
      <trkpt lat="-37.142855850979686" lon="-70.73177897371352">
        <ele>1096.6</ele>
      </trkpt>
      <trkpt lat="-37.14291963726282" lon="-70.73108218610287">
        <ele>1096.2</ele>
      </trkpt>
      <trkpt lat="-37.142899772152305" lon="-70.73071723803878">
        <ele>1097.4</ele>
      </trkpt>
      <trkpt lat="-37.14282911270857" lon="-70.73033418506384">
        <ele>1098.6</ele>
      </trkpt>
      <trkpt lat="-37.14258352294564" lon="-70.72968676686287">
        <ele>1097.2</ele>
      </trkpt>
      <trkpt lat="-37.1423127874732" lon="-70.72903675027192">
        <ele>1097.7</ele>
      </trkpt>
      <trkpt lat="-37.14200131595135" lon="-70.72847340255976">
        <ele>1097.1</ele>
      </trkpt>
      <trkpt lat="-37.14153628796339" lon="-70.72802480310202">
        <ele>1099.4</ele>
      </trkpt>
      <trkpt lat="-37.141407458111644" lon="-70.72793561965227">
        <ele>1099.6</ele>
      </trkpt>
      <trkpt lat="-37.140934970229864" lon="-70.72753228247166">
        <ele>1098.4</ele>
      </trkpt>
      <trkpt lat="-37.14087939821184" lon="-70.72746614925563">
        <ele>1098.3</ele>
      </trkpt>
      <trkpt lat="-37.14082483202219" lon="-70.72739775292575">
        <ele>1098.1</ele>
      </trkpt>
      <trkpt lat="-37.14053607545793" lon="-70.72682334110141">
        <ele>1101.9</ele>
      </trkpt>
      <trkpt lat="-37.140447394922376" lon="-70.72644716128707">
        <ele>1105.9</ele>
      </trkpt>
      <trkpt lat="-37.14038981124759" lon="-70.72569605894387">
        <ele>1107.1</ele>
      </trkpt>
      <trkpt lat="-37.140354942530394" lon="-70.72502953000367">
        <ele>1107.0</ele>
      </trkpt>
      <trkpt lat="-37.140333987772465" lon="-70.72427448816597">
        <ele>1109.7</ele>
      </trkpt>
      <trkpt lat="-37.140313955023885" lon="-70.72384709492326">
        <ele>1110.6</ele>
      </trkpt>
      <trkpt lat="-37.140299789607525" lon="-70.72353118099272">
        <ele>1111.2</ele>
      </trkpt>
      <trkpt lat="-37.1402820199728" lon="-70.72322574444115">
        <ele>1111.6</ele>
      </trkpt>
      <trkpt lat="-37.14026533998549" lon="-70.72293388657272">
        <ele>1110.0</ele>
      </trkpt>
      <trkpt lat="-37.14024279266596" lon="-70.72258343920112">
        <ele>1108.5</ele>
      </trkpt>
      <trkpt lat="-37.14023013599217" lon="-70.72231639176607">
        <ele>1108.1</ele>
      </trkpt>
      <trkpt lat="-37.140225023031235" lon="-70.72178615257144">
        <ele>1109.2</ele>
      </trkpt>
      <trkpt lat="-37.14022250846028" lon="-70.72167391888797">
        <ele>1109.7</ele>
      </trkpt>
      <trkpt lat="-37.14022569358349" lon="-70.72144467383623">
        <ele>1111.6</ele>
      </trkpt>
      <trkpt lat="-37.140228878706694" lon="-70.72133185341954">
        <ele>1112.0</ele>
      </trkpt>
      <trkpt lat="-37.140253856778145" lon="-70.72110705077648">
        <ele>1113.0</ele>
      </trkpt>
      <trkpt lat="-37.140282690525055" lon="-70.72087897919118">
        <ele>1114.5</ele>
      </trkpt>
      <trkpt lat="-37.14037296362221" lon="-70.72018537670374">
        <ele>1114.6</ele>
      </trkpt>
      <trkpt lat="-37.140463907271624" lon="-70.71947341784835">
        <ele>1116.1</ele>
      </trkpt>
      <trkpt lat="-37.14055652730167" lon="-70.71873136796057">
        <ele>1118.1</ele>
      </trkpt>
      <trkpt lat="-37.140604220330715" lon="-70.71831713430583">
        <ele>1117.3</ele>
      </trkpt>
      <trkpt lat="-37.14061268605292" lon="-70.71821353398263">
        <ele>1116.8</ele>
      </trkpt>
      <trkpt lat="-37.14058678597212" lon="-70.7174937799573">
        <ele>1113.5</ele>
      </trkpt>
      <trkpt lat="-37.14043867774308" lon="-70.71683395653963">
        <ele>1113.1</ele>
      </trkpt>
      <trkpt lat="-37.140294844284654" lon="-70.7162780687213">
        <ele>1116.8</ele>
      </trkpt>
      <trkpt lat="-37.14022527448833" lon="-70.71599484421313">
        <ele>1118.9</ele>
      </trkpt>
      <trkpt lat="-37.14017297141254" lon="-70.71578630246222">
        <ele>1120.4</ele>
      </trkpt>
      <trkpt lat="-37.14011739939451" lon="-70.7155697979033">
        <ele>1121.1</ele>
      </trkpt>
      <trkpt lat="-37.14006341993809" lon="-70.71535429917276">
        <ele>1120.5</ele>
      </trkpt>
      <trkpt lat="-37.13999418541789" lon="-70.71507459506392">
        <ele>1119.0</ele>
      </trkpt>
      <trkpt lat="-37.13988714851439" lon="-70.71465147659183">
        <ele>1120.4</ele>
      </trkpt>
      <trkpt lat="-37.1397241204977" lon="-70.71400791406631">
        <ele>1122.0</ele>
      </trkpt>
      <trkpt lat="-37.13951633311808" lon="-70.71331372484565">
        <ele>1124.8</ele>
      </trkpt>
      <trkpt lat="-37.13948733173311" lon="-70.71324809454381">
        <ele>1124.6</ele>
      </trkpt>
      <trkpt lat="-37.139277532696724" lon="-70.71287610568106">
        <ele>1123.8</ele>
      </trkpt>
      <trkpt lat="-37.138874027878046" lon="-70.71244812570512">
        <ele>1123.8</ele>
      </trkpt>
      <trkpt lat="-37.138547552749515" lon="-70.71223539300263">
        <ele>1123.7</ele>
      </trkpt>
      <trkpt lat="-37.138004153966904" lon="-70.71190129034221">
        <ele>1127.9</ele>
      </trkpt>
      <trkpt lat="-37.13762579485774" lon="-70.71151714771986">
        <ele>1133.2</ele>
      </trkpt>
      <trkpt lat="-37.137338714674115" lon="-70.71101758629084">
        <ele>1135.7</ele>
      </trkpt>
      <trkpt lat="-37.13708482682705" lon="-70.71046764962375">
        <ele>1134.8</ele>
      </trkpt>
      <trkpt lat="-37.13683026842773" lon="-70.70992022752762">
        <ele>1136.2</ele>
      </trkpt>
      <trkpt lat="-37.13655483908951" lon="-70.7092993799597">
        <ele>1136.7</ele>
      </trkpt>
      <trkpt lat="-37.13649859651923" lon="-70.70914230309427">
        <ele>1137.6</ele>
      </trkpt>
      <trkpt lat="-37.13638359680772" lon="-70.70864458568394">
        <ele>1138.2</ele>
      </trkpt>
      <trkpt lat="-37.13638133369386" lon="-70.7079631369561">
        <ele>1135.1</ele>
      </trkpt>
      <trkpt lat="-37.136419136077166" lon="-70.70771612226963">
        <ele>1135.9</ele>
      </trkpt>
      <trkpt lat="-37.136460207402706" lon="-70.70756524801254">
        <ele>1136.7</ele>
      </trkpt>
      <trkpt lat="-37.13674427010119" lon="-70.70692646317184">
        <ele>1140.9</ele>
      </trkpt>
      <trkpt lat="-37.136812414973974" lon="-70.7068280596286">
        <ele>1140.8</ele>
      </trkpt>
      <trkpt lat="-37.13695088401437" lon="-70.70665271021426">
        <ele>1139.3</ele>
      </trkpt>
      <trkpt lat="-37.13702120818198" lon="-70.70657635107636">
        <ele>1139.0</ele>
      </trkpt>
      <trkpt lat="-37.1370580047369" lon="-70.70654424838722">
        <ele>1139.5</ele>
      </trkpt>
      <trkpt lat="-37.13740627281368" lon="-70.70628876797855">
        <ele>1142.0</ele>
      </trkpt>
      <trkpt lat="-37.137524876743555" lon="-70.70622590370476">
        <ele>1142.9</ele>
      </trkpt>
      <trkpt lat="-37.13776996359229" lon="-70.70610713213682">
        <ele>1145.9</ele>
      </trkpt>
      <trkpt lat="-37.137884544208646" lon="-70.70605591870844">
        <ele>1147.0</ele>
      </trkpt>
      <trkpt lat="-37.13820909149945" lon="-70.70590135641396">
        <ele>1149.8</ele>
      </trkpt>
      <trkpt lat="-37.13862751610577" lon="-70.70561897009611">
        <ele>1150.2</ele>
      </trkpt>
      <trkpt lat="-37.138804038986564" lon="-70.70543993264437">
        <ele>1147.8</ele>
      </trkpt>
      <trkpt lat="-37.13916840031743" lon="-70.70486459881067">
        <ele>1146.6</ele>
      </trkpt>
      <trkpt lat="-37.13944357819855" lon="-70.70424165576696">
        <ele>1146.1</ele>
      </trkpt>
      <trkpt lat="-37.139553632587194" lon="-70.70355995558202">
        <ele>1143.8</ele>
      </trkpt>
      <trkpt lat="-37.13946972973645" lon="-70.70282855071127">
        <ele>1146.5</ele>
      </trkpt>
      <trkpt lat="-37.139226319268346" lon="-70.70213712751865">
        <ele>1148.2</ele>
      </trkpt>
      <trkpt lat="-37.13898550719023" lon="-70.70147738792002">
        <ele>1147.3</ele>
      </trkpt>
      <trkpt lat="-37.13883815333247" lon="-70.70107891224325">
        <ele>1149.5</ele>
      </trkpt>
      <trkpt lat="-37.13863564655185" lon="-70.70045228116214">
        <ele>1154.1</ele>
      </trkpt>
      <trkpt lat="-37.138578901067376" lon="-70.70014265365899">
        <ele>1155.9</ele>
      </trkpt>
      <trkpt lat="-37.13855626992881" lon="-70.6997052859515">
        <ele>1160.8</ele>
      </trkpt>
      <trkpt lat="-37.13855870068073" lon="-70.69944477640092">
        <ele>1162.2</ele>
      </trkpt>
      <trkpt lat="-37.138567166402936" lon="-70.69920371286571">
        <ele>1164.2</ele>
      </trkpt>
      <trkpt lat="-37.13857018388808" lon="-70.69898025132716">
        <ele>1165.1</ele>
      </trkpt>
      <trkpt lat="-37.13857286609709" lon="-70.6988278683275">
        <ele>1166.6</ele>
      </trkpt>
      <trkpt lat="-37.13857571594417" lon="-70.69868126884103">
        <ele>1168.8</ele>
      </trkpt>
      <trkpt lat="-37.13857722468674" lon="-70.69853601045907">
        <ele>1169.9</ele>
      </trkpt>
      <trkpt lat="-37.13857898488641" lon="-70.69839661940932">
        <ele>1171.3</ele>
      </trkpt>
      <trkpt lat="-37.13858837261796" lon="-70.69816620089114">
        <ele>1174.3</ele>
      </trkpt>
      <trkpt lat="-37.13858996517956" lon="-70.69812085479498">
        <ele>1174.6</ele>
      </trkpt>
      <trkpt lat="-37.13859658688307" lon="-70.69789211265743">
        <ele>1178.1</ele>
      </trkpt>
      <trkpt lat="-37.13859977200627" lon="-70.69775582291186">
        <ele>1178.5</ele>
      </trkpt>
      <trkpt lat="-37.13860454969108" lon="-70.69756387732923">
        <ele>1178.5</ele>
      </trkpt>
      <trkpt lat="-37.138607148081064" lon="-70.69736832752824">
        <ele>1177.0</ele>
      </trkpt>
      <trkpt lat="-37.138616535812616" lon="-70.69711997173727">
        <ele>1175.0</ele>
      </trkpt>
      <trkpt lat="-37.13862391188741" lon="-70.69669174030423">
        <ele>1174.1</ele>
      </trkpt>
      <trkpt lat="-37.138640424236655" lon="-70.69616988301277">
        <ele>1174.1</ele>
      </trkpt>
      <trkpt lat="-37.13868853636086" lon="-70.6957764364779">
        <ele>1172.4</ele>
      </trkpt>
      <trkpt lat="-37.138812420889735" lon="-70.69534610956907">
        <ele>1171.7</ele>
      </trkpt>
      <trkpt lat="-37.1390974894166" lon="-70.6948075722903">
        <ele>1172.0</ele>
      </trkpt>
      <trkpt lat="-37.13946210220456" lon="-70.69441328756511">
        <ele>1174.0</ele>
      </trkpt>
      <trkpt lat="-37.13972185738385" lon="-70.69421304389834">
        <ele>1175.3</ele>
      </trkpt>
      <trkpt lat="-37.139938697218895" lon="-70.69405605085194">
        <ele>1176.8</ele>
      </trkpt>
      <trkpt lat="-37.14031864888966" lon="-70.69378204643726">
        <ele>1180.0</ele>
      </trkpt>
      <trkpt lat="-37.14068158529699" lon="-70.69349119439721">
        <ele>1180.7</ele>
      </trkpt>
      <trkpt lat="-37.141003450378776" lon="-70.69293329492211">
        <ele>1178.3</ele>
      </trkpt>
      <trkpt lat="-37.14105935767293" lon="-70.69269072264433">
        <ele>1178.2</ele>
      </trkpt>
      <trkpt lat="-37.14107746258378" lon="-70.69244144484401">
        <ele>1179.9</ele>
      </trkpt>
      <trkpt lat="-37.1410505566746" lon="-70.69213441573083">
        <ele>1183.5</ele>
      </trkpt>
      <trkpt lat="-37.14093614369631" lon="-70.69175161421299">
        <ele>1184.9</ele>
      </trkpt>
      <trkpt lat="-37.14081552810967" lon="-70.69152262061834">
        <ele>1185.7</ele>
      </trkpt>
      <trkpt lat="-37.14063313789666" lon="-70.69124652072787">
        <ele>1186.7</ele>
      </trkpt>
      <trkpt lat="-37.14055795222521" lon="-70.69113076664507">
        <ele>1187.2</ele>
      </trkpt>
      <trkpt lat="-37.14043507352471" lon="-70.69093697704375">
        <ele>1188.5</ele>
      </trkpt>
      <trkpt lat="-37.14034974575043" lon="-70.69078476168215">
        <ele>1189.0</ele>
      </trkpt>
      <trkpt lat="-37.14025603607297" lon="-70.69060957990587">
        <ele>1189.9</ele>
      </trkpt>
      <trkpt lat="-37.14020540937781" lon="-70.69050497375429">
        <ele>1190.5</ele>
      </trkpt>
      <trkpt lat="-37.14015050791204" lon="-70.69036063738167">
        <ele>1191.6</ele>
      </trkpt>
      <trkpt lat="-37.140115639194846" lon="-70.69025217555463">
        <ele>1193.1</ele>
      </trkpt>
      <trkpt lat="-37.14007875882089" lon="-70.69011362269521">
        <ele>1195.7</ele>
      </trkpt>
      <trkpt lat="-37.1400560438633" lon="-70.6900118663907">
        <ele>1197.8</ele>
      </trkpt>
      <trkpt lat="-37.14002737775445" lon="-70.68988001905382">
        <ele>1201.0</ele>
      </trkpt>
      <trkpt lat="-37.139993933960795" lon="-70.68972227163613">
        <ele>1205.5</ele>
      </trkpt>
      <trkpt lat="-37.13997515849769" lon="-70.68962948396802">
        <ele>1207.9</ele>
      </trkpt>
      <trkpt lat="-37.13995646685362" lon="-70.6895358581096">
        <ele>1210.1</ele>
      </trkpt>
      <trkpt lat="-37.13991019874811" lon="-70.68933293223381">
        <ele>1214.5</ele>
      </trkpt>
      <trkpt lat="-37.13987776078284" lon="-70.68915909156203">
        <ele>1217.5</ele>
      </trkpt>
      <trkpt lat="-37.139859069138765" lon="-70.68907393142581">
        <ele>1218.6</ele>
      </trkpt>
      <trkpt lat="-37.139821937307715" lon="-70.6889055389911">
        <ele>1219.8</ele>
      </trkpt>
      <trkpt lat="-37.139791594818234" lon="-70.68876480683684">
        <ele>1218.6</ele>
      </trkpt>
      <trkpt lat="-37.13975429534912" lon="-70.68861024454236">
        <ele>1217.6</ele>
      </trkpt>
      <trkpt lat="-37.13971867226064" lon="-70.6884668301791">
        <ele>1217.9</ele>
      </trkpt>
      <trkpt lat="-37.13967114686966" lon="-70.68833456374705">
        <ele>1217.9</ele>
      </trkpt>
      <trkpt lat="-37.13963510468602" lon="-70.68823498673737">
        <ele>1219.0</ele>
      </trkpt>
      <trkpt lat="-37.13955430313945" lon="-70.68806676194072">
        <ele>1220.3</ele>
      </trkpt>
      <trkpt lat="-37.139472998678684" lon="-70.68792468868196">
        <ele>1221.8</ele>
      </trkpt>
      <trkpt lat="-37.1393908560276" lon="-70.68781740032136">
        <ele>1222.1</ele>
      </trkpt>
      <trkpt lat="-37.139305444434285" lon="-70.68771413527429">
        <ele>1221.9</ele>
      </trkpt>
      <trkpt lat="-37.13921684771776" lon="-70.68761623464525">
        <ele>1220.9</ele>
      </trkpt>
      <trkpt lat="-37.13915951550007" lon="-70.68755814805627">
        <ele>1220.2</ele>
      </trkpt>
      <trkpt lat="-37.139106625691056" lon="-70.68749126046896">
        <ele>1220.4</ele>
      </trkpt>
      <trkpt lat="-37.139087514951825" lon="-70.68747055716813">
        <ele>1220.4</ele>
      </trkpt>
      <trkpt lat="-37.13899556547403" lon="-70.68736511282623">
        <ele>1221.0</ele>
      </trkpt>
      <trkpt lat="-37.13889230042696" lon="-70.68722002208233">
        <ele>1222.4</ele>
      </trkpt>
      <trkpt lat="-37.13881376199424" lon="-70.68707937374711">
        <ele>1223.8</ele>
      </trkpt>
      <trkpt lat="-37.13876288384199" lon="-70.68695163354278">
        <ele>1225.1</ele>
      </trkpt>
      <trkpt lat="-37.13870236650109" lon="-70.68674334324896">
        <ele>1226.2</ele>
      </trkpt>
      <trkpt lat="-37.13867864571512" lon="-70.68659774959087">
        <ele>1227.5</ele>
      </trkpt>
      <trkpt lat="-37.13867235928774" lon="-70.68652482703328">
        <ele>1228.0</ele>
      </trkpt>
      <trkpt lat="-37.1386762149632" lon="-70.68634377792478">
        <ele>1230.1</ele>
      </trkpt>
      <trkpt lat="-37.13869096711278" lon="-70.68619675934315">
        <ele>1231.6</ele>
      </trkpt>
      <trkpt lat="-37.1387296076864" lon="-70.68601529113948">
        <ele>1233.3</ele>
      </trkpt>
      <trkpt lat="-37.13877562433481" lon="-70.68587698973715">
        <ele>1235.0</ele>
      </trkpt>
      <trkpt lat="-37.13882826268673" lon="-70.68574589677155">
        <ele>1235.8</ele>
      </trkpt>
      <trkpt lat="-37.13889615610242" lon="-70.6856257840991">
        <ele>1236.1</ele>
      </trkpt>
      <trkpt lat="-37.13896363042295" lon="-70.68552260287106">
        <ele>1236.0</ele>
      </trkpt>
      <trkpt lat="-37.1390369720757" lon="-70.68541657179594">
        <ele>1235.4</ele>
      </trkpt>
      <trkpt lat="-37.1391735970974" lon="-70.68522110581398">
        <ele>1235.8</ele>
      </trkpt>
      <trkpt lat="-37.139287339523435" lon="-70.68506595678627">
        <ele>1236.0</ele>
      </trkpt>
      <trkpt lat="-37.13939026929438" lon="-70.68492899648845">
        <ele>1238.0</ele>
      </trkpt>
      <trkpt lat="-37.13952119462192" lon="-70.68475264124572">
        <ele>1242.0</ele>
      </trkpt>
      <trkpt lat="-37.13962286710739" lon="-70.68461366929114">
        <ele>1245.9</ele>
      </trkpt>
      <trkpt lat="-37.139747170731425" lon="-70.6844433490187">
        <ele>1250.7</ele>
      </trkpt>
      <trkpt lat="-37.139831157401204" lon="-70.68431803956628">
        <ele>1252.6</ele>
      </trkpt>
      <trkpt lat="-37.13993861339986" lon="-70.68413112312555">
        <ele>1253.7</ele>
      </trkpt>
      <trkpt lat="-37.14002209715545" lon="-70.68393096327782">
        <ele>1253.7</ele>
      </trkpt>
      <trkpt lat="-37.14007833972573" lon="-70.68376433104277">
        <ele>1254.6</ele>
      </trkpt>
      <trkpt lat="-37.140115639194846" lon="-70.68359216675162">
        <ele>1255.4</ele>
      </trkpt>
      <trkpt lat="-37.14014464057982" lon="-70.6833669450134">
        <ele>1256.5</ele>
      </trkpt>
      <trkpt lat="-37.140152184292674" lon="-70.6831737421453">
        <ele>1257.4</ele>
      </trkpt>
      <trkpt lat="-37.140137013047934" lon="-70.68296000361443">
        <ele>1258.1</ele>
      </trkpt>
      <trkpt lat="-37.140109688043594" lon="-70.68279798142612">
        <ele>1258.3</ele>
      </trkpt>
      <trkpt lat="-37.14007473550737" lon="-70.68264115601778">
        <ele>1257.5</ele>
      </trkpt>
      <trkpt lat="-37.1400074288249" lon="-70.68245507776737">
        <ele>1257.8</ele>
      </trkpt>
      <trkpt lat="-37.13994825258851" lon="-70.68231275305152">
        <ele>1258.9</ele>
      </trkpt>
      <trkpt lat="-37.139881951734424" lon="-70.68218224681914">
        <ele>1260.6</ele>
      </trkpt>
      <trkpt lat="-37.1397864818573" lon="-70.68201787769794">
        <ele>1263.2</ele>
      </trkpt>
      <trkpt lat="-37.13970777578652" lon="-70.6818821746856">
        <ele>1264.6</ele>
      </trkpt>
      <trkpt lat="-37.13961792178452" lon="-70.68173741921782">
        <ele>1265.7</ele>
      </trkpt>
      <trkpt lat="-37.139507783576846" lon="-70.6815248541534">
        <ele>1266.9</ele>
      </trkpt>
      <trkpt lat="-37.13939605280757" lon="-70.68121816031635">
        <ele>1267.4</ele>
      </trkpt>
      <trkpt lat="-37.13933888822794" lon="-70.68092814646661">
        <ele>1268.7</ele>
      </trkpt>
      <trkpt lat="-37.139342995360494" lon="-70.68047954700887">
        <ele>1270.0</ele>
      </trkpt>
      <trkpt lat="-37.1395274810493" lon="-70.6798458751291">
        <ele>1265.1</ele>
      </trkpt>
      <trkpt lat="-37.13965815491974" lon="-70.67962325178087">
        <ele>1262.6</ele>
      </trkpt>
      <trkpt lat="-37.139886394143105" lon="-70.67935729399323">
        <ele>1264.9</ele>
      </trkpt>
      <trkpt lat="-37.14024094864726" lon="-70.67909603007138">
        <ele>1264.9</ele>
      </trkpt>
      <trkpt lat="-37.14039877988398" lon="-70.67899427376688">
        <ele>1262.9</ele>
      </trkpt>
      <trkpt lat="-37.14064889587462" lon="-70.67883250303566">
        <ele>1260.0</ele>
      </trkpt>
      <trkpt lat="-37.140823155641556" lon="-70.67871674895287">
        <ele>1257.2</ele>
      </trkpt>
      <trkpt lat="-37.14091368019581" lon="-70.67865849472582">
        <ele>1255.4</ele>
      </trkpt>
      <trkpt lat="-37.14109808206558" lon="-70.67853653803468">
        <ele>1254.8</ele>
      </trkpt>
      <trkpt lat="-37.14138709008694" lon="-70.67835330963135">
        <ele>1252.5</ele>
      </trkpt>
      <trkpt lat="-37.14158314280212" lon="-70.67822204902768">
        <ele>1250.1</ele>
      </trkpt>
      <trkpt lat="-37.14178070425987" lon="-70.67808852531016">
        <ele>1247.5</ele>
      </trkpt>
      <trkpt lat="-37.14187894016504" lon="-70.67802507430315">
        <ele>1246.9</ele>
      </trkpt>
      <trkpt lat="-37.14207490906119" lon="-70.67789750173688">
        <ele>1246.5</ele>
      </trkpt>
      <trkpt lat="-37.14226987212896" lon="-70.67777001298964">
        <ele>1246.0</ele>
      </trkpt>
      <trkpt lat="-37.14255519211292" lon="-70.67758535966277">
        <ele>1245.3</ele>
      </trkpt>
      <trkpt lat="-37.14293078519404" lon="-70.67734488286078">
        <ele>1245.3</ele>
      </trkpt>
      <trkpt lat="-37.14313882403076" lon="-70.67723399028182">
        <ele>1243.7</ele>
      </trkpt>
      <trkpt lat="-37.14346680790186" lon="-70.67710298113525">
        <ele>1240.1</ele>
      </trkpt>
      <trkpt lat="-37.143891183659434" lon="-70.67698345519602">
        <ele>1239.9</ele>
      </trkpt>
      <trkpt lat="-37.14430441148579" lon="-70.67687247879803">
        <ele>1241.6</ele>
      </trkpt>
      <trkpt lat="-37.14480925351381" lon="-70.67663652822375">
        <ele>1244.3</ele>
      </trkpt>
      <trkpt lat="-37.14499197900295" lon="-70.67647710442543">
        <ele>1243.1</ele>
      </trkpt>
      <trkpt lat="-37.145169004797935" lon="-70.67628750577569">
        <ele>1240.6</ele>
      </trkpt>
      <trkpt lat="-37.145255925133824" lon="-70.676179965958">
        <ele>1240.3</ele>
      </trkpt>
      <trkpt lat="-37.145497826859355" lon="-70.67580169066787">
        <ele>1240.5</ele>
      </trkpt>
      <trkpt lat="-37.14565197005868" lon="-70.67552123218775">
        <ele>1239.1</ele>
      </trkpt>
      <trkpt lat="-37.14596503414214" lon="-70.67493793554604">
        <ele>1236.0</ele>
      </trkpt>
      <trkpt lat="-37.146095875650644" lon="-70.67461984232068">
        <ele>1232.4</ele>
      </trkpt>
      <trkpt lat="-37.14614801108837" lon="-70.67445346154273">
        <ele>1230.9</ele>
      </trkpt>
      <trkpt lat="-37.146192183718085" lon="-70.67428381182253">
        <ele>1229.1</ele>
      </trkpt>
      <trkpt lat="-37.14626485481858" lon="-70.67393730394542">
        <ele>1225.6</ele>
      </trkpt>
      <trkpt lat="-37.14631397277117" lon="-70.67358249798417">
        <ele>1223.7</ele>
      </trkpt>
      <trkpt lat="-37.14632813818753" lon="-70.67340094596148">
        <ele>1223.1</ele>
      </trkpt>
      <trkpt lat="-37.14633358642459" lon="-70.6730267778039">
        <ele>1219.2</ele>
      </trkpt>
      <trkpt lat="-37.1463053394109" lon="-70.67244406789541">
        <ele>1214.6</ele>
      </trkpt>
      <trkpt lat="-37.14629310183227" lon="-70.67224742844701">
        <ele>1213.8</ele>
      </trkpt>
      <trkpt lat="-37.14626820757985" lon="-70.67185163497925">
        <ele>1209.9</ele>
      </trkpt>
      <trkpt lat="-37.146241972222924" lon="-70.67145014181733">
        <ele>1204.0</ele>
      </trkpt>
      <trkpt lat="-37.14623040519655" lon="-70.6712460424751">
        <ele>1201.8</ele>
      </trkpt>
      <trkpt lat="-37.146219089627266" lon="-70.67104009911418">
        <ele>1200.7</ele>
      </trkpt>
      <trkpt lat="-37.14620919898152" lon="-70.67083289846778">
        <ele>1199.8</ele>
      </trkpt>
      <trkpt lat="-37.1462035831064" lon="-70.67041422240436">
        <ele>1200.0</ele>
      </trkpt>
      <trkpt lat="-37.14623199775815" lon="-70.66999294795096">
        <ele>1199.2</ele>
      </trkpt>
      <trkpt lat="-37.146259155124426" lon="-70.66978264600039">
        <ele>1197.4</ele>
      </trkpt>
      <trkpt lat="-37.14628932997584" lon="-70.6695730984211">
        <ele>1195.6</ele>
      </trkpt>
      <trkpt lat="-37.14632084593177" lon="-70.66936514340341">
        <ele>1193.6</ele>
      </trkpt>
      <trkpt lat="-37.1463537029922" lon="-70.66915903240442">
        <ele>1191.4</ele>
      </trkpt>
      <trkpt lat="-37.14638748206198" lon="-70.66895585507154">
        <ele>1190.4</ele>
      </trkpt>
      <trkpt lat="-37.14642159640789" lon="-70.66875561140478">
        <ele>1190.8</ele>
      </trkpt>
      <trkpt lat="-37.146454621106386" lon="-70.66855846904218">
        <ele>1192.1</ele>
      </trkpt>
      <trkpt lat="-37.146484376862645" lon="-70.66836317069829">
        <ele>1192.6</ele>
      </trkpt>
      <trkpt lat="-37.14650943875313" lon="-70.66816938109696">
        <ele>1192.2</ele>
      </trkpt>
      <trkpt lat="-37.14652460999787" lon="-70.66797609440982">
        <ele>1191.5</ele>
      </trkpt>
      <trkpt lat="-37.14652611874044" lon="-70.66778347827494">
        <ele>1189.8</ele>
      </trkpt>
      <trkpt lat="-37.146515222266316" lon="-70.6675922870636">
        <ele>1188.5</ele>
      </trkpt>
      <trkpt lat="-37.14649275876582" lon="-70.66740377806127">
        <ele>1187.8</ele>
      </trkpt>
      <trkpt lat="-37.14646216481924" lon="-70.6672175321728">
        <ele>1187.2</ele>
      </trkpt>
      <trkpt lat="-37.14642687700689" lon="-70.66703388467431">
        <ele>1186.6</ele>
      </trkpt>
      <trkpt lat="-37.14634917676449" lon="-70.66667396575212">
        <ele>1184.8</ele>
      </trkpt>
      <trkpt lat="-37.146273236721754" lon="-70.66632787697017">
        <ele>1183.7</ele>
      </trkpt>
      <trkpt lat="-37.14623786509037" lon="-70.66616107709706">
        <ele>1183.2</ele>
      </trkpt>
      <trkpt lat="-37.14616787619889" lon="-70.66584541462362">
        <ele>1183.6</ele>
      </trkpt>
      <trkpt lat="-37.146102748811245" lon="-70.66555397585034">
        <ele>1183.8</ele>
      </trkpt>
      <trkpt lat="-37.14592949487269" lon="-70.66480790264904">
        <ele>1188.1</ele>
      </trkpt>
      <trkpt lat="-37.1458357013762" lon="-70.66437799483538">
        <ele>1191.8</ele>
      </trkpt>
      <trkpt lat="-37.14577627368271" lon="-70.66408270038664">
        <ele>1193.7</ele>
      </trkpt>
      <trkpt lat="-37.14574693702161" lon="-70.66389000043273">
        <ele>1194.9</ele>
      </trkpt>
      <trkpt lat="-37.14573344215751" lon="-70.66370459273458">
        <ele>1196.4</ele>
      </trkpt>
      <trkpt lat="-37.14573461562395" lon="-70.663528656587">
        <ele>1197.3</ele>
      </trkpt>
      <trkpt lat="-37.14574249461293" lon="-70.66344508901238">
        <ele>1197.9</ele>
      </trkpt>
      <trkpt lat="-37.14576629921794" lon="-70.66328784450889">
        <ele>1197.7</ele>
      </trkpt>
      <trkpt lat="-37.14581801556051" lon="-70.66307762637734">
        <ele>1196.7</ele>
      </trkpt>
      <trkpt lat="-37.14587870053947" lon="-70.6629107426852">
        <ele>1196.0</ele>
      </trkpt>
      <trkpt lat="-37.145938044413924" lon="-70.66277814097703">
        <ele>1196.5</ele>
      </trkpt>
      <trkpt lat="-37.14600266888738" lon="-70.6626189686358">
        <ele>1195.9</ele>
      </trkpt>
      <trkpt lat="-37.14607760310173" lon="-70.66246801055968">
        <ele>1198.3</ele>
      </trkpt>
      <trkpt lat="-37.14614340104163" lon="-70.66235460340977">
        <ele>1200.7</ele>
      </trkpt>
      <trkpt lat="-37.146208276972175" lon="-70.66224697977304">
        <ele>1203.8</ele>
      </trkpt>
      <trkpt lat="-37.1462741587311" lon="-70.66211228258908">
        <ele>1204.5</ele>
      </trkpt>
      <trkpt lat="-37.14633660390973" lon="-70.66199451684952">
        <ele>1206.0</ele>
      </trkpt>
      <trkpt lat="-37.14641044847667" lon="-70.6618467438966">
        <ele>1207.8</ele>
      </trkpt>
      <trkpt lat="-37.14648940600455" lon="-70.66170567646623">
        <ele>1208.7</ele>
      </trkpt>
      <trkpt lat="-37.14655503630638" lon="-70.66159335896373">
        <ele>1210.4</ele>
      </trkpt>
      <trkpt lat="-37.14662468992174" lon="-70.66148120909929">
        <ele>1211.4</ele>
      </trkpt>
      <trkpt lat="-37.14671865105629" lon="-70.66134173423052">
        <ele>1212.0</ele>
      </trkpt>
      <trkpt lat="-37.14684630744159" lon="-70.66118407063186">
        <ele>1212.8</ele>
      </trkpt>
      <trkpt lat="-37.146941693499684" lon="-70.66108826547861">
        <ele>1213.6</ele>
      </trkpt>
      <trkpt lat="-37.14708896353841" lon="-70.66093856468797">
        <ele>1213.9</ele>
      </trkpt>
      <trkpt lat="-37.1473122574389" lon="-70.66072625108063">
        <ele>1213.3</ele>
      </trkpt>
      <trkpt lat="-37.147546196356416" lon="-70.6604967545718">
        <ele>1210.5</ele>
      </trkpt>
      <trkpt lat="-37.147809388116" lon="-70.66024420782924">
        <ele>1212.3</ele>
      </trkpt>
      <trkpt lat="-37.14795188046992" lon="-70.66009668633342">
        <ele>1215.3</ele>
      </trkpt>
      <trkpt lat="-37.148119350895286" lon="-70.65992603078485">
        <ele>1219.8</ele>
      </trkpt>
      <trkpt lat="-37.148297214880586" lon="-70.65971673466265">
        <ele>1221.8</ele>
      </trkpt>
      <trkpt lat="-37.148390002548695" lon="-70.65959201194346">
        <ele>1223.1</ele>
      </trkpt>
      <trkpt lat="-37.14847876690328" lon="-70.6594607513398">
        <ele>1222.7</ele>
      </trkpt>
      <trkpt lat="-37.1485641784966" lon="-70.65932446159422">
        <ele>1222.9</ele>
      </trkpt>
      <trkpt lat="-37.14863031171262" lon="-70.6592223700136">
        <ele>1223.1</ele>
      </trkpt>
      <trkpt lat="-37.148712035268545" lon="-70.65908926539123">
        <ele>1223.6</ele>
      </trkpt>
      <trkpt lat="-37.14886215515435" lon="-70.65884585492313">
        <ele>1225.9</ele>
      </trkpt>
      <trkpt lat="-37.148967096582055" lon="-70.65867285244167">
        <ele>1226.8</ele>
      </trkpt>
      <trkpt lat="-37.149055022746325" lon="-70.65853094682097">
        <ele>1226.6</ele>
      </trkpt>
      <trkpt lat="-37.149140601977706" lon="-70.65839004702866">
        <ele>1226.3</ele>
      </trkpt>
      <trkpt lat="-37.14922928251326" lon="-70.65824411809444">
        <ele>1227.6</ele>
      </trkpt>
      <trkpt lat="-37.149328608065844" lon="-70.6580841075629">
        <ele>1229.6</ele>
      </trkpt>
      <trkpt lat="-37.14945198968053" lon="-70.65787648782134">
        <ele>1231.5</ele>
      </trkpt>
      <trkpt lat="-37.14958752505481" lon="-70.65767096355557">
        <ele>1231.7</ele>
      </trkpt>
      <trkpt lat="-37.14963739737868" lon="-70.65759443677962">
        <ele>1231.8</ele>
      </trkpt>
      <trkpt lat="-37.14995825663209" lon="-70.65721758641303">
        <ele>1236.0</ele>
      </trkpt>
      <trkpt lat="-37.150272158905864" lon="-70.6569598428905">
        <ele>1237.7</ele>
      </trkpt>
      <trkpt lat="-37.15068094432354" lon="-70.65675616264343">
        <ele>1234.0</ele>
      </trkpt>
      <trkpt lat="-37.15120481327176" lon="-70.6566506344825">
        <ele>1225.3</ele>
      </trkpt>
      <trkpt lat="-37.151654083281755" lon="-70.65667225979269">
        <ele>1217.3</ele>
      </trkpt>
      <trkpt lat="-37.15184452012181" lon="-70.65671844407916">
        <ele>1214.4</ele>
      </trkpt>
      <trkpt lat="-37.15204224921763" lon="-70.6567679811269">
        <ele>1212.0</ele>
      </trkpt>
      <trkpt lat="-37.152247186750174" lon="-70.65682196058333">
        <ele>1211.8</ele>
      </trkpt>
      <trkpt lat="-37.15235145762563" lon="-70.6568493694067">
        <ele>1212.5</ele>
      </trkpt>
      <trkpt lat="-37.152565866708755" lon="-70.65690368413925">
        <ele>1213.2</ele>
      </trkpt>
      <trkpt lat="-37.153004659339786" lon="-70.65701206214726">
        <ele>1212.2</ele>
      </trkpt>
      <trkpt lat="-37.153216218575835" lon="-70.65706268884242">
        <ele>1212.4</ele>
      </trkpt>
      <trkpt lat="-37.15341889299452" lon="-70.65712119452655">
        <ele>1211.9</ele>
      </trkpt>
      <trkpt lat="-37.153612431138754" lon="-70.65720132552087">
        <ele>1212.2</ele>
      </trkpt>
      <trkpt lat="-37.153703877702355" lon="-70.65725706517696">
        <ele>1212.3</ele>
      </trkpt>
      <trkpt lat="-37.15379448607564" lon="-70.65731758251786">
        <ele>1212.2</ele>
      </trkpt>
      <trkpt lat="-37.15397821739316" lon="-70.65745278261602">
        <ele>1209.3</ele>
      </trkpt>
      <trkpt lat="-37.15432112105191" lon="-70.65780247561634">
        <ele>1198.1</ele>
      </trkpt>
      <trkpt lat="-37.15447945520282" lon="-70.65799467265606">
        <ele>1193.3</ele>
      </trkpt>
      <trkpt lat="-37.154711382463574" lon="-70.65829080529511">
        <ele>1189.6</ele>
      </trkpt>
      <trkpt lat="-37.154788663610816" lon="-70.65839222632349">
        <ele>1189.2</ele>
      </trkpt>
      <trkpt lat="-37.15486812405288" lon="-70.65849381498992">
        <ele>1189.3</ele>
      </trkpt>
      <trkpt lat="-37.15494967997074" lon="-70.65859515219927">
        <ele>1189.5</ele>
      </trkpt>
      <trkpt lat="-37.155115557834506" lon="-70.65879640169442">
        <ele>1188.4</ele>
      </trkpt>
      <trkpt lat="-37.15537757612765" lon="-70.65907501615584">
        <ele>1182.2</ele>
      </trkpt>
      <trkpt lat="-37.15547405183315" lon="-70.65914995037019">
        <ele>1179.3</ele>
      </trkpt>
      <trkpt lat="-37.15557564049959" lon="-70.65921507775784">
        <ele>1177.2</ele>
      </trkpt>
      <trkpt lat="-37.15579574927688" lon="-70.65931683406234">
        <ele>1175.3</ele>
      </trkpt>
      <trkpt lat="-37.15603488497436" lon="-70.6593754235655">
        <ele>1175.0</ele>
      </trkpt>
      <trkpt lat="-37.156282905489206" lon="-70.65937081351876">
        <ele>1177.8</ele>
      </trkpt>
      <trkpt lat="-37.15675178915262" lon="-70.65918867476285">
        <ele>1182.6</ele>
      </trkpt>
      <trkpt lat="-37.15695697814226" lon="-70.65902556292713">
        <ele>1187.0</ele>
      </trkpt>
      <trkpt lat="-37.157134087756276" lon="-70.65882976166904">
        <ele>1191.0</ele>
      </trkpt>
      <trkpt lat="-37.15721262618899" lon="-70.65872523933649">
        <ele>1192.1</ele>
      </trkpt>
      <trkpt lat="-37.15736886486411" lon="-70.65852013416588">
        <ele>1190.0</ele>
      </trkpt>
      <trkpt lat="-37.157522002235055" lon="-70.6583188008517">
        <ele>1186.6</ele>
      </trkpt>
      <trkpt lat="-37.15767455287278" lon="-70.65813012421131">
        <ele>1184.4</ele>
      </trkpt>
      <trkpt lat="-37.15804570354521" lon="-70.65766082145274">
        <ele>1191.4</ele>
      </trkpt>
      <trkpt lat="-37.158339489251375" lon="-70.65728187561035">
        <ele>1195.4</ele>
      </trkpt>
      <trkpt lat="-37.15876713395119" lon="-70.65673830918968">
        <ele>1192.4</ele>
      </trkpt>
      <trkpt lat="-37.15908841229975" lon="-70.65632063895464">
        <ele>1181.3</ele>
      </trkpt>
      <trkpt lat="-37.15915563516319" lon="-70.65623321570456">
        <ele>1178.4</ele>
      </trkpt>
      <trkpt lat="-37.15922562405467" lon="-70.65614336170256">
        <ele>1175.9</ele>
      </trkpt>
      <trkpt lat="-37.15937272645533" lon="-70.65595954656601">
        <ele>1171.3</ele>
      </trkpt>
      <trkpt lat="-37.15968084521592" lon="-70.65557096153498">
        <ele>1166.0</ele>
      </trkpt>
      <trkpt lat="-37.1598388440907" lon="-70.65536652691662">
        <ele>1164.8</ele>
      </trkpt>
      <trkpt lat="-37.16000245884061" lon="-70.65516142174602">
        <ele>1162.1</ele>
      </trkpt>
      <trkpt lat="-37.16016666032374" lon="-70.65495564602315">
        <ele>1161.3</ele>
      </trkpt>
      <trkpt lat="-37.16033052653074" lon="-70.65475213341415">
        <ele>1160.4</ele>
      </trkpt>
      <trkpt lat="-37.16049254871905" lon="-70.65455012954772">
        <ele>1161.1</ele>
      </trkpt>
      <trkpt lat="-37.16065289452672" lon="-70.6543487124145">
        <ele>1160.2</ele>
      </trkpt>
      <trkpt lat="-37.16081256978214" lon="-70.6541502289474">
        <ele>1158.6</ele>
      </trkpt>
      <trkpt lat="-37.16096755117178" lon="-70.65395560115576">
        <ele>1157.1</ele>
      </trkpt>
      <trkpt lat="-37.161188162863255" lon="-70.65367723815143">
        <ele>1154.3</ele>
      </trkpt>
      <trkpt lat="-37.16133886948228" lon="-70.65350306220353">
        <ele>1152.9</ele>
      </trkpt>
      <trkpt lat="-37.16149762272835" lon="-70.65333668142557">
        <ele>1152.5</ele>
      </trkpt>
      <trkpt lat="-37.16175243258476" lon="-70.65310777164996">
        <ele>1151.7</ele>
      </trkpt>
      <trkpt lat="-37.161932894960046" lon="-70.6529778521508">
        <ele>1152.7</ele>
      </trkpt>
      <trkpt lat="-37.16230697929859" lon="-70.65276319161057">
        <ele>1154.1</ele>
      </trkpt>
      <trkpt lat="-37.16249590739608" lon="-70.65266487188637">
        <ele>1154.0</ele>
      </trkpt>
      <trkpt lat="-37.16278240084648" lon="-70.65252204425633">
        <ele>1153.7</ele>
      </trkpt>
      <trkpt lat="-37.16306587681174" lon="-70.65238248556852">
        <ele>1152.6</ele>
      </trkpt>
      <trkpt lat="-37.163504837080836" lon="-70.65215927548707">
        <ele>1149.7</ele>
      </trkpt>
      <trkpt lat="-37.164048152044415" lon="-70.65188175067306">
        <ele>1150.4</ele>
      </trkpt>
      <trkpt lat="-37.164592891931534" lon="-70.65160573460162">
        <ele>1148.5</ele>
      </trkpt>
      <trkpt lat="-37.16477016918361" lon="-70.65151604823768">
        <ele>1148.0</ele>
      </trkpt>
      <trkpt lat="-37.16494635678828" lon="-70.65142585895956">
        <ele>1146.9</ele>
      </trkpt>
      <trkpt lat="-37.16520586051047" lon="-70.65128847956657">
        <ele>1146.4</ele>
      </trkpt>
      <trkpt lat="-37.165457317605615" lon="-70.65114774741232">
        <ele>1146.0</ele>
      </trkpt>
      <trkpt lat="-37.1657276339829" lon="-70.65101992338896">
        <ele>1144.1</ele>
      </trkpt>
      <trkpt lat="-37.16628008522093" lon="-70.65073133446276">
        <ele>1138.2</ele>
      </trkpt>
      <trkpt lat="-37.166469264775515" lon="-70.65062865614891">
        <ele>1136.9</ele>
      </trkpt>
      <trkpt lat="-37.166567500680685" lon="-70.65057861618698">
        <ele>1136.1</ele>
      </trkpt>
      <trkpt lat="-37.16677017509937" lon="-70.6504769437015">
        <ele>1135.6</ele>
      </trkpt>
      <trkpt lat="-37.167086843401194" lon="-70.6503165140748">
        <ele>1133.3</ele>
      </trkpt>
      <trkpt lat="-37.167191533371806" lon="-70.65026203170419">
        <ele>1132.1</ele>
      </trkpt>
      <trkpt lat="-37.167407032102346" lon="-70.65015072003007">
        <ele>1129.1</ele>
      </trkpt>
      <trkpt lat="-37.16763200238347" lon="-70.6500492990017">
        <ele>1127.2</ele>
      </trkpt>
      <trkpt lat="-37.16787323355675" lon="-70.64998928457499">
        <ele>1124.5</ele>
      </trkpt>
      <trkpt lat="-37.167998207733035" lon="-70.64998157322407">
        <ele>1123.4</ele>
      </trkpt>
      <trkpt lat="-37.1681244391948" lon="-70.64998785965145">
        <ele>1122.1</ele>
      </trkpt>
      <trkpt lat="-37.16825159266591" lon="-70.65000738948584">
        <ele>1120.9</ele>
      </trkpt>
      <trkpt lat="-37.16850304976106" lon="-70.65008936449885">
        <ele>1118.0</ele>
      </trkpt>
      <trkpt lat="-37.16862567700446" lon="-70.65015382133424">
        <ele>1116.0</ele>
      </trkpt>
      <trkpt lat="-37.16874503530562" lon="-70.6502316892147">
        <ele>1114.2</ele>
      </trkpt>
      <trkpt lat="-37.16885978356004" lon="-70.65032414160669">
        <ele>1112.8</ele>
      </trkpt>
      <trkpt lat="-37.16907385736704" lon="-70.65054508857429">
        <ele>1110.4</ele>
      </trkpt>
      <trkpt lat="-37.169174859300256" lon="-70.65066587179899">
        <ele>1110.1</ele>
      </trkpt>
      <trkpt lat="-37.16927519068122" lon="-70.65078766085207">
        <ele>1110.0</ele>
      </trkpt>
      <trkpt lat="-37.1693763602525" lon="-70.6509103719145">
        <ele>1109.9</ele>
      </trkpt>
      <trkpt lat="-37.16958247125149" lon="-70.6511579733342">
        <ele>1109.0</ele>
      </trkpt>
      <trkpt lat="-37.16968816705048" lon="-70.65128303132951">
        <ele>1107.7</ele>
      </trkpt>
      <trkpt lat="-37.16979461722076" lon="-70.65140892751515">
        <ele>1106.0</ele>
      </trkpt>
      <trkpt lat="-37.16990081593394" lon="-70.65153708681464">
        <ele>1103.9</ele>
      </trkpt>
      <trkpt lat="-37.170007014647126" lon="-70.6516654137522">
        <ele>1101.7</ele>
      </trkpt>
      <trkpt lat="-37.17011329717934" lon="-70.65179357305169">
        <ele>1100.3</ele>
      </trkpt>
      <trkpt lat="-37.17032670043409" lon="-70.65204905346036">
        <ele>1098.0</ele>
      </trkpt>
      <trkpt lat="-37.170543037354946" lon="-70.65230193547904">
        <ele>1095.1</ele>
      </trkpt>
      <trkpt lat="-37.17065133154392" lon="-70.6524300109595">
        <ele>1092.9</ele>
      </trkpt>
      <trkpt lat="-37.17075954191387" lon="-70.65255884081125">
        <ele>1090.9</ele>
      </trkpt>
      <trkpt lat="-37.170867919921875" lon="-70.65268666483462">
        <ele>1090.0</ele>
      </trkpt>
      <trkpt lat="-37.17097604647279" lon="-70.65281356684864">
        <ele>1089.2</ele>
      </trkpt>
      <trkpt lat="-37.17108408920467" lon="-70.6529400497675">
        <ele>1087.9</ele>
      </trkpt>
      <trkpt lat="-37.171300342306495" lon="-70.65319301560521">
        <ele>1085.3</ele>
      </trkpt>
      <trkpt lat="-37.171509554609656" lon="-70.65345578826964">
        <ele>1081.9</ele>
      </trkpt>
      <trkpt lat="-37.17169144190848" lon="-70.65374119207263">
        <ele>1078.4</ele>
      </trkpt>
      <trkpt lat="-37.17185379937291" lon="-70.65403397195041">
        <ele>1075.7</ele>
      </trkpt>
      <trkpt lat="-37.17200953513384" lon="-70.65432951785624">
        <ele>1072.6</ele>
      </trkpt>
      <trkpt lat="-37.17208614572883" lon="-70.65447779372334">
        <ele>1071.6</ele>
      </trkpt>
      <trkpt lat="-37.17216317541897" lon="-70.6546251475811">
        <ele>1070.3</ele>
      </trkpt>
      <trkpt lat="-37.17224028892815" lon="-70.6547720823437">
        <ele>1068.3</ele>
      </trkpt>
      <trkpt lat="-37.172317653894424" lon="-70.65491868183017">
        <ele>1066.2</ele>
      </trkpt>
      <trkpt lat="-37.17247297056019" lon="-70.65521003678441">
        <ele>1063.4</ele>
      </trkpt>
      <trkpt lat="-37.17255192808807" lon="-70.65535336732864">
        <ele>1062.3</ele>
      </trkpt>
      <trkpt lat="-37.17263398692012" lon="-70.6554935965687">
        <ele>1061.5</ele>
      </trkpt>
      <trkpt lat="-37.172721242532134" lon="-70.65562955103815">
        <ele>1060.5</ele>
      </trkpt>
      <trkpt lat="-37.172814197838306" lon="-70.65575955435634">
        <ele>1059.9</ele>
      </trkpt>
      <trkpt lat="-37.17291243374348" lon="-70.65588352270424">
        <ele>1058.9</ele>
      </trkpt>
      <trkpt lat="-37.17301511205733" lon="-70.65600137226284">
        <ele>1058.1</ele>
      </trkpt>
      <trkpt lat="-37.17312307097018" lon="-70.6561120133847">
        <ele>1057.3</ele>
      </trkpt>
      <trkpt lat="-37.17323555611074" lon="-70.65621620044112">
        <ele>1055.7</ele>
      </trkpt>
      <trkpt lat="-37.17347108758986" lon="-70.65641191788018">
        <ele>1053.1</ele>
      </trkpt>
      <trkpt lat="-37.17359337955713" lon="-70.6565042026341">
        <ele>1051.7</ele>
      </trkpt>
      <trkpt lat="-37.173717599362135" lon="-70.65659372135997">
        <ele>1049.9</ele>
      </trkpt>
      <trkpt lat="-37.17384240590036" lon="-70.65668441355228">
        <ele>1048.4</ele>
      </trkpt>
      <trkpt lat="-37.17396654188633" lon="-70.65677812322974">
        <ele>1047.2</ele>
      </trkpt>
      <trkpt lat="-37.17421540059149" lon="-70.65696294419467">
        <ele>1045.6</ele>
      </trkpt>
      <trkpt lat="-37.17434171587229" lon="-70.65705045126379">
        <ele>1044.7</ele>
      </trkpt>
      <trkpt lat="-37.174468198791146" lon="-70.65713535994291">
        <ele>1044.5</ele>
      </trkpt>
      <trkpt lat="-37.174596106633544" lon="-70.65721414983273">
        <ele>1043.8</ele>
      </trkpt>
      <trkpt lat="-37.17472669668496" lon="-70.65728388726711">
        <ele>1043.4</ele>
      </trkpt>
      <trkpt lat="-37.1748608071357" lon="-70.65734272822738">
        <ele>1042.7</ele>
      </trkpt>
      <trkpt lat="-37.17499709688127" lon="-70.65739050507545">
        <ele>1041.8</ele>
      </trkpt>
      <trkpt lat="-37.17513430863619" lon="-70.65743233077228">
        <ele>1041.3</ele>
      </trkpt>
      <trkpt lat="-37.17527210712433" lon="-70.65747323445976">
        <ele>1040.7</ele>
      </trkpt>
      <trkpt lat="-37.175409737974405" lon="-70.65751514397562">
        <ele>1040.1</ele>
      </trkpt>
      <trkpt lat="-37.175544518977404" lon="-70.65755856223404">
        <ele>1038.1</ele>
      </trkpt>
      <trkpt lat="-37.175798239186406" lon="-70.65765889361501">
        <ele>1032.2</ele>
      </trkpt>
      <trkpt lat="-37.17591634020209" lon="-70.65772720612586">
        <ele>1030.2</ele>
      </trkpt>
      <trkpt lat="-37.17602823860943" lon="-70.65780909731984">
        <ele>1028.7</ele>
      </trkpt>
      <trkpt lat="-37.176228147000074" lon="-70.65801110118628">
        <ele>1025.1</ele>
      </trkpt>
      <trkpt lat="-37.17631406150758" lon="-70.65812794491649">
        <ele>1024.1</ele>
      </trkpt>
      <trkpt lat="-37.17639368958771" lon="-70.65824998542666">
        <ele>1023.3</ele>
      </trkpt>
      <trkpt lat="-37.17647063545883" lon="-70.65837370231748">
        <ele>1022.6</ele>
      </trkpt>
      <trkpt lat="-37.17661681585014" lon="-70.658620884642">
        <ele>1021.5</ele>
      </trkpt>
      <trkpt lat="-37.17667758464813" lon="-70.65874787047505">
        <ele>1021.4</ele>
      </trkpt>
      <trkpt lat="-37.17672276310623" lon="-70.65888290293515">
        <ele>1020.9</ele>
      </trkpt>
      <trkpt lat="-37.176745142787695" lon="-70.65902581438422">
        <ele>1020.9</ele>
      </trkpt>
      <trkpt lat="-37.17674237675965" lon="-70.65917132422328">
        <ele>1021.5</ele>
      </trkpt>
      <trkpt lat="-37.17667758464813" lon="-70.65944817848504">
        <ele>1022.9</ele>
      </trkpt>
      <trkpt lat="-37.17663316056132" lon="-70.6595778465271">
        <ele>1023.1</ele>
      </trkpt>
      <trkpt lat="-37.17655730433762" lon="-70.65983491949737">
        <ele>1022.3</ele>
      </trkpt>
      <trkpt lat="-37.17651514336467" lon="-70.66009601578116">
        <ele>1019.0</ele>
      </trkpt>
      <trkpt lat="-37.17650600709021" lon="-70.66035577096045">
        <ele>1015.2</ele>
      </trkpt>
      <trkpt lat="-37.176513550803065" lon="-70.6604830082506">
        <ele>1013.5</ele>
      </trkpt>
      <trkpt lat="-37.17653132043779" lon="-70.66060471348464">
        <ele>1012.0</ele>
      </trkpt>
      <trkpt lat="-37.17661581002176" lon="-70.66093395464122">
        <ele>1008.6</ele>
      </trkpt>
      <trkpt lat="-37.17672385275364" lon="-70.66123712807894">
        <ele>1007.3</ele>
      </trkpt>
      <trkpt lat="-37.1767982840538" lon="-70.66143334843218">
        <ele>1007.6</ele>
      </trkpt>
      <trkpt lat="-37.176944464445114" lon="-70.66180324181914">
        <ele>1013.4</ele>
      </trkpt>
      <trkpt lat="-37.177127776667476" lon="-70.66218168474734">
        <ele>1023.0</ele>
      </trkpt>
      <trkpt lat="-37.177414521574974" lon="-70.66210398450494">
        <ele>1030.0</ele>
      </trkpt>
      <trkpt lat="-37.177504459396005" lon="-70.66194816492498">
        <ele>1029.4</ele>
      </trkpt>
      <trkpt lat="-37.17753002420068" lon="-70.66189812496305">
        <ele>1029.1</ele>
      </trkpt>
      <trkpt lat="-37.17764066532254" lon="-70.66172822378576">
        <ele>1027.4</ele>
      </trkpt>
      <trkpt lat="-37.17772699892521" lon="-70.66162806004286">
        <ele>1027.3</ele>
      </trkpt>
      <trkpt lat="-37.177824061363935" lon="-70.66150241531432">
        <ele>1027.2</ele>
      </trkpt>
      <trkpt lat="-37.177907628938556" lon="-70.66136436536908">
        <ele>1027.7</ele>
      </trkpt>
      <trkpt lat="-37.177970157936215" lon="-70.6612618546933">
        <ele>1028.7</ele>
      </trkpt>
      <trkpt lat="-37.177990609779954" lon="-70.66122815944254">
        <ele>1029.4</ele>
      </trkpt>
      <trkpt lat="-37.178059592843056" lon="-70.66113788634539">
        <ele>1030.9</ele>
      </trkpt>
      <trkpt lat="-37.1781056933105" lon="-70.66107912920415">
        <ele>1032.7</ele>
      </trkpt>
      <trkpt lat="-37.178221782669425" lon="-70.66092783585191">
        <ele>1034.2</ele>
      </trkpt>
      <trkpt lat="-37.1783113013953" lon="-70.66078936681151">
        <ele>1035.1</ele>
      </trkpt>
      <trkpt lat="-37.17854540795088" lon="-70.66021830774844">
        <ele>1034.0</ele>
      </trkpt>
      <trkpt lat="-37.17863702215254" lon="-70.6599647551775">
        <ele>1033.7</ele>
      </trkpt>
      <trkpt lat="-37.178684547543526" lon="-70.65937508828938">
        <ele>1029.1</ele>
      </trkpt>
      <trkpt lat="-37.17869804240763" lon="-70.65928221680224">
        <ele>1029.1</ele>
      </trkpt>
      <trkpt lat="-37.17872126027942" lon="-70.65909043885767">
        <ele>1029.0</ele>
      </trkpt>
      <trkpt lat="-37.17874783091247" lon="-70.65893428400159">
        <ele>1029.0</ele>
      </trkpt>
      <trkpt lat="-37.17879208736122" lon="-70.65875658765435">
        <ele>1028.3</ele>
      </trkpt>
      <trkpt lat="-37.17879359610379" lon="-70.65850999206305">
        <ele>1025.2</ele>
      </trkpt>
      <trkpt lat="-37.17871178872883" lon="-70.6581668369472">
        <ele>1021.2</ele>
      </trkpt>
      <trkpt lat="-37.17849872075021" lon="-70.65784530714154">
        <ele>1020.5</ele>
      </trkpt>
      <trkpt lat="-37.178420182317495" lon="-70.65775620751083">
        <ele>1020.1</ele>
      </trkpt>
      <trkpt lat="-37.1782782766968" lon="-70.65758555196226">
        <ele>1019.2</ele>
      </trkpt>
      <trkpt lat="-37.17821465805173" lon="-70.65750391222537">
        <ele>1018.6</ele>
      </trkpt>
      <trkpt lat="-37.178154895082116" lon="-70.65742352977395">
        <ele>1018.0</ele>
      </trkpt>
      <trkpt lat="-37.178094713017344" lon="-70.6573449075222">
        <ele>1017.3</ele>
      </trkpt>
      <trkpt lat="-37.17791609466076" lon="-70.65712320618331">
        <ele>1016.4</ele>
      </trkpt>
      <trkpt lat="-37.17747327871621" lon="-70.65667234361172">
        <ele>1014.7</ele>
      </trkpt>
      <trkpt lat="-37.177323158830404" lon="-70.6565094832331">
        <ele>1015.8</ele>
      </trkpt>
      <trkpt lat="-37.17717429623008" lon="-70.65632189624012">
        <ele>1018.1</ele>
      </trkpt>
      <trkpt lat="-37.17685150913894" lon="-70.65575016662478">
        <ele>1023.3</ele>
      </trkpt>
      <trkpt lat="-37.17681521549821" lon="-70.65567732788622">
        <ele>1023.7</ele>
      </trkpt>
      <trkpt lat="-37.176522770896554" lon="-70.65509738400578">
        <ele>1024.6</ele>
      </trkpt>
      <trkpt lat="-37.17633652500808" lon="-70.65469589084387">
        <ele>1027.6</ele>
      </trkpt>
      <trkpt lat="-37.17597099021077" lon="-70.65412675961852">
        <ele>1024.7</ele>
      </trkpt>
      <trkpt lat="-37.17567024752498" lon="-70.65352795645595">
        <ele>1020.6</ele>
      </trkpt>
      <trkpt lat="-37.17547218315303" lon="-70.65288548357785">
        <ele>1021.3</ele>
      </trkpt>
      <trkpt lat="-37.17522785067558" lon="-70.65218299627304">
        <ele>1022.7</ele>
      </trkpt>
      <trkpt lat="-37.17515300028026" lon="-70.65200270153582">
        <ele>1022.9</ele>
      </trkpt>
      <trkpt lat="-37.17488310299814" lon="-70.65138084813952">
        <ele>1021.0</ele>
      </trkpt>
      <trkpt lat="-37.17477422207594" lon="-70.65112017095089">
        <ele>1021.5</ele>
      </trkpt>
      <trkpt lat="-37.17450357042253" lon="-70.65045565366745">
        <ele>1018.6</ele>
      </trkpt>
      <trkpt lat="-37.17424490489066" lon="-70.64981024712324">
        <ele>1023.3</ele>
      </trkpt>
      <trkpt lat="-37.17421481385827" lon="-70.64973254688084">
        <ele>1023.8</ele>
      </trkpt>
      <trkpt lat="-37.17402186244726" lon="-70.64924840815365">
        <ele>1025.7</ele>
      </trkpt>
      <trkpt lat="-37.1739508677274" lon="-70.64898387528956">
        <ele>1025.5</ele>
      </trkpt>
      <trkpt lat="-37.17389278113842" lon="-70.64874281175435">
        <ele>1025.0</ele>
      </trkpt>
      <trkpt lat="-37.17383553273976" lon="-70.64851004630327">
        <ele>1025.2</ele>
      </trkpt>
      <trkpt lat="-37.173767974600196" lon="-70.64826847985387">
        <ele>1024.8</ele>
      </trkpt>
      <trkpt lat="-37.173541663214564" lon="-70.64766305498779">
        <ele>1025.9</ele>
      </trkpt>
      <trkpt lat="-37.17350956052542" lon="-70.64760446548462">
        <ele>1026.3</ele>
      </trkpt>
      <trkpt lat="-37.173179564997554" lon="-70.64704589545727">
        <ele>1027.2</ele>
      </trkpt>
      <trkpt lat="-37.17309096828103" lon="-70.64692544750869">
        <ele>1026.1</ele>
      </trkpt>
      <trkpt lat="-37.17274839989841" lon="-70.64647357910872">
        <ele>1023.0</ele>
      </trkpt>
      <trkpt lat="-37.17227725312114" lon="-70.64611500129104">
        <ele>1021.5</ele>
      </trkpt>
      <trkpt lat="-37.17202931642532" lon="-70.6459600199014">
        <ele>1022.8</ele>
      </trkpt>
      <trkpt lat="-37.17152598313987" lon="-70.64569322392344">
        <ele>1025.3</ele>
      </trkpt>
      <trkpt lat="-37.17133831232786" lon="-70.64554771408439">
        <ele>1025.8</ele>
      </trkpt>
      <trkpt lat="-37.17112423852086" lon="-70.6452882103622">
        <ele>1025.4</ele>
      </trkpt>
      <trkpt lat="-37.17095333151519" lon="-70.6449734698981">
        <ele>1023.5</ele>
      </trkpt>
      <trkpt lat="-37.170662228018045" lon="-70.64433091320097">
        <ele>1027.8</ele>
      </trkpt>
      <trkpt lat="-37.17035762965679" lon="-70.64371014945209">
        <ele>1028.3</ele>
      </trkpt>
      <trkpt lat="-37.17004045844078" lon="-70.64306968823075">
        <ele>1031.1</ele>
      </trkpt>
      <trkpt lat="-37.169740134850144" lon="-70.64244087785482">
        <ele>1027.6</ele>
      </trkpt>
      <trkpt lat="-37.16955481097102" lon="-70.64176294952631">
        <ele>1031.9</ele>
      </trkpt>
      <trkpt lat="-37.169455820694566" lon="-70.64106976613402">
        <ele>1031.2</ele>
      </trkpt>
      <trkpt lat="-37.16944048181176" lon="-70.64034598879516">
        <ele>1025.1</ele>
      </trkpt>
      <trkpt lat="-37.169436709955335" lon="-70.6402525305748">
        <ele>1025.8</ele>
      </trkpt>
      <trkpt lat="-37.169404439628124" lon="-70.63953143544495">
        <ele>1031.0</ele>
      </trkpt>
      <trkpt lat="-37.169382479041815" lon="-70.63920881599188">
        <ele>1030.7</ele>
      </trkpt>
      <trkpt lat="-37.169363871216774" lon="-70.63890279270709">
        <ele>1028.1</ele>
      </trkpt>
      <trkpt lat="-37.16933621093631" lon="-70.63851454295218">
        <ele>1026.6</ele>
      </trkpt>
      <trkpt lat="-37.1692796330899" lon="-70.63784063793719">
        <ele>1027.5</ele>
      </trkpt>
      <trkpt lat="-37.1692072134465" lon="-70.637113340199">
        <ele>1032.4</ele>
      </trkpt>
      <trkpt lat="-37.16919220983982" lon="-70.63697755336761">
        <ele>1032.8</ele>
      </trkpt>
      <trkpt lat="-37.16918231919408" lon="-70.63691267743707">
        <ele>1033.3</ele>
      </trkpt>
      <trkpt lat="-37.169159185141325" lon="-70.63666365109384">
        <ele>1035.8</ele>
      </trkpt>
      <trkpt lat="-37.169133285060525" lon="-70.63642300665379">
        <ele>1035.7</ele>
      </trkpt>
      <trkpt lat="-37.16911534778774" lon="-70.63615185208619">
        <ele>1041.4</ele>
      </trkpt>
      <trkpt lat="-37.169144516810775" lon="-70.63539697788656">
        <ele>1039.0</ele>
      </trkpt>
      <trkpt lat="-37.1692658867687" lon="-70.63472567126155">
        <ele>1038.0</ele>
      </trkpt>
      <trkpt lat="-37.16928315348923" lon="-70.63455836847425">
        <ele>1038.8</ele>
      </trkpt>
      <trkpt lat="-37.16927812434733" lon="-70.63439073041081">
        <ele>1040.4</ele>
      </trkpt>
      <trkpt lat="-37.16925038024783" lon="-70.63423298299313">
        <ele>1040.6</ele>
      </trkpt>
      <trkpt lat="-37.169225569814444" lon="-70.63408873043954">
        <ele>1042.1</ele>
      </trkpt>
      <trkpt lat="-37.16910922899842" lon="-70.63372612930834">
        <ele>1037.6</ele>
      </trkpt>
      <trkpt lat="-37.16901954263449" lon="-70.63344843685627">
        <ele>1037.0</ele>
      </trkpt>
      <trkpt lat="-37.16895558871329" lon="-70.63323687762022">
        <ele>1037.5</ele>
      </trkpt>
      <trkpt lat="-37.16888073831797" lon="-70.6329860072583">
        <ele>1037.4</ele>
      </trkpt>
      <trkpt lat="-37.168778060004115" lon="-70.63273346051574">
        <ele>1037.9</ele>
      </trkpt>
      <trkpt lat="-37.16873673722148" lon="-70.63261058181524">
        <ele>1038.7</ele>
      </trkpt>
      <trkpt lat="-37.16867580078542" lon="-70.63244730234146">
        <ele>1039.4</ele>
      </trkpt>
      <trkpt lat="-37.16864604502916" lon="-70.63232517801225">
        <ele>1040.3</ele>
      </trkpt>
      <trkpt lat="-37.16856608167291" lon="-70.63211261294782">
        <ele>1042.5</ele>
      </trkpt>
      <trkpt lat="-37.1685285307467" lon="-70.63201613724232">
        <ele>1043.4</ele>
      </trkpt>
      <trkpt lat="-37.16847396455705" lon="-70.63189149834216">
        <ele>1045.5</ele>
      </trkpt>
      <trkpt lat="-37.16842643916607" lon="-70.63176174648106">
        <ele>1048.6</ele>
      </trkpt>
      <trkpt lat="-37.16836592182517" lon="-70.63159662298858">
        <ele>1050.2</ele>
      </trkpt>
      <trkpt lat="-37.16832987964153" lon="-70.63149344176054">
        <ele>1051.1</ele>
      </trkpt>
      <trkpt lat="-37.16824974864721" lon="-70.63128515146673">
        <ele>1050.9</ele>
      </trkpt>
      <trkpt lat="-37.16813022270799" lon="-70.63096102327108">
        <ele>1049.2</ele>
      </trkpt>
      <trkpt lat="-37.16802033595741" lon="-70.6308344565332">
        <ele>1045.9</ele>
      </trkpt>
      <trkpt lat="-37.167796958237886" lon="-70.63062474131584">
        <ele>1046.3</ele>
      </trkpt>
      <trkpt lat="-37.16758883558214" lon="-70.63058936968446">
        <ele>1047.4</ele>
      </trkpt>
      <trkpt lat="-37.167474925518036" lon="-70.63061149790883">
        <ele>1047.4</ele>
      </trkpt>
      <trkpt lat="-37.16733922250569" lon="-70.6306439358741">
        <ele>1047.5</ele>
      </trkpt>
      <trkpt lat="-37.167190443724394" lon="-70.63064242713153">
        <ele>1049.1</ele>
      </trkpt>
      <trkpt lat="-37.16707753948867" lon="-70.63058677129447">
        <ele>1051.2</ele>
      </trkpt>
      <trkpt lat="-37.167007215321064" lon="-70.63055441714823">
        <ele>1052.9</ele>
      </trkpt>
      <trkpt lat="-37.1668825764209" lon="-70.63053539022803">
        <ele>1053.8</ele>
      </trkpt>
      <trkpt lat="-37.1667393296957" lon="-70.63055709935725">
        <ele>1054.4</ele>
      </trkpt>
      <trkpt lat="-37.166629526764154" lon="-70.63060102052987">
        <ele>1054.1</ele>
      </trkpt>
      <trkpt lat="-37.1665545925498" lon="-70.63065013848245">
        <ele>1053.6</ele>
      </trkpt>
      <trkpt lat="-37.166468258947134" lon="-70.63068735413253">
        <ele>1054.1</ele>
      </trkpt>
      <trkpt lat="-37.16632450930774" lon="-70.63073211349547">
        <ele>1054.8</ele>
      </trkpt>
      <trkpt lat="-37.166191237047315" lon="-70.63074376434088">
        <ele>1056.5</ele>
      </trkpt>
      <trkpt lat="-37.165992921218276" lon="-70.6307533197105">
        <ele>1058.7</ele>
      </trkpt>
      <trkpt lat="-37.16590038500726" lon="-70.63074912875891">
        <ele>1059.0</ele>
      </trkpt>
      <trkpt lat="-37.16573283076286" lon="-70.6307393219322">
        <ele>1059.8</ele>
      </trkpt>
      <trkpt lat="-37.165568210184574" lon="-70.63064485788345">
        <ele>1061.1</ele>
      </trkpt>
      <trkpt lat="-37.16537794098258" lon="-70.63047998584807">
        <ele>1064.6</ele>
      </trkpt>
      <trkpt lat="-37.165227653458714" lon="-70.63034227117896">
        <ele>1068.5</ele>
      </trkpt>
      <trkpt lat="-37.16507074423134" lon="-70.63026733696461">
        <ele>1070.7</ele>
      </trkpt>
      <trkpt lat="-37.16487645171583" lon="-70.63026079908013">
        <ele>1071.4</ele>
      </trkpt>
      <trkpt lat="-37.16480981558561" lon="-70.63029793091118">
        <ele>1071.5</ele>
      </trkpt>
      <trkpt lat="-37.1647119987756" lon="-70.6303677521646">
        <ele>1071.4</ele>
      </trkpt>
      <trkpt lat="-37.16462675482035" lon="-70.6304179597646">
        <ele>1071.2</ele>
      </trkpt>
      <trkpt lat="-37.164541678503156" lon="-70.63047445379198">
        <ele>1070.7</ele>
      </trkpt>
      <trkpt lat="-37.16443204320967" lon="-70.63050538301468">
        <ele>1071.2</ele>
      </trkpt>
      <trkpt lat="-37.164351996034384" lon="-70.63051393255591">
        <ele>1072.7</ele>
      </trkpt>
      <trkpt lat="-37.164275301620364" lon="-70.63051510602236">
        <ele>1073.1</ele>
      </trkpt>
      <trkpt lat="-37.164177065715194" lon="-70.63051460310817">
        <ele>1074.5</ele>
      </trkpt>
      <trkpt lat="-37.164083775132895" lon="-70.63050219789147">
        <ele>1075.9</ele>
      </trkpt>
      <trkpt lat="-37.16398822143674" lon="-70.63048811629415">
        <ele>1077.5</ele>
      </trkpt>
      <trkpt lat="-37.16391043737531" lon="-70.63046582043171">
        <ele>1079.1</ele>
      </trkpt>
      <trkpt lat="-37.16379954479635" lon="-70.63042030669749">
        <ele>1082.1</ele>
      </trkpt>
      <trkpt lat="-37.16372360475361" lon="-70.63039717264473">
        <ele>1084.5</ele>
      </trkpt>
      <trkpt lat="-37.16366820037365" lon="-70.63040228560567">
        <ele>1085.6</ele>
      </trkpt>
      <trkpt lat="-37.16357138939202" lon="-70.63039801083505">
        <ele>1087.7</ele>
      </trkpt>
      <trkpt lat="-37.16348555870354" lon="-70.63039935193956">
        <ele>1089.0</ele>
      </trkpt>
      <trkpt lat="-37.16346343047917" lon="-70.63039884902537">
        <ele>1089.4</ele>
      </trkpt>
      <trkpt lat="-37.16331440024078" lon="-70.63037445768714">
        <ele>1092.8</ele>
      </trkpt>
      <trkpt lat="-37.16322647407651" lon="-70.63035777769983">
        <ele>1094.2</ele>
      </trkpt>
      <trkpt lat="-37.16308758594096" lon="-70.63033581711352">
        <ele>1096.0</ele>
      </trkpt>
      <trkpt lat="-37.16299840249121" lon="-70.63031184487045">
        <ele>1097.8</ele>
      </trkpt>
      <trkpt lat="-37.162852892652154" lon="-70.63027010299265">
        <ele>1099.8</ele>
      </trkpt>
      <trkpt lat="-37.16270696371794" lon="-70.63022341579199">
        <ele>1101.8</ele>
      </trkpt>
      <trkpt lat="-37.162532368674874" lon="-70.63014663755894">
        <ele>1102.4</ele>
      </trkpt>
      <trkpt lat="-37.16239867731929" lon="-70.63004488125443">
        <ele>1103.9</ele>
      </trkpt>
      <trkpt lat="-37.16207320801914" lon="-70.62983164563775">
        <ele>1102.6</ele>
      </trkpt>
      <trkpt lat="-37.16181571595371" lon="-70.62962159514427">
        <ele>1102.2</ele>
      </trkpt>
      <trkpt lat="-37.16155596077442" lon="-70.6293338444084">
        <ele>1102.6</ele>
      </trkpt>
      <trkpt lat="-37.16150105930865" lon="-70.62924834899604">
        <ele>1103.2</ele>
      </trkpt>
      <trkpt lat="-37.161404667422175" lon="-70.6291364505887">
        <ele>1104.1</ele>
      </trkpt>
      <trkpt lat="-37.16133509762585" lon="-70.62907258048654">
        <ele>1104.6</ele>
      </trkpt>
      <trkpt lat="-37.16130081564188" lon="-70.62903779558837">
        <ele>1104.8</ele>
      </trkpt>
      <trkpt lat="-37.16111809015274" lon="-70.62880243174732">
        <ele>1107.3</ele>
      </trkpt>
      <trkpt lat="-37.160853473469615" lon="-70.6285148486495">
        <ele>1110.4</ele>
      </trkpt>
      <trkpt lat="-37.16072724200785" lon="-70.6283649802208">
        <ele>1112.0</ele>
      </trkpt>
      <trkpt lat="-37.16055549681187" lon="-70.62814738601446">
        <ele>1113.2</ele>
      </trkpt>
      <trkpt lat="-37.160400012508035" lon="-70.62807387672365">
        <ele>1112.4</ele>
      </trkpt>
      <trkpt lat="-37.16038215905428" lon="-70.628098603338">
        <ele>1112.0</ele>
      </trkpt>
      <trkpt lat="-37.16045784763992" lon="-70.6282975897193">
        <ele>1110.0</ele>
      </trkpt>
      <trkpt lat="-37.16049858368933" lon="-70.62835391610861">
        <ele>1109.7</ele>
      </trkpt>
      <trkpt lat="-37.16064669191837" lon="-70.62877167016268">
        <ele>1106.2</ele>
      </trkpt>
      <trkpt lat="-37.160689271986485" lon="-70.629055313766">
        <ele>1104.5</ele>
      </trkpt>
      <trkpt lat="-37.16068600304425" lon="-70.6291369535029">
        <ele>1103.9</ele>
      </trkpt>
      <trkpt lat="-37.16064468026161" lon="-70.6292577367276">
        <ele>1103.0</ele>
      </trkpt>
      <trkpt lat="-37.16056119650602" lon="-70.62935697846115">
        <ele>1101.9</ele>
      </trkpt>
      <trkpt lat="-37.160531440749764" lon="-70.62939033843577">
        <ele>1101.7</ele>
      </trkpt>
    </trkseg>
  </trk>
</gpx>
