<?xml version="1.0" encoding="UTF-8"?>
<gpx creator="StravaGPX" version="1.1" xmlns="http://www.topografix.com/GPX/1/1" xmlns:xsi="http://www.w3.org/2001/XMLSchema-instance" xsi:schemaLocation="http://www.topografix.com/GPX/1/1 http://www.topografix.com/GPX/1/1/gpx.xsd">
 <trk>
  <name>Morning Ride</name>
  <type>cycling</type>
  <trkseg>
   <trkpt lat="-37.1593740" lon="-70.6194360">
    <ele>1184.0</ele>
   </trkpt>
   <trkpt lat="-37.1594320" lon="-70.6193880">
    <ele>1184.2</ele>
   </trkpt>
   <trkpt lat="-37.1594850" lon="-70.6193370">
    <ele>1184.8</ele>
   </trkpt>
   <trkpt lat="-37.1597590" lon="-70.6190620">
    <ele>1187.6</ele>
   </trkpt>
   <trkpt lat="-37.1598050" lon="-70.6190090">
    <ele>1187.8</ele>
   </trkpt>
   <trkpt lat="-37.1600750" lon="-70.6187050">
    <ele>1190.8</ele>
   </trkpt>
   <trkpt lat="-37.1603800" lon="-70.6184100">
    <ele>1194.4</ele>
   </trkpt>
   <trkpt lat="-37.1604030" lon="-70.6183790">
    <ele>1194.6</ele>
   </trkpt>
   <trkpt lat="-37.1604710" lon="-70.6183050">
    <ele>1195.4</ele>
   </trkpt>
   <trkpt lat="-37.1606200" lon="-70.6181690">
    <ele>1196.6</ele>
   </trkpt>
   <trkpt lat="-37.1606730" lon="-70.6181160">
    <ele>1197.2</ele>
   </trkpt>
   <trkpt lat="-37.1607470" lon="-70.6180300">
    <ele>1197.6</ele>
   </trkpt>
   <trkpt lat="-37.1607700" lon="-70.6180050">
    <ele>1197.8</ele>
   </trkpt>
   <trkpt lat="-37.1607910" lon="-70.6179730">
    <ele>1197.8</ele>
   </trkpt>
   <trkpt lat="-37.1608530" lon="-70.6178780">
    <ele>1198.4</ele>
   </trkpt>
   <trkpt lat="-37.1608620" lon="-70.6178370">
    <ele>1198.6</ele>
   </trkpt>
   <trkpt lat="-37.1608630" lon="-70.6178010">
    <ele>1198.6</ele>
   </trkpt>
   <trkpt lat="-37.1608460" lon="-70.6177620">
    <ele>1198.4</ele>
   </trkpt>
   <trkpt lat="-37.1608100" lon="-70.6177130">
    <ele>1198.2</ele>
   </trkpt>
   <trkpt lat="-37.1605100" lon="-70.6173480">
    <ele>1194.0</ele>
   </trkpt>
   <trkpt lat="-37.1604660" lon="-70.6172670">
    <ele>1193.0</ele>
   </trkpt>
   <trkpt lat="-37.1603560" lon="-70.6168030">
    <ele>1186.4</ele>
   </trkpt>
   <trkpt lat="-37.1603340" lon="-70.6164310">
    <ele>1182.6</ele>
   </trkpt>
   <trkpt lat="-37.1603090" lon="-70.6163600">
    <ele>1182.0</ele>
   </trkpt>
   <trkpt lat="-37.1602740" lon="-70.6163080">
    <ele>1181.6</ele>
   </trkpt>
   <trkpt lat="-37.1601750" lon="-70.6161710">
    <ele>1180.8</ele>
   </trkpt>
   <trkpt lat="-37.1601420" lon="-70.6161420">
    <ele>1180.8</ele>
   </trkpt>
   <trkpt lat="-37.1601060" lon="-70.6161190">
    <ele>1180.6</ele>
   </trkpt>
   <trkpt lat="-37.1600680" lon="-70.6161130">
    <ele>1180.4</ele>
   </trkpt>
   <trkpt lat="-37.1600320" lon="-70.6161200">
    <ele>1180.4</ele>
   </trkpt>
   <trkpt lat="-37.1599960" lon="-70.6161540">
    <ele>1180.2</ele>
   </trkpt>
   <trkpt lat="-37.1596420" lon="-70.6162950">
    <ele>1181.0</ele>
   </trkpt>
   <trkpt lat="-37.1595120" lon="-70.6163170">
    <ele>1182.6</ele>
   </trkpt>
   <trkpt lat="-37.1593930" lon="-70.6163250">
    <ele>1183.4</ele>
   </trkpt>
   <trkpt lat="-37.1593640" lon="-70.6163280">
    <ele>1183.6</ele>
   </trkpt>
   <trkpt lat="-37.1593310" lon="-70.6163250">
    <ele>1184.0</ele>
   </trkpt>
   <trkpt lat="-37.1593030" lon="-70.6163350">
    <ele>1184.2</ele>
   </trkpt>
   <trkpt lat="-37.1592510" lon="-70.6163590">
    <ele>1184.4</ele>
   </trkpt>
   <trkpt lat="-37.1592240" lon="-70.6163750">
    <ele>1184.8</ele>
   </trkpt>
   <trkpt lat="-37.1589800" lon="-70.6165100">
    <ele>1187.6</ele>
   </trkpt>
   <trkpt lat="-37.1589520" lon="-70.6165190">
    <ele>1187.8</ele>
   </trkpt>
   <trkpt lat="-37.1588620" lon="-70.6165420">
    <ele>1188.4</ele>
   </trkpt>
   <trkpt lat="-37.1588030" lon="-70.6165610">
    <ele>1188.8</ele>
   </trkpt>
   <trkpt lat="-37.1587710" lon="-70.6165540">
    <ele>1189.2</ele>
   </trkpt>
   <trkpt lat="-37.1587390" lon="-70.6165520">
    <ele>1189.2</ele>
   </trkpt>
   <trkpt lat="-37.1587060" lon="-70.6165590">
    <ele>1189.4</ele>
   </trkpt>
   <trkpt lat="-37.1585710" lon="-70.6165840">
    <ele>1189.6</ele>
   </trkpt>
   <trkpt lat="-37.1581980" lon="-70.6166920">
    <ele>1190.2</ele>
   </trkpt>
   <trkpt lat="-37.1580770" lon="-70.6167320">
    <ele>1190.2</ele>
   </trkpt>
   <trkpt lat="-37.1577130" lon="-70.6168570">
    <ele>1191.4</ele>
   </trkpt>
   <trkpt lat="-37.1576730" lon="-70.6168800">
    <ele>1191.6</ele>
   </trkpt>
   <trkpt lat="-37.1575240" lon="-70.6169440">
    <ele>1192.2</ele>
   </trkpt>
   <trkpt lat="-37.1574850" lon="-70.6169630">
    <ele>1192.2</ele>
   </trkpt>
   <trkpt lat="-37.1572490" lon="-70.6170820">
    <ele>1193.6</ele>
   </trkpt>
   <trkpt lat="-37.1569700" lon="-70.6172350">
    <ele>1194.8</ele>
   </trkpt>
   <trkpt lat="-37.1568990" lon="-70.6172710">
    <ele>1194.8</ele>
   </trkpt>
   <trkpt lat="-37.1568240" lon="-70.6173170">
    <ele>1194.8</ele>
   </trkpt>
   <trkpt lat="-37.1566960" lon="-70.6173970">
    <ele>1195.4</ele>
   </trkpt>
   <trkpt lat="-37.1566640" lon="-70.6174110">
    <ele>1195.4</ele>
   </trkpt>
   <trkpt lat="-37.1565120" lon="-70.6174870">
    <ele>1195.8</ele>
   </trkpt>
   <trkpt lat="-37.1564790" lon="-70.6175130">
    <ele>1196.0</ele>
   </trkpt>
   <trkpt lat="-37.1561400" lon="-70.6177020">
    <ele>1197.0</ele>
   </trkpt>
   <trkpt lat="-37.1561100" lon="-70.6177200">
    <ele>1197.0</ele>
   </trkpt>
   <trkpt lat="-37.1559850" lon="-70.6177970">
    <ele>1197.6</ele>
   </trkpt>
   <trkpt lat="-37.1559520" lon="-70.6178130">
    <ele>1197.8</ele>
   </trkpt>
   <trkpt lat="-37.1559220" lon="-70.6178360">
    <ele>1197.8</ele>
   </trkpt>
   <trkpt lat="-37.1558920" lon="-70.6178500">
    <ele>1198.0</ele>
   </trkpt>
   <trkpt lat="-37.1557730" lon="-70.6179010">
    <ele>1199.8</ele>
   </trkpt>
   <trkpt lat="-37.1556430" lon="-70.6179170">
    <ele>1201.4</ele>
   </trkpt>
   <trkpt lat="-37.1556180" lon="-70.6179070">
    <ele>1201.8</ele>
   </trkpt>
   <trkpt lat="-37.1555970" lon="-70.6178920">
    <ele>1202.2</ele>
   </trkpt>
   <trkpt lat="-37.1555350" lon="-70.6178330">
    <ele>1203.2</ele>
   </trkpt>
   <trkpt lat="-37.1555210" lon="-70.6178040">
    <ele>1203.6</ele>
   </trkpt>
   <trkpt lat="-37.1555000" lon="-70.6177190">
    <ele>1204.4</ele>
   </trkpt>
   <trkpt lat="-37.1554990" lon="-70.6176650">
    <ele>1205.0</ele>
   </trkpt>
   <trkpt lat="-37.1555070" lon="-70.6176320">
    <ele>1205.4</ele>
   </trkpt>
   <trkpt lat="-37.1555160" lon="-70.6176050">
    <ele>1205.4</ele>
   </trkpt>
   <trkpt lat="-37.1555220" lon="-70.6175750">
    <ele>1205.6</ele>
   </trkpt>
   <trkpt lat="-37.1555310" lon="-70.6175480">
    <ele>1205.8</ele>
   </trkpt>
   <trkpt lat="-37.1555400" lon="-70.6175210">
    <ele>1206.2</ele>
   </trkpt>
   <trkpt lat="-37.1555580" lon="-70.6174850">
    <ele>1206.4</ele>
   </trkpt>
   <trkpt lat="-37.1556270" lon="-70.6173410">
    <ele>1207.0</ele>
   </trkpt>
   <trkpt lat="-37.1556740" lon="-70.6172310">
    <ele>1207.2</ele>
   </trkpt>
   <trkpt lat="-37.1556850" lon="-70.6171930">
    <ele>1207.2</ele>
   </trkpt>
   <trkpt lat="-37.1557040" lon="-70.6171560">
    <ele>1207.2</ele>
   </trkpt>
   <trkpt lat="-37.1557350" lon="-70.6170870">
    <ele>1207.6</ele>
   </trkpt>
   <trkpt lat="-37.1557840" lon="-70.6169040">
    <ele>1208.6</ele>
   </trkpt>
   <trkpt lat="-37.1558420" lon="-70.6164420">
    <ele>1208.4</ele>
   </trkpt>
   <trkpt lat="-37.1559060" lon="-70.6158940">
    <ele>1206.0</ele>
   </trkpt>
   <trkpt lat="-37.1559860" lon="-70.6154450">
    <ele>1201.8</ele>
   </trkpt>
   <trkpt lat="-37.1559880" lon="-70.6149770">
    <ele>1197.8</ele>
   </trkpt>
   <trkpt lat="-37.1559770" lon="-70.6144650">
    <ele>1191.0</ele>
   </trkpt>
   <trkpt lat="-37.1560270" lon="-70.6139470">
    <ele>1186.0</ele>
   </trkpt>
   <trkpt lat="-37.1560900" lon="-70.6134920">
    <ele>1182.4</ele>
   </trkpt>
   <trkpt lat="-37.1560710" lon="-70.6133830">
    <ele>1181.2</ele>
   </trkpt>
   <trkpt lat="-37.1559770" lon="-70.6129740">
    <ele>1177.4</ele>
   </trkpt>
   <trkpt lat="-37.1559760" lon="-70.6128750">
    <ele>1176.8</ele>
   </trkpt>
   <trkpt lat="-37.1560340" lon="-70.6123820">
    <ele>1172.0</ele>
   </trkpt>
   <trkpt lat="-37.1560240" lon="-70.6123120">
    <ele>1170.8</ele>
   </trkpt>
   <trkpt lat="-37.1559910" lon="-70.6122410">
    <ele>1169.6</ele>
   </trkpt>
   <trkpt lat="-37.1559400" lon="-70.6122000">
    <ele>1168.4</ele>
   </trkpt>
   <trkpt lat="-37.1558850" lon="-70.6122020">
    <ele>1167.4</ele>
   </trkpt>
   <trkpt lat="-37.1558290" lon="-70.6122300">
    <ele>1166.6</ele>
   </trkpt>
   <trkpt lat="-37.1555840" lon="-70.6123440">
    <ele>1164.2</ele>
   </trkpt>
   <trkpt lat="-37.1555260" lon="-70.6123990">
    <ele>1163.8</ele>
   </trkpt>
   <trkpt lat="-37.1551760" lon="-70.6127220">
    <ele>1161.4</ele>
   </trkpt>
   <trkpt lat="-37.1548580" lon="-70.6130400">
    <ele>1159.4</ele>
   </trkpt>
   <trkpt lat="-37.1545250" lon="-70.6133040">
    <ele>1158.6</ele>
   </trkpt>
   <trkpt lat="-37.1542540" lon="-70.6136550">
    <ele>1158.2</ele>
   </trkpt>
   <trkpt lat="-37.1540320" lon="-70.6140390">
    <ele>1157.0</ele>
   </trkpt>
   <trkpt lat="-37.1538010" lon="-70.6143840">
    <ele>1157.2</ele>
   </trkpt>
   <trkpt lat="-37.1535390" lon="-70.6147150">
    <ele>1157.2</ele>
   </trkpt>
   <trkpt lat="-37.1534750" lon="-70.6147670">
    <ele>1157.2</ele>
   </trkpt>
   <trkpt lat="-37.1531450" lon="-70.6150240">
    <ele>1156.8</ele>
   </trkpt>
   <trkpt lat="-37.1527900" lon="-70.6151930">
    <ele>1156.4</ele>
   </trkpt>
   <trkpt lat="-37.1524320" lon="-70.6153810">
    <ele>1154.8</ele>
   </trkpt>
   <trkpt lat="-37.1520590" lon="-70.6154870">
    <ele>1154.4</ele>
   </trkpt>
   <trkpt lat="-37.1516720" lon="-70.6155050">
    <ele>1154.6</ele>
   </trkpt>
   <trkpt lat="-37.1512850" lon="-70.6155690">
    <ele>1153.8</ele>
   </trkpt>
   <trkpt lat="-37.1508810" lon="-70.6157040">
    <ele>1153.8</ele>
   </trkpt>
   <trkpt lat="-37.1505330" lon="-70.6159270">
    <ele>1154.2</ele>
   </trkpt>
   <trkpt lat="-37.1501960" lon="-70.6162040">
    <ele>1154.4</ele>
   </trkpt>
   <trkpt lat="-37.1499660" lon="-70.6164330">
    <ele>1154.6</ele>
   </trkpt>
   <trkpt lat="-37.1499070" lon="-70.6164490">
    <ele>1154.6</ele>
   </trkpt>
   <trkpt lat="-37.1497880" lon="-70.6164650">
    <ele>1154.8</ele>
   </trkpt>
   <trkpt lat="-37.1497270" lon="-70.6164510">
    <ele>1154.8</ele>
   </trkpt>
   <trkpt lat="-37.1493620" lon="-70.6162280">
    <ele>1153.8</ele>
   </trkpt>
   <trkpt lat="-37.1490410" lon="-70.6158570">
    <ele>1151.6</ele>
   </trkpt>
   <trkpt lat="-37.1487720" lon="-70.6155100">
    <ele>1148.4</ele>
   </trkpt>
   <trkpt lat="-37.1484490" lon="-70.6151700">
    <ele>1144.0</ele>
   </trkpt>
   <trkpt lat="-37.1480910" lon="-70.6149160">
    <ele>1139.4</ele>
   </trkpt>
   <trkpt lat="-37.1476810" lon="-70.6147300">
    <ele>1135.8</ele>
   </trkpt>
   <trkpt lat="-37.1472670" lon="-70.6146080">
    <ele>1130.2</ele>
   </trkpt>
   <trkpt lat="-37.1469480" lon="-70.6144560">
    <ele>1127.0</ele>
   </trkpt>
   <trkpt lat="-37.1468820" lon="-70.6143770">
    <ele>1125.6</ele>
   </trkpt>
   <trkpt lat="-37.1466590" lon="-70.6140130">
    <ele>1122.8</ele>
   </trkpt>
   <trkpt lat="-37.1464340" lon="-70.6136310">
    <ele>1115.6</ele>
   </trkpt>
   <trkpt lat="-37.1464030" lon="-70.6135830">
    <ele>1114.4</ele>
   </trkpt>
   <trkpt lat="-37.1463520" lon="-70.6135300">
    <ele>1112.8</ele>
   </trkpt>
   <trkpt lat="-37.1463120" lon="-70.6135180">
    <ele>1112.4</ele>
   </trkpt>
   <trkpt lat="-37.1462790" lon="-70.6135270">
    <ele>1111.8</ele>
   </trkpt>
   <trkpt lat="-37.1462460" lon="-70.6135660">
    <ele>1111.4</ele>
   </trkpt>
   <trkpt lat="-37.1462200" lon="-70.6136190">
    <ele>1111.0</ele>
   </trkpt>
   <trkpt lat="-37.1462000" lon="-70.6136870">
    <ele>1110.8</ele>
   </trkpt>
   <trkpt lat="-37.1461540" lon="-70.6138290">
    <ele>1110.6</ele>
   </trkpt>
   <trkpt lat="-37.1461200" lon="-70.6138900">
    <ele>1110.4</ele>
   </trkpt>
   <trkpt lat="-37.1460840" lon="-70.6139390">
    <ele>1110.2</ele>
   </trkpt>
   <trkpt lat="-37.1460450" lon="-70.6139730">
    <ele>1110.2</ele>
   </trkpt>
   <trkpt lat="-37.1459130" lon="-70.6140760">
    <ele>1110.6</ele>
   </trkpt>
   <trkpt lat="-37.1458720" lon="-70.6141240">
    <ele>1110.6</ele>
   </trkpt>
   <trkpt lat="-37.1456590" lon="-70.6144840">
    <ele>1112.2</ele>
   </trkpt>
   <trkpt lat="-37.1456010" lon="-70.6145810">
    <ele>1112.4</ele>
   </trkpt>
   <trkpt lat="-37.1455590" lon="-70.6146110">
    <ele>1112.4</ele>
   </trkpt>
   <trkpt lat="-37.1452140" lon="-70.6148040">
    <ele>1111.6</ele>
   </trkpt>
   <trkpt lat="-37.1448520" lon="-70.6148680">
    <ele>1109.6</ele>
   </trkpt>
   <trkpt lat="-37.1444770" lon="-70.6150170">
    <ele>1108.2</ele>
   </trkpt>
   <trkpt lat="-37.1440670" lon="-70.6150700">
    <ele>1107.0</ele>
   </trkpt>
   <trkpt lat="-37.1438230" lon="-70.6150470">
    <ele>1106.4</ele>
   </trkpt>
   <trkpt lat="-37.1437500" lon="-70.6150110">
    <ele>1106.4</ele>
   </trkpt>
   <trkpt lat="-37.1436820" lon="-70.6149650">
    <ele>1106.2</ele>
   </trkpt>
   <trkpt lat="-37.1436250" lon="-70.6149000">
    <ele>1105.8</ele>
   </trkpt>
   <trkpt lat="-37.1435830" lon="-70.6148280">
    <ele>1105.8</ele>
   </trkpt>
   <trkpt lat="-37.1434400" lon="-70.6144650">
    <ele>1106.2</ele>
   </trkpt>
   <trkpt lat="-37.1433930" lon="-70.6144000">
    <ele>1106.2</ele>
   </trkpt>
   <trkpt lat="-37.1433350" lon="-70.6143540">
    <ele>1105.6</ele>
   </trkpt>
   <trkpt lat="-37.1432780" lon="-70.6143520">
    <ele>1105.2</ele>
   </trkpt>
   <trkpt lat="-37.1432240" lon="-70.6143850">
    <ele>1104.6</ele>
   </trkpt>
   <trkpt lat="-37.1431860" lon="-70.6144330">
    <ele>1104.2</ele>
   </trkpt>
   <trkpt lat="-37.1430160" lon="-70.6146290">
    <ele>1105.4</ele>
   </trkpt>
   <trkpt lat="-37.1429800" lon="-70.6146470">
    <ele>1105.6</ele>
   </trkpt>
   <trkpt lat="-37.1428730" lon="-70.6146800">
    <ele>1106.2</ele>
   </trkpt>
   <trkpt lat="-37.1428420" lon="-70.6146800">
    <ele>1106.6</ele>
   </trkpt>
   <trkpt lat="-37.1427810" lon="-70.6146670">
    <ele>1107.0</ele>
   </trkpt>
   <trkpt lat="-37.1424280" lon="-70.6145820">
    <ele>1108.8</ele>
   </trkpt>
   <trkpt lat="-37.1423170" lon="-70.6145740">
    <ele>1109.6</ele>
   </trkpt>
   <trkpt lat="-37.1422800" lon="-70.6145800">
    <ele>1109.8</ele>
   </trkpt>
   <trkpt lat="-37.1419970" lon="-70.6146290">
    <ele>1112.6</ele>
   </trkpt>
   <trkpt lat="-37.1419670" lon="-70.6146390">
    <ele>1113.0</ele>
   </trkpt>
   <trkpt lat="-37.1419360" lon="-70.6146430">
    <ele>1113.4</ele>
   </trkpt>
   <trkpt lat="-37.1417610" lon="-70.6146260">
    <ele>1113.8</ele>
   </trkpt>
   <trkpt lat="-37.1417240" lon="-70.6146080">
    <ele>1113.8</ele>
   </trkpt>
   <trkpt lat="-37.1413850" lon="-70.6144440">
    <ele>1113.0</ele>
   </trkpt>
   <trkpt lat="-37.1410410" lon="-70.6143050">
    <ele>1111.4</ele>
   </trkpt>
   <trkpt lat="-37.1406530" lon="-70.6143070">
    <ele>1109.8</ele>
   </trkpt>
   <trkpt lat="-37.1403750" lon="-70.6144120">
    <ele>1109.4</ele>
   </trkpt>
   <trkpt lat="-37.1403050" lon="-70.6144260">
    <ele>1109.2</ele>
   </trkpt>
   <trkpt lat="-37.1402390" lon="-70.6144260">
    <ele>1109.0</ele>
   </trkpt>
   <trkpt lat="-37.1399420" lon="-70.6144030">
    <ele>1108.4</ele>
   </trkpt>
   <trkpt lat="-37.1398650" lon="-70.6144300">
    <ele>1108.0</ele>
   </trkpt>
   <trkpt lat="-37.1397420" lon="-70.6145170">
    <ele>1107.2</ele>
   </trkpt>
   <trkpt lat="-37.1394300" lon="-70.6148250">
    <ele>1108.4</ele>
   </trkpt>
   <trkpt lat="-37.1393210" lon="-70.6148990">
    <ele>1108.4</ele>
   </trkpt>
   <trkpt lat="-37.1392100" lon="-70.6149390">
    <ele>1108.4</ele>
   </trkpt>
   <trkpt lat="-37.1389560" lon="-70.6150030">
    <ele>1107.8</ele>
   </trkpt>
   <trkpt lat="-37.1389000" lon="-70.6150570">
    <ele>1107.4</ele>
   </trkpt>
   <trkpt lat="-37.1388560" lon="-70.6151230">
    <ele>1107.2</ele>
   </trkpt>
   <trkpt lat="-37.1388150" lon="-70.6151860">
    <ele>1107.4</ele>
   </trkpt>
   <trkpt lat="-37.1387990" lon="-70.6152560">
    <ele>1107.6</ele>
   </trkpt>
   <trkpt lat="-37.1387760" lon="-70.6153160">
    <ele>1107.6</ele>
   </trkpt>
   <trkpt lat="-37.1387250" lon="-70.6154130">
    <ele>1108.2</ele>
   </trkpt>
   <trkpt lat="-37.1386470" lon="-70.6155010">
    <ele>1108.6</ele>
   </trkpt>
   <trkpt lat="-37.1382790" lon="-70.6157000">
    <ele>1109.2</ele>
   </trkpt>
   <trkpt lat="-37.1379420" lon="-70.6159100">
    <ele>1109.2</ele>
   </trkpt>
   <trkpt lat="-37.1377640" lon="-70.6160460">
    <ele>1108.8</ele>
   </trkpt>
   <trkpt lat="-37.1377330" lon="-70.6160990">
    <ele>1108.8</ele>
   </trkpt>
   <trkpt lat="-37.1376680" lon="-70.6162090">
    <ele>1108.8</ele>
   </trkpt>
   <trkpt lat="-37.1376260" lon="-70.6162510">
    <ele>1109.0</ele>
   </trkpt>
   <trkpt lat="-37.1375340" lon="-70.6163270">
    <ele>1109.0</ele>
   </trkpt>
   <trkpt lat="-37.1373470" lon="-70.6164700">
    <ele>1109.4</ele>
   </trkpt>
   <trkpt lat="-37.1373060" lon="-70.6165130">
    <ele>1109.4</ele>
   </trkpt>
   <trkpt lat="-37.1369490" lon="-70.6167670">
    <ele>1109.2</ele>
   </trkpt>
   <trkpt lat="-37.1365660" lon="-70.6169470">
    <ele>1108.6</ele>
   </trkpt>
   <trkpt lat="-37.1362080" lon="-70.6170710">
    <ele>1108.6</ele>
   </trkpt>
   <trkpt lat="-37.1358250" lon="-70.6171920">
    <ele>1108.2</ele>
   </trkpt>
   <trkpt lat="-37.1354990" lon="-70.6172240">
    <ele>1107.6</ele>
   </trkpt>
   <trkpt lat="-37.1353550" lon="-70.6171990">
    <ele>1107.6</ele>
   </trkpt>
   <trkpt lat="-37.1349940" lon="-70.6170300">
    <ele>1107.0</ele>
   </trkpt>
   <trkpt lat="-37.1346040" lon="-70.6168640">
    <ele>1105.4</ele>
   </trkpt>
   <trkpt lat="-37.1342140" lon="-70.6167430">
    <ele>1104.2</ele>
   </trkpt>
   <trkpt lat="-37.1338170" lon="-70.6165680">
    <ele>1103.6</ele>
   </trkpt>
   <trkpt lat="-37.1334310" lon="-70.6164300">
    <ele>1102.6</ele>
   </trkpt>
   <trkpt lat="-37.1332420" lon="-70.6163460">
    <ele>1103.0</ele>
   </trkpt>
   <trkpt lat="-37.1331050" lon="-70.6163380">
    <ele>1103.2</ele>
   </trkpt>
   <trkpt lat="-37.1330410" lon="-70.6163380">
    <ele>1103.2</ele>
   </trkpt>
   <trkpt lat="-37.1329650" lon="-70.6163530">
    <ele>1103.0</ele>
   </trkpt>
   <trkpt lat="-37.1325470" lon="-70.6164470">
    <ele>1101.8</ele>
   </trkpt>
   <trkpt lat="-37.1321600" lon="-70.6166330">
    <ele>1099.4</ele>
   </trkpt>
   <trkpt lat="-37.1318100" lon="-70.6168140">
    <ele>1098.0</ele>
   </trkpt>
   <trkpt lat="-37.1316530" lon="-70.6169210">
    <ele>1097.0</ele>
   </trkpt>
   <trkpt lat="-37.1315560" lon="-70.6169560">
    <ele>1096.6</ele>
   </trkpt>
   <trkpt lat="-37.1312790" lon="-70.6170690">
    <ele>1095.8</ele>
   </trkpt>
   <trkpt lat="-37.1311950" lon="-70.6171310">
    <ele>1095.4</ele>
   </trkpt>
   <trkpt lat="-37.1308910" lon="-70.6173860">
    <ele>1093.8</ele>
   </trkpt>
   <trkpt lat="-37.1305200" lon="-70.6175900">
    <ele>1089.0</ele>
   </trkpt>
   <trkpt lat="-37.1301480" lon="-70.6177220">
    <ele>1084.2</ele>
   </trkpt>
   <trkpt lat="-37.1301020" lon="-70.6177270">
    <ele>1083.4</ele>
   </trkpt>
   <trkpt lat="-37.1300660" lon="-70.6177080">
    <ele>1083.0</ele>
   </trkpt>
   <trkpt lat="-37.1300360" lon="-70.6176880">
    <ele>1082.8</ele>
   </trkpt>
   <trkpt lat="-37.1299910" lon="-70.6176790">
    <ele>1082.8</ele>
   </trkpt>
   <trkpt lat="-37.1299450" lon="-70.6176530">
    <ele>1082.4</ele>
   </trkpt>
   <trkpt lat="-37.1298710" lon="-70.6175960">
    <ele>1082.0</ele>
   </trkpt>
   <trkpt lat="-37.1295940" lon="-70.6174050">
    <ele>1083.4</ele>
   </trkpt>
   <trkpt lat="-37.1295580" lon="-70.6173950">
    <ele>1083.6</ele>
   </trkpt>
   <trkpt lat="-37.1295200" lon="-70.6173930">
    <ele>1084.2</ele>
   </trkpt>
   <trkpt lat="-37.1293280" lon="-70.6173780">
    <ele>1085.8</ele>
   </trkpt>
   <trkpt lat="-37.1293020" lon="-70.6173940">
    <ele>1086.0</ele>
   </trkpt>
   <trkpt lat="-37.1292270" lon="-70.6174250">
    <ele>1086.8</ele>
   </trkpt>
   <trkpt lat="-37.1291890" lon="-70.6174340">
    <ele>1087.2</ele>
   </trkpt>
   <trkpt lat="-37.1291530" lon="-70.6174470">
    <ele>1087.2</ele>
   </trkpt>
   <trkpt lat="-37.1290090" lon="-70.6174740">
    <ele>1087.4</ele>
   </trkpt>
   <trkpt lat="-37.1289670" lon="-70.6174710">
    <ele>1087.2</ele>
   </trkpt>
   <trkpt lat="-37.1285450" lon="-70.6174520">
    <ele>1084.4</ele>
   </trkpt>
   <trkpt lat="-37.1284590" lon="-70.6174790">
    <ele>1083.4</ele>
   </trkpt>
   <trkpt lat="-37.1280920" lon="-70.6175670">
    <ele>1081.2</ele>
   </trkpt>
   <trkpt lat="-37.1278010" lon="-70.6175950">
    <ele>1080.8</ele>
   </trkpt>
   <trkpt lat="-37.1276430" lon="-70.6175700">
    <ele>1082.6</ele>
   </trkpt>
   <trkpt lat="-37.1275980" lon="-70.6175610">
    <ele>1083.6</ele>
   </trkpt>
   <trkpt lat="-37.1275550" lon="-70.6175470">
    <ele>1084.6</ele>
   </trkpt>
   <trkpt lat="-37.1275300" lon="-70.6175480">
    <ele>1085.2</ele>
   </trkpt>
   <trkpt lat="-37.1275100" lon="-70.6175480">
    <ele>1085.8</ele>
   </trkpt>
   <trkpt lat="-37.1274930" lon="-70.6175410">
    <ele>1086.2</ele>
   </trkpt>
   <trkpt lat="-37.1274730" lon="-70.6175400">
    <ele>1086.4</ele>
   </trkpt>
   <trkpt lat="-37.1274480" lon="-70.6175380">
    <ele>1086.6</ele>
   </trkpt>
   <trkpt lat="-37.1274360" lon="-70.6175350">
    <ele>1086.8</ele>
   </trkpt>
   <trkpt lat="-37.1274170" lon="-70.6175390">
    <ele>1087.2</ele>
   </trkpt>
   <trkpt lat="-37.1274030" lon="-70.6175410">
    <ele>1087.6</ele>
   </trkpt>
   <trkpt lat="-37.1273870" lon="-70.6175510">
    <ele>1088.0</ele>
   </trkpt>
   <trkpt lat="-37.1273670" lon="-70.6175580">
    <ele>1088.0</ele>
   </trkpt>
   <trkpt lat="-37.1273150" lon="-70.6175730">
    <ele>1088.8</ele>
   </trkpt>
   <trkpt lat="-37.1272930" lon="-70.6175740">
    <ele>1089.2</ele>
   </trkpt>
   <trkpt lat="-37.1272510" lon="-70.6175800">
    <ele>1089.8</ele>
   </trkpt>
   <trkpt lat="-37.1272310" lon="-70.6175850">
    <ele>1090.2</ele>
   </trkpt>
   <trkpt lat="-37.1271390" lon="-70.6175920">
    <ele>1091.8</ele>
   </trkpt>
   <trkpt lat="-37.1270960" lon="-70.6175950">
    <ele>1092.8</ele>
   </trkpt>
   <trkpt lat="-37.1270770" lon="-70.6175910">
    <ele>1093.0</ele>
   </trkpt>
   <trkpt lat="-37.1270610" lon="-70.6175880">
    <ele>1093.2</ele>
   </trkpt>
   <trkpt lat="-37.1270450" lon="-70.6175850">
    <ele>1093.6</ele>
   </trkpt>
   <trkpt lat="-37.1270290" lon="-70.6175800">
    <ele>1093.8</ele>
   </trkpt>
   <trkpt lat="-37.1270120" lon="-70.6175800">
    <ele>1094.2</ele>
   </trkpt>
   <trkpt lat="-37.1269980" lon="-70.6175760">
    <ele>1094.4</ele>
   </trkpt>
   <trkpt lat="-37.1269820" lon="-70.6175700">
    <ele>1094.6</ele>
   </trkpt>
   <trkpt lat="-37.1269410" lon="-70.6175460">
    <ele>1095.2</ele>
   </trkpt>
   <trkpt lat="-37.1269260" lon="-70.6175380">
    <ele>1095.6</ele>
   </trkpt>
   <trkpt lat="-37.1269140" lon="-70.6175240">
    <ele>1096.0</ele>
   </trkpt>
   <trkpt lat="-37.1269000" lon="-70.6175140">
    <ele>1096.2</ele>
   </trkpt>
   <trkpt lat="-37.1268680" lon="-70.6174860">
    <ele>1096.8</ele>
   </trkpt>
   <trkpt lat="-37.1268560" lon="-70.6174800">
    <ele>1097.2</ele>
   </trkpt>
   <trkpt lat="-37.1268480" lon="-70.6174650">
    <ele>1097.4</ele>
   </trkpt>
   <trkpt lat="-37.1268390" lon="-70.6174540">
    <ele>1097.6</ele>
   </trkpt>
   <trkpt lat="-37.1268340" lon="-70.6174420">
    <ele>1097.8</ele>
   </trkpt>
   <trkpt lat="-37.1268260" lon="-70.6174400">
    <ele>1098.2</ele>
   </trkpt>
   <trkpt lat="-37.1268080" lon="-70.6174330">
    <ele>1098.4</ele>
   </trkpt>
   <trkpt lat="-37.1267720" lon="-70.6174250">
    <ele>1099.0</ele>
   </trkpt>
   <trkpt lat="-37.1267610" lon="-70.6174180">
    <ele>1099.2</ele>
   </trkpt>
   <trkpt lat="-37.1267460" lon="-70.6174100">
    <ele>1099.4</ele>
   </trkpt>
   <trkpt lat="-37.1267300" lon="-70.6174060">
    <ele>1099.6</ele>
   </trkpt>
   <trkpt lat="-37.1267140" lon="-70.6173990">
    <ele>1099.8</ele>
   </trkpt>
   <trkpt lat="-37.1266950" lon="-70.6173940">
    <ele>1100.0</ele>
   </trkpt>
   <trkpt lat="-37.1266760" lon="-70.6173860">
    <ele>1100.2</ele>
   </trkpt>
   <trkpt lat="-37.1266580" lon="-70.6173860">
    <ele>1100.2</ele>
   </trkpt>
   <trkpt lat="-37.1266410" lon="-70.6173890">
    <ele>1100.4</ele>
   </trkpt>
   <trkpt lat="-37.1266230" lon="-70.6173880">
    <ele>1100.6</ele>
   </trkpt>
   <trkpt lat="-37.1266050" lon="-70.6173930">
    <ele>1100.8</ele>
   </trkpt>
   <trkpt lat="-37.1265880" lon="-70.6174000">
    <ele>1101.0</ele>
   </trkpt>
   <trkpt lat="-37.1265470" lon="-70.6174190">
    <ele>1101.2</ele>
   </trkpt>
   <trkpt lat="-37.1265280" lon="-70.6174370">
    <ele>1101.2</ele>
   </trkpt>
   <trkpt lat="-37.1265070" lon="-70.6174610">
    <ele>1101.4</ele>
   </trkpt>
   <trkpt lat="-37.1264920" lon="-70.6174900">
    <ele>1101.4</ele>
   </trkpt>
   <trkpt lat="-37.1264780" lon="-70.6175160">
    <ele>1101.4</ele>
   </trkpt>
   <trkpt lat="-37.1264700" lon="-70.6175400">
    <ele>1101.4</ele>
   </trkpt>
   <trkpt lat="-37.1264530" lon="-70.6176850">
    <ele>1101.6</ele>
   </trkpt>
   <trkpt lat="-37.1264420" lon="-70.6177210">
    <ele>1101.6</ele>
   </trkpt>
   <trkpt lat="-37.1264290" lon="-70.6177550">
    <ele>1101.6</ele>
   </trkpt>
   <trkpt lat="-37.1263860" lon="-70.6178600">
    <ele>1101.6</ele>
   </trkpt>
   <trkpt lat="-37.1263420" lon="-70.6179170">
    <ele>1101.8</ele>
   </trkpt>
   <trkpt lat="-37.1263250" lon="-70.6179390">
    <ele>1101.8</ele>
   </trkpt>
   <trkpt lat="-37.1263130" lon="-70.6179660">
    <ele>1102.0</ele>
   </trkpt>
   <trkpt lat="-37.1262910" lon="-70.6179830">
    <ele>1102.2</ele>
   </trkpt>
   <trkpt lat="-37.1262700" lon="-70.6179940">
    <ele>1102.2</ele>
   </trkpt>
   <trkpt lat="-37.1261740" lon="-70.6180550">
    <ele>1102.8</ele>
   </trkpt>
   <trkpt lat="-37.1261520" lon="-70.6180780">
    <ele>1103.0</ele>
   </trkpt>
   <trkpt lat="-37.1261340" lon="-70.6180950">
    <ele>1103.2</ele>
   </trkpt>
   <trkpt lat="-37.1261120" lon="-70.6181030">
    <ele>1103.4</ele>
   </trkpt>
   <trkpt lat="-37.1260570" lon="-70.6181390">
    <ele>1104.0</ele>
   </trkpt>
   <trkpt lat="-37.1260350" lon="-70.6181530">
    <ele>1104.2</ele>
   </trkpt>
   <trkpt lat="-37.1259990" lon="-70.6181710">
    <ele>1104.8</ele>
   </trkpt>
   <trkpt lat="-37.1259730" lon="-70.6181820">
    <ele>1105.4</ele>
   </trkpt>
   <trkpt lat="-37.1259490" lon="-70.6181960">
    <ele>1105.6</ele>
   </trkpt>
   <trkpt lat="-37.1259210" lon="-70.6182130">
    <ele>1106.0</ele>
   </trkpt>
   <trkpt lat="-37.1259050" lon="-70.6182150">
    <ele>1106.0</ele>
   </trkpt>
   <trkpt lat="-37.1258860" lon="-70.6182230">
    <ele>1106.2</ele>
   </trkpt>
   <trkpt lat="-37.1258670" lon="-70.6182370">
    <ele>1106.4</ele>
   </trkpt>
   <trkpt lat="-37.1258460" lon="-70.6182500">
    <ele>1106.6</ele>
   </trkpt>
   <trkpt lat="-37.1258240" lon="-70.6182570">
    <ele>1106.8</ele>
   </trkpt>
   <trkpt lat="-37.1258090" lon="-70.6182680">
    <ele>1107.0</ele>
   </trkpt>
   <trkpt lat="-37.1257310" lon="-70.6183150">
    <ele>1107.8</ele>
   </trkpt>
   <trkpt lat="-37.1257130" lon="-70.6183290">
    <ele>1108.0</ele>
   </trkpt>
   <trkpt lat="-37.1256960" lon="-70.6183380">
    <ele>1108.2</ele>
   </trkpt>
   <trkpt lat="-37.1256310" lon="-70.6183710">
    <ele>1108.8</ele>
   </trkpt>
   <trkpt lat="-37.1255980" lon="-70.6183920">
    <ele>1109.0</ele>
   </trkpt>
   <trkpt lat="-37.1254620" lon="-70.6185100">
    <ele>1110.0</ele>
   </trkpt>
   <trkpt lat="-37.1254430" lon="-70.6185300">
    <ele>1110.0</ele>
   </trkpt>
   <trkpt lat="-37.1254060" lon="-70.6185720">
    <ele>1110.2</ele>
   </trkpt>
   <trkpt lat="-37.1253430" lon="-70.6186390">
    <ele>1110.8</ele>
   </trkpt>
   <trkpt lat="-37.1252110" lon="-70.6188070">
    <ele>1111.6</ele>
   </trkpt>
   <trkpt lat="-37.1251820" lon="-70.6188550">
    <ele>1111.8</ele>
   </trkpt>
   <trkpt lat="-37.1251620" lon="-70.6188840">
    <ele>1112.0</ele>
   </trkpt>
   <trkpt lat="-37.1251140" lon="-70.6189290">
    <ele>1112.0</ele>
   </trkpt>
   <trkpt lat="-37.1249990" lon="-70.6189700">
    <ele>1112.0</ele>
   </trkpt>
   <trkpt lat="-37.1249700" lon="-70.6189940">
    <ele>1112.0</ele>
   </trkpt>
   <trkpt lat="-37.1249330" lon="-70.6190080">
    <ele>1111.8</ele>
   </trkpt>
   <trkpt lat="-37.1248940" lon="-70.6190270">
    <ele>1111.8</ele>
   </trkpt>
   <trkpt lat="-37.1248570" lon="-70.6190610">
    <ele>1111.6</ele>
   </trkpt>
   <trkpt lat="-37.1247840" lon="-70.6191470">
    <ele>1111.2</ele>
   </trkpt>
   <trkpt lat="-37.1247580" lon="-70.6191920">
    <ele>1111.0</ele>
   </trkpt>
   <trkpt lat="-37.1247460" lon="-70.6192390">
    <ele>1110.8</ele>
   </trkpt>
   <trkpt lat="-37.1247260" lon="-70.6192860">
    <ele>1110.8</ele>
   </trkpt>
   <trkpt lat="-37.1246040" lon="-70.6194690">
    <ele>1110.8</ele>
   </trkpt>
   <trkpt lat="-37.1244490" lon="-70.6196130">
    <ele>1110.6</ele>
   </trkpt>
   <trkpt lat="-37.1241960" lon="-70.6199750">
    <ele>1110.2</ele>
   </trkpt>
   <trkpt lat="-37.1241650" lon="-70.6200320">
    <ele>1110.0</ele>
   </trkpt>
   <trkpt lat="-37.1241250" lon="-70.6201550">
    <ele>1110.0</ele>
   </trkpt>
   <trkpt lat="-37.1240580" lon="-70.6204920">
    <ele>1109.2</ele>
   </trkpt>
   <trkpt lat="-37.1240460" lon="-70.6207210">
    <ele>1108.4</ele>
   </trkpt>
   <trkpt lat="-37.1238930" lon="-70.6212180">
    <ele>1106.0</ele>
   </trkpt>
   <trkpt lat="-37.1238520" lon="-70.6212900">
    <ele>1105.8</ele>
   </trkpt>
   <trkpt lat="-37.1237950" lon="-70.6213570">
    <ele>1105.6</ele>
   </trkpt>
   <trkpt lat="-37.1237340" lon="-70.6214030">
    <ele>1105.0</ele>
   </trkpt>
   <trkpt lat="-37.1236770" lon="-70.6214640">
    <ele>1104.2</ele>
   </trkpt>
   <trkpt lat="-37.1236330" lon="-70.6215360">
    <ele>1103.2</ele>
   </trkpt>
   <trkpt lat="-37.1236030" lon="-70.6216110">
    <ele>1102.6</ele>
   </trkpt>
   <trkpt lat="-37.1235360" lon="-70.6218970">
    <ele>1100.2</ele>
   </trkpt>
   <trkpt lat="-37.1235360" lon="-70.6219660">
    <ele>1099.2</ele>
   </trkpt>
   <trkpt lat="-37.1235230" lon="-70.6221240">
    <ele>1097.8</ele>
   </trkpt>
   <trkpt lat="-37.1234650" lon="-70.6225980">
    <ele>1096.2</ele>
   </trkpt>
   <trkpt lat="-37.1234210" lon="-70.6231290">
    <ele>1092.0</ele>
   </trkpt>
   <trkpt lat="-37.1233670" lon="-70.6232400">
    <ele>1091.8</ele>
   </trkpt>
   <trkpt lat="-37.1233070" lon="-70.6233410">
    <ele>1091.2</ele>
   </trkpt>
   <trkpt lat="-37.1232300" lon="-70.6234310">
    <ele>1090.6</ele>
   </trkpt>
   <trkpt lat="-37.1231500" lon="-70.6234970">
    <ele>1090.0</ele>
   </trkpt>
   <trkpt lat="-37.1230610" lon="-70.6235350">
    <ele>1089.6</ele>
   </trkpt>
   <trkpt lat="-37.1226700" lon="-70.6236480">
    <ele>1086.8</ele>
   </trkpt>
   <trkpt lat="-37.1224990" lon="-70.6237060">
    <ele>1086.6</ele>
   </trkpt>
   <trkpt lat="-37.1224420" lon="-70.6237480">
    <ele>1086.8</ele>
   </trkpt>
   <trkpt lat="-37.1224120" lon="-70.6238010">
    <ele>1086.6</ele>
   </trkpt>
   <trkpt lat="-37.1223970" lon="-70.6238630">
    <ele>1086.6</ele>
   </trkpt>
   <trkpt lat="-37.1223970" lon="-70.6239290">
    <ele>1086.4</ele>
   </trkpt>
   <trkpt lat="-37.1223960" lon="-70.6243790">
    <ele>1086.0</ele>
   </trkpt>
   <trkpt lat="-37.1223650" lon="-70.6248760">
    <ele>1085.2</ele>
   </trkpt>
   <trkpt lat="-37.1223710" lon="-70.6249350">
    <ele>1085.4</ele>
   </trkpt>
   <trkpt lat="-37.1223810" lon="-70.6250530">
    <ele>1085.4</ele>
   </trkpt>
   <trkpt lat="-37.1223710" lon="-70.6251010">
    <ele>1085.4</ele>
   </trkpt>
   <trkpt lat="-37.1223420" lon="-70.6253050">
    <ele>1085.6</ele>
   </trkpt>
   <trkpt lat="-37.1223350" lon="-70.6253750">
    <ele>1085.8</ele>
   </trkpt>
   <trkpt lat="-37.1223210" lon="-70.6254340">
    <ele>1086.2</ele>
   </trkpt>
   <trkpt lat="-37.1222990" lon="-70.6254860">
    <ele>1086.2</ele>
   </trkpt>
   <trkpt lat="-37.1220550" lon="-70.6258550">
    <ele>1087.6</ele>
   </trkpt>
   <trkpt lat="-37.1219560" lon="-70.6259830">
    <ele>1088.2</ele>
   </trkpt>
   <trkpt lat="-37.1217090" lon="-70.6263110">
    <ele>1090.2</ele>
   </trkpt>
   <trkpt lat="-37.1214420" lon="-70.6266470">
    <ele>1092.8</ele>
   </trkpt>
   <trkpt lat="-37.1214280" lon="-70.6266730">
    <ele>1093.0</ele>
   </trkpt>
   <trkpt lat="-37.1214050" lon="-70.6266960">
    <ele>1093.4</ele>
   </trkpt>
   <trkpt lat="-37.1213570" lon="-70.6267440">
    <ele>1093.6</ele>
   </trkpt>
   <trkpt lat="-37.1213390" lon="-70.6267710">
    <ele>1093.8</ele>
   </trkpt>
   <trkpt lat="-37.1213250" lon="-70.6267940">
    <ele>1094.0</ele>
   </trkpt>
   <trkpt lat="-37.1213070" lon="-70.6268130">
    <ele>1094.4</ele>
   </trkpt>
   <trkpt lat="-37.1211740" lon="-70.6269460">
    <ele>1095.8</ele>
   </trkpt>
   <trkpt lat="-37.1211050" lon="-70.6269980">
    <ele>1096.6</ele>
   </trkpt>
   <trkpt lat="-37.1210640" lon="-70.6270260">
    <ele>1096.8</ele>
   </trkpt>
   <trkpt lat="-37.1208650" lon="-70.6271250">
    <ele>1097.8</ele>
   </trkpt>
   <trkpt lat="-37.1208100" lon="-70.6271280">
    <ele>1098.0</ele>
   </trkpt>
   <trkpt lat="-37.1205420" lon="-70.6271200">
    <ele>1099.6</ele>
   </trkpt>
   <trkpt lat="-37.1205160" lon="-70.6271270">
    <ele>1099.8</ele>
   </trkpt>
   <trkpt lat="-37.1204460" lon="-70.6271440">
    <ele>1100.4</ele>
   </trkpt>
   <trkpt lat="-37.1204060" lon="-70.6271600">
    <ele>1101.0</ele>
   </trkpt>
   <trkpt lat="-37.1203870" lon="-70.6271740">
    <ele>1101.0</ele>
   </trkpt>
   <trkpt lat="-37.1203690" lon="-70.6271880">
    <ele>1101.2</ele>
   </trkpt>
   <trkpt lat="-37.1203490" lon="-70.6272140">
    <ele>1101.4</ele>
   </trkpt>
   <trkpt lat="-37.1202690" lon="-70.6273540">
    <ele>1102.4</ele>
   </trkpt>
   <trkpt lat="-37.1202620" lon="-70.6273820">
    <ele>1102.6</ele>
   </trkpt>
   <trkpt lat="-37.1202160" lon="-70.6275010">
    <ele>1103.0</ele>
   </trkpt>
   <trkpt lat="-37.1202070" lon="-70.6275280">
    <ele>1103.2</ele>
   </trkpt>
   <trkpt lat="-37.1201890" lon="-70.6275550">
    <ele>1103.2</ele>
   </trkpt>
   <trkpt lat="-37.1201280" lon="-70.6276180">
    <ele>1103.6</ele>
   </trkpt>
   <trkpt lat="-37.1201020" lon="-70.6276340">
    <ele>1103.8</ele>
   </trkpt>
   <trkpt lat="-37.1200740" lon="-70.6276420">
    <ele>1103.8</ele>
   </trkpt>
   <trkpt lat="-37.1199900" lon="-70.6276520">
    <ele>1104.2</ele>
   </trkpt>
   <trkpt lat="-37.1199640" lon="-70.6276450">
    <ele>1104.4</ele>
   </trkpt>
   <trkpt lat="-37.1198850" lon="-70.6276180">
    <ele>1104.8</ele>
   </trkpt>
   <trkpt lat="-37.1196850" lon="-70.6274790">
    <ele>1104.8</ele>
   </trkpt>
   <trkpt lat="-37.1196670" lon="-70.6274560">
    <ele>1105.0</ele>
   </trkpt>
   <trkpt lat="-37.1196530" lon="-70.6274290">
    <ele>1105.0</ele>
   </trkpt>
   <trkpt lat="-37.1196370" lon="-70.6274030">
    <ele>1105.2</ele>
   </trkpt>
   <trkpt lat="-37.1196290" lon="-70.6273760">
    <ele>1105.4</ele>
   </trkpt>
   <trkpt lat="-37.1196220" lon="-70.6273500">
    <ele>1105.6</ele>
   </trkpt>
   <trkpt lat="-37.1196210" lon="-70.6273210">
    <ele>1106.0</ele>
   </trkpt>
   <trkpt lat="-37.1196240" lon="-70.6272940">
    <ele>1106.2</ele>
   </trkpt>
   <trkpt lat="-37.1196290" lon="-70.6272720">
    <ele>1106.4</ele>
   </trkpt>
   <trkpt lat="-37.1196390" lon="-70.6272540">
    <ele>1106.8</ele>
   </trkpt>
   <trkpt lat="-37.1196780" lon="-70.6272170">
    <ele>1107.6</ele>
   </trkpt>
   <trkpt lat="-37.1196970" lon="-70.6272080">
    <ele>1107.8</ele>
   </trkpt>
   <trkpt lat="-37.1197120" lon="-70.6272020">
    <ele>1108.0</ele>
   </trkpt>
   <trkpt lat="-37.1197220" lon="-70.6271910">
    <ele>1108.4</ele>
   </trkpt>
   <trkpt lat="-37.1197390" lon="-70.6271760">
    <ele>1108.6</ele>
   </trkpt>
   <trkpt lat="-37.1197730" lon="-70.6271390">
    <ele>1109.0</ele>
   </trkpt>
   <trkpt lat="-37.1199090" lon="-70.6270080">
    <ele>1111.0</ele>
   </trkpt>
   <trkpt lat="-37.1200070" lon="-70.6268610">
    <ele>1112.4</ele>
   </trkpt>
   <trkpt lat="-37.1200260" lon="-70.6268360">
    <ele>1112.6</ele>
   </trkpt>
   <trkpt lat="-37.1200430" lon="-70.6268040">
    <ele>1112.8</ele>
   </trkpt>
   <trkpt lat="-37.1201610" lon="-70.6265920">
    <ele>1114.2</ele>
   </trkpt>
   <trkpt lat="-37.1201770" lon="-70.6265620">
    <ele>1114.2</ele>
   </trkpt>
   <trkpt lat="-37.1202170" lon="-70.6265030">
    <ele>1114.6</ele>
   </trkpt>
   <trkpt lat="-37.1202340" lon="-70.6264680">
    <ele>1114.6</ele>
   </trkpt>
   <trkpt lat="-37.1202530" lon="-70.6264400">
    <ele>1114.8</ele>
   </trkpt>
   <trkpt lat="-37.1202730" lon="-70.6264150">
    <ele>1115.0</ele>
   </trkpt>
   <trkpt lat="-37.1202880" lon="-70.6263880">
    <ele>1115.2</ele>
   </trkpt>
   <trkpt lat="-37.1203200" lon="-70.6263310">
    <ele>1116.0</ele>
   </trkpt>
   <trkpt lat="-37.1205420" lon="-70.6259730">
    <ele>1118.6</ele>
   </trkpt>
   <trkpt lat="-37.1205610" lon="-70.6259500">
    <ele>1118.8</ele>
   </trkpt>
   <trkpt lat="-37.1205750" lon="-70.6259250">
    <ele>1119.0</ele>
   </trkpt>
   <trkpt lat="-37.1206920" lon="-70.6257200">
    <ele>1120.4</ele>
   </trkpt>
   <trkpt lat="-37.1207510" lon="-70.6256050">
    <ele>1121.2</ele>
   </trkpt>
   <trkpt lat="-37.1207680" lon="-70.6255790">
    <ele>1121.4</ele>
   </trkpt>
   <trkpt lat="-37.1207990" lon="-70.6255190">
    <ele>1121.6</ele>
   </trkpt>
   <trkpt lat="-37.1208320" lon="-70.6254610">
    <ele>1122.2</ele>
   </trkpt>
   <trkpt lat="-37.1208460" lon="-70.6254270">
    <ele>1122.4</ele>
   </trkpt>
   <trkpt lat="-37.1208620" lon="-70.6253950">
    <ele>1122.4</ele>
   </trkpt>
   <trkpt lat="-37.1208810" lon="-70.6253660">
    <ele>1122.6</ele>
   </trkpt>
   <trkpt lat="-37.1209110" lon="-70.6253040">
    <ele>1123.0</ele>
   </trkpt>
   <trkpt lat="-37.1209570" lon="-70.6252190">
    <ele>1124.0</ele>
   </trkpt>
   <trkpt lat="-37.1209700" lon="-70.6251830">
    <ele>1124.0</ele>
   </trkpt>
   <trkpt lat="-37.1209870" lon="-70.6251530">
    <ele>1124.0</ele>
   </trkpt>
   <trkpt lat="-37.1210330" lon="-70.6250600">
    <ele>1124.2</ele>
   </trkpt>
   <trkpt lat="-37.1210410" lon="-70.6250310">
    <ele>1124.2</ele>
   </trkpt>
   <trkpt lat="-37.1210530" lon="-70.6249950">
    <ele>1124.4</ele>
   </trkpt>
   <trkpt lat="-37.1210580" lon="-70.6249580">
    <ele>1124.6</ele>
   </trkpt>
   <trkpt lat="-37.1210590" lon="-70.6248710">
    <ele>1125.2</ele>
   </trkpt>
   <trkpt lat="-37.1210600" lon="-70.6248540">
    <ele>1125.4</ele>
   </trkpt>
   <trkpt lat="-37.1210520" lon="-70.6248300">
    <ele>1125.6</ele>
   </trkpt>
   <trkpt lat="-37.1210410" lon="-70.6248120">
    <ele>1125.8</ele>
   </trkpt>
   <trkpt lat="-37.1210290" lon="-70.6247940">
    <ele>1126.0</ele>
   </trkpt>
   <trkpt lat="-37.1210130" lon="-70.6247820">
    <ele>1126.2</ele>
   </trkpt>
   <trkpt lat="-37.1209940" lon="-70.6247670">
    <ele>1126.6</ele>
   </trkpt>
   <trkpt lat="-37.1209770" lon="-70.6247590">
    <ele>1126.8</ele>
   </trkpt>
   <trkpt lat="-37.1209610" lon="-70.6247580">
    <ele>1127.0</ele>
   </trkpt>
   <trkpt lat="-37.1209440" lon="-70.6247590">
    <ele>1127.4</ele>
   </trkpt>
   <trkpt lat="-37.1209280" lon="-70.6247660">
    <ele>1127.6</ele>
   </trkpt>
   <trkpt lat="-37.1209120" lon="-70.6247790">
    <ele>1127.8</ele>
   </trkpt>
   <trkpt lat="-37.1209000" lon="-70.6247880">
    <ele>1127.8</ele>
   </trkpt>
   <trkpt lat="-37.1208890" lon="-70.6248040">
    <ele>1128.0</ele>
   </trkpt>
   <trkpt lat="-37.1208750" lon="-70.6248190">
    <ele>1128.2</ele>
   </trkpt>
   <trkpt lat="-37.1208670" lon="-70.6248320">
    <ele>1128.4</ele>
   </trkpt>
   <trkpt lat="-37.1208550" lon="-70.6248480">
    <ele>1128.6</ele>
   </trkpt>
   <trkpt lat="-37.1208450" lon="-70.6248730">
    <ele>1128.8</ele>
   </trkpt>
   <trkpt lat="-37.1207990" lon="-70.6249530">
    <ele>1129.4</ele>
   </trkpt>
   <trkpt lat="-37.1207170" lon="-70.6250690">
    <ele>1130.6</ele>
   </trkpt>
   <trkpt lat="-37.1206290" lon="-70.6251720">
    <ele>1131.8</ele>
   </trkpt>
   <trkpt lat="-37.1206080" lon="-70.6251910">
    <ele>1132.0</ele>
   </trkpt>
   <trkpt lat="-37.1204760" lon="-70.6253070">
    <ele>1133.0</ele>
   </trkpt>
   <trkpt lat="-37.1204520" lon="-70.6253230">
    <ele>1133.2</ele>
   </trkpt>
   <trkpt lat="-37.1204090" lon="-70.6253550">
    <ele>1133.4</ele>
   </trkpt>
   <trkpt lat="-37.1203210" lon="-70.6254220">
    <ele>1134.0</ele>
   </trkpt>
   <trkpt lat="-37.1202030" lon="-70.6254960">
    <ele>1135.2</ele>
   </trkpt>
   <trkpt lat="-37.1199460" lon="-70.6256300">
    <ele>1137.2</ele>
   </trkpt>
   <trkpt lat="-37.1199230" lon="-70.6256370">
    <ele>1137.4</ele>
   </trkpt>
   <trkpt lat="-37.1199020" lon="-70.6256490">
    <ele>1137.4</ele>
   </trkpt>
   <trkpt lat="-37.1198570" lon="-70.6256710">
    <ele>1138.0</ele>
   </trkpt>
   <trkpt lat="-37.1198110" lon="-70.6256900">
    <ele>1138.2</ele>
   </trkpt>
   <trkpt lat="-37.1195000" lon="-70.6257880">
    <ele>1140.2</ele>
   </trkpt>
   <trkpt lat="-37.1194720" lon="-70.6258000">
    <ele>1140.4</ele>
   </trkpt>
   <trkpt lat="-37.1194460" lon="-70.6258020">
    <ele>1140.6</ele>
   </trkpt>
   <trkpt lat="-37.1194230" lon="-70.6258090">
    <ele>1140.8</ele>
   </trkpt>
   <trkpt lat="-37.1193750" lon="-70.6258290">
    <ele>1140.8</ele>
   </trkpt>
   <trkpt lat="-37.1193170" lon="-70.6258500">
    <ele>1141.2</ele>
   </trkpt>
   <trkpt lat="-37.1192350" lon="-70.6258790">
    <ele>1141.8</ele>
   </trkpt>
   <trkpt lat="-37.1191490" lon="-70.6259070">
    <ele>1142.4</ele>
   </trkpt>
   <trkpt lat="-37.1190640" lon="-70.6259430">
    <ele>1142.8</ele>
   </trkpt>
   <trkpt lat="-37.1190340" lon="-70.6259510">
    <ele>1143.0</ele>
   </trkpt>
   <trkpt lat="-37.1188210" lon="-70.6259690">
    <ele>1144.2</ele>
   </trkpt>
   <trkpt lat="-37.1187970" lon="-70.6259680">
    <ele>1144.4</ele>
   </trkpt>
   <trkpt lat="-37.1187110" lon="-70.6259700">
    <ele>1144.8</ele>
   </trkpt>
   <trkpt lat="-37.1185510" lon="-70.6259550">
    <ele>1145.6</ele>
   </trkpt>
   <trkpt lat="-37.1184890" lon="-70.6259620">
    <ele>1146.2</ele>
   </trkpt>
   <trkpt lat="-37.1184570" lon="-70.6259580">
    <ele>1146.4</ele>
   </trkpt>
   <trkpt lat="-37.1183960" lon="-70.6259500">
    <ele>1146.4</ele>
   </trkpt>
   <trkpt lat="-37.1183640" lon="-70.6259420">
    <ele>1146.4</ele>
   </trkpt>
   <trkpt lat="-37.1183310" lon="-70.6259420">
    <ele>1146.6</ele>
   </trkpt>
   <trkpt lat="-37.1182380" lon="-70.6259400">
    <ele>1147.0</ele>
   </trkpt>
   <trkpt lat="-37.1182080" lon="-70.6259350">
    <ele>1147.0</ele>
   </trkpt>
   <trkpt lat="-37.1181490" lon="-70.6259340">
    <ele>1147.2</ele>
   </trkpt>
   <trkpt lat="-37.1179800" lon="-70.6259220">
    <ele>1147.8</ele>
   </trkpt>
   <trkpt lat="-37.1179270" lon="-70.6259230">
    <ele>1148.4</ele>
   </trkpt>
   <trkpt lat="-37.1179020" lon="-70.6259250">
    <ele>1148.6</ele>
   </trkpt>
   <trkpt lat="-37.1178550" lon="-70.6259260">
    <ele>1149.0</ele>
   </trkpt>
   <trkpt lat="-37.1177730" lon="-70.6259270">
    <ele>1149.6</ele>
   </trkpt>
   <trkpt lat="-37.1177280" lon="-70.6259220">
    <ele>1150.0</ele>
   </trkpt>
   <trkpt lat="-37.1177100" lon="-70.6259170">
    <ele>1150.2</ele>
   </trkpt>
   <trkpt lat="-37.1176900" lon="-70.6259160">
    <ele>1150.2</ele>
   </trkpt>
   <trkpt lat="-37.1176690" lon="-70.6259120">
    <ele>1150.6</ele>
   </trkpt>
   <trkpt lat="-37.1176470" lon="-70.6259130">
    <ele>1150.8</ele>
   </trkpt>
   <trkpt lat="-37.1175780" lon="-70.6259070">
    <ele>1151.8</ele>
   </trkpt>
   <trkpt lat="-37.1175550" lon="-70.6259080">
    <ele>1152.0</ele>
   </trkpt>
   <trkpt lat="-37.1174860" lon="-70.6259080">
    <ele>1153.0</ele>
   </trkpt>
   <trkpt lat="-37.1173090" lon="-70.6258960">
    <ele>1154.4</ele>
   </trkpt>
   <trkpt lat="-37.1169290" lon="-70.6258220">
    <ele>1156.6</ele>
   </trkpt>
   <trkpt lat="-37.1165760" lon="-70.6256830">
    <ele>1158.0</ele>
   </trkpt>
   <trkpt lat="-37.1165450" lon="-70.6256730">
    <ele>1157.8</ele>
   </trkpt>
   <trkpt lat="-37.1162590" lon="-70.6255650">
    <ele>1159.2</ele>
   </trkpt>
   <trkpt lat="-37.1160510" lon="-70.6254740">
    <ele>1160.4</ele>
   </trkpt>
   <trkpt lat="-37.1160230" lon="-70.6254630">
    <ele>1160.6</ele>
   </trkpt>
   <trkpt lat="-37.1159970" lon="-70.6254440">
    <ele>1160.6</ele>
   </trkpt>
   <trkpt lat="-37.1159690" lon="-70.6254340">
    <ele>1160.8</ele>
   </trkpt>
   <trkpt lat="-37.1159450" lon="-70.6254210">
    <ele>1161.0</ele>
   </trkpt>
   <trkpt lat="-37.1158330" lon="-70.6253540">
    <ele>1161.6</ele>
   </trkpt>
   <trkpt lat="-37.1157200" lon="-70.6252870">
    <ele>1162.2</ele>
   </trkpt>
   <trkpt lat="-37.1153820" lon="-70.6250330">
    <ele>1163.0</ele>
   </trkpt>
   <trkpt lat="-37.1150580" lon="-70.6248240">
    <ele>1163.0</ele>
   </trkpt>
   <trkpt lat="-37.1147440" lon="-70.6246040">
    <ele>1163.4</ele>
   </trkpt>
   <trkpt lat="-37.1146360" lon="-70.6245400">
    <ele>1163.2</ele>
   </trkpt>
   <trkpt lat="-37.1145980" lon="-70.6245350">
    <ele>1163.2</ele>
   </trkpt>
   <trkpt lat="-37.1145580" lon="-70.6245430">
    <ele>1163.0</ele>
   </trkpt>
   <trkpt lat="-37.1145230" lon="-70.6245670">
    <ele>1163.0</ele>
   </trkpt>
   <trkpt lat="-37.1144980" lon="-70.6246050">
    <ele>1162.8</ele>
   </trkpt>
   <trkpt lat="-37.1144220" lon="-70.6248030">
    <ele>1163.4</ele>
   </trkpt>
   <trkpt lat="-37.1143420" lon="-70.6249450">
    <ele>1163.8</ele>
   </trkpt>
   <trkpt lat="-37.1143120" lon="-70.6249810">
    <ele>1163.8</ele>
   </trkpt>
   <trkpt lat="-37.1142810" lon="-70.6250100">
    <ele>1164.2</ele>
   </trkpt>
   <trkpt lat="-37.1142480" lon="-70.6250330">
    <ele>1164.2</ele>
   </trkpt>
   <trkpt lat="-37.1140810" lon="-70.6250860">
    <ele>1164.4</ele>
   </trkpt>
   <trkpt lat="-37.1139960" lon="-70.6251040">
    <ele>1164.4</ele>
   </trkpt>
   <trkpt lat="-37.1136750" lon="-70.6251140">
    <ele>1165.0</ele>
   </trkpt>
   <trkpt lat="-37.1136370" lon="-70.6251170">
    <ele>1165.2</ele>
   </trkpt>
   <trkpt lat="-37.1132600" lon="-70.6251080">
    <ele>1166.2</ele>
   </trkpt>
   <trkpt lat="-37.1132270" lon="-70.6251010">
    <ele>1166.4</ele>
   </trkpt>
   <trkpt lat="-37.1131940" lon="-70.6251040">
    <ele>1166.4</ele>
   </trkpt>
   <trkpt lat="-37.1128290" lon="-70.6251290">
    <ele>1167.2</ele>
   </trkpt>
   <trkpt lat="-37.1124420" lon="-70.6251910">
    <ele>1169.0</ele>
   </trkpt>
   <trkpt lat="-37.1120480" lon="-70.6251870">
    <ele>1170.4</ele>
   </trkpt>
   <trkpt lat="-37.1120120" lon="-70.6251820">
    <ele>1170.6</ele>
   </trkpt>
   <trkpt lat="-37.1116600" lon="-70.6250870">
    <ele>1170.8</ele>
   </trkpt>
   <trkpt lat="-37.1112870" lon="-70.6249870">
    <ele>1171.2</ele>
   </trkpt>
   <trkpt lat="-37.1109230" lon="-70.6248820">
    <ele>1172.2</ele>
   </trkpt>
   <trkpt lat="-37.1107190" lon="-70.6247670">
    <ele>1172.6</ele>
   </trkpt>
   <trkpt lat="-37.1106850" lon="-70.6247510">
    <ele>1172.8</ele>
   </trkpt>
   <trkpt lat="-37.1106530" lon="-70.6247270">
    <ele>1172.8</ele>
   </trkpt>
   <trkpt lat="-37.1103120" lon="-70.6245480">
    <ele>1173.2</ele>
   </trkpt>
   <trkpt lat="-37.1102160" lon="-70.6245120">
    <ele>1173.6</ele>
   </trkpt>
   <trkpt lat="-37.1101780" lon="-70.6245090">
    <ele>1173.8</ele>
   </trkpt>
   <trkpt lat="-37.1100360" lon="-70.6244740">
    <ele>1174.2</ele>
   </trkpt>
   <trkpt lat="-37.1098880" lon="-70.6244630">
    <ele>1174.6</ele>
   </trkpt>
   <trkpt lat="-37.1097810" lon="-70.6244510">
    <ele>1174.8</ele>
   </trkpt>
   <trkpt lat="-37.1096640" lon="-70.6244560">
    <ele>1174.6</ele>
   </trkpt>
   <trkpt lat="-37.1096290" lon="-70.6244480">
    <ele>1174.8</ele>
   </trkpt>
   <trkpt lat="-37.1095940" lon="-70.6244470">
    <ele>1174.8</ele>
   </trkpt>
   <trkpt lat="-37.1094830" lon="-70.6244480">
    <ele>1175.0</ele>
   </trkpt>
   <trkpt lat="-37.1090870" lon="-70.6244040">
    <ele>1174.8</ele>
   </trkpt>
   <trkpt lat="-37.1087150" lon="-70.6243390">
    <ele>1174.2</ele>
   </trkpt>
   <trkpt lat="-37.1084700" lon="-70.6242400">
    <ele>1174.0</ele>
   </trkpt>
   <trkpt lat="-37.1081100" lon="-70.6240140">
    <ele>1174.0</ele>
   </trkpt>
   <trkpt lat="-37.1077920" lon="-70.6237180">
    <ele>1174.2</ele>
   </trkpt>
   <trkpt lat="-37.1075000" lon="-70.6233900">
    <ele>1176.2</ele>
   </trkpt>
   <trkpt lat="-37.1073920" lon="-70.6232120">
    <ele>1176.6</ele>
   </trkpt>
   <trkpt lat="-37.1073610" lon="-70.6231840">
    <ele>1176.6</ele>
   </trkpt>
   <trkpt lat="-37.1073300" lon="-70.6231610">
    <ele>1176.8</ele>
   </trkpt>
   <trkpt lat="-37.1072980" lon="-70.6231470">
    <ele>1177.0</ele>
   </trkpt>
   <trkpt lat="-37.1072020" lon="-70.6231140">
    <ele>1177.4</ele>
   </trkpt>
   <trkpt lat="-37.1070570" lon="-70.6231000">
    <ele>1178.2</ele>
   </trkpt>
   <trkpt lat="-37.1070270" lon="-70.6230970">
    <ele>1178.4</ele>
   </trkpt>
   <trkpt lat="-37.1069970" lon="-70.6231020">
    <ele>1178.6</ele>
   </trkpt>
   <trkpt lat="-37.1069710" lon="-70.6231150">
    <ele>1178.6</ele>
   </trkpt>
   <trkpt lat="-37.1069530" lon="-70.6231360">
    <ele>1178.6</ele>
   </trkpt>
   <trkpt lat="-37.1069370" lon="-70.6231630">
    <ele>1178.8</ele>
   </trkpt>
   <trkpt lat="-37.1069250" lon="-70.6232010">
    <ele>1178.8</ele>
   </trkpt>
   <trkpt lat="-37.1069310" lon="-70.6232450">
    <ele>1178.8</ele>
   </trkpt>
   <trkpt lat="-37.1069460" lon="-70.6233770">
    <ele>1179.0</ele>
   </trkpt>
   <trkpt lat="-37.1069520" lon="-70.6234180">
    <ele>1179.2</ele>
   </trkpt>
   <trkpt lat="-37.1069520" lon="-70.6234560">
    <ele>1179.2</ele>
   </trkpt>
   <trkpt lat="-37.1069600" lon="-70.6239150">
    <ele>1181.0</ele>
   </trkpt>
   <trkpt lat="-37.1069590" lon="-70.6239590">
    <ele>1181.2</ele>
   </trkpt>
   <trkpt lat="-37.1069510" lon="-70.6240030">
    <ele>1181.4</ele>
   </trkpt>
   <trkpt lat="-37.1069360" lon="-70.6240940">
    <ele>1181.6</ele>
   </trkpt>
   <trkpt lat="-37.1068610" lon="-70.6243030">
    <ele>1181.6</ele>
   </trkpt>
   <trkpt lat="-37.1068180" lon="-70.6243740">
    <ele>1182.0</ele>
   </trkpt>
   <trkpt lat="-37.1065650" lon="-70.6247010">
    <ele>1184.6</ele>
   </trkpt>
   <trkpt lat="-37.1063630" lon="-70.6248990">
    <ele>1187.2</ele>
   </trkpt>
   <trkpt lat="-37.1060330" lon="-70.6251520">
    <ele>1189.4</ele>
   </trkpt>
   <trkpt lat="-37.1056850" lon="-70.6253000">
    <ele>1192.2</ele>
   </trkpt>
   <trkpt lat="-37.1055980" lon="-70.6253200">
    <ele>1192.8</ele>
   </trkpt>
   <trkpt lat="-37.1052890" lon="-70.6253390">
    <ele>1195.4</ele>
   </trkpt>
   <trkpt lat="-37.1052580" lon="-70.6253400">
    <ele>1195.4</ele>
   </trkpt>
   <trkpt lat="-37.1052280" lon="-70.6253300">
    <ele>1195.4</ele>
   </trkpt>
   <trkpt lat="-37.1051390" lon="-70.6253040">
    <ele>1196.4</ele>
   </trkpt>
   <trkpt lat="-37.1051080" lon="-70.6252900">
    <ele>1196.6</ele>
   </trkpt>
   <trkpt lat="-37.1050770" lon="-70.6252830">
    <ele>1196.8</ele>
   </trkpt>
   <trkpt lat="-37.1050490" lon="-70.6252700">
    <ele>1197.0</ele>
   </trkpt>
   <trkpt lat="-37.1049250" lon="-70.6252030">
    <ele>1198.0</ele>
   </trkpt>
   <trkpt lat="-37.1049030" lon="-70.6251820">
    <ele>1198.2</ele>
   </trkpt>
   <trkpt lat="-37.1048330" lon="-70.6251280">
    <ele>1198.8</ele>
   </trkpt>
   <trkpt lat="-37.1048140" lon="-70.6251050">
    <ele>1198.8</ele>
   </trkpt>
   <trkpt lat="-37.1047920" lon="-70.6250870">
    <ele>1199.2</ele>
   </trkpt>
   <trkpt lat="-37.1046970" lon="-70.6250130">
    <ele>1199.6</ele>
   </trkpt>
   <trkpt lat="-37.1046700" lon="-70.6249950">
    <ele>1200.0</ele>
   </trkpt>
   <trkpt lat="-37.1046450" lon="-70.6249770">
    <ele>1200.2</ele>
   </trkpt>
   <trkpt lat="-37.1046230" lon="-70.6249530">
    <ele>1200.4</ele>
   </trkpt>
   <trkpt lat="-37.1045590" lon="-70.6248930">
    <ele>1201.0</ele>
   </trkpt>
   <trkpt lat="-37.1045360" lon="-70.6248740">
    <ele>1201.4</ele>
   </trkpt>
   <trkpt lat="-37.1044430" lon="-70.6248040">
    <ele>1202.4</ele>
   </trkpt>
   <trkpt lat="-37.1044280" lon="-70.6247840">
    <ele>1202.4</ele>
   </trkpt>
   <trkpt lat="-37.1043920" lon="-70.6247400">
    <ele>1202.8</ele>
   </trkpt>
   <trkpt lat="-37.1043650" lon="-70.6247160">
    <ele>1203.0</ele>
   </trkpt>
   <trkpt lat="-37.1042250" lon="-70.6245710">
    <ele>1204.2</ele>
   </trkpt>
   <trkpt lat="-37.1041990" lon="-70.6245510">
    <ele>1204.4</ele>
   </trkpt>
   <trkpt lat="-37.1041800" lon="-70.6245280">
    <ele>1204.6</ele>
   </trkpt>
   <trkpt lat="-37.1041310" lon="-70.6244780">
    <ele>1205.0</ele>
   </trkpt>
   <trkpt lat="-37.1040390" lon="-70.6243790">
    <ele>1205.6</ele>
   </trkpt>
   <trkpt lat="-37.1039370" lon="-70.6242400">
    <ele>1206.6</ele>
   </trkpt>
   <trkpt lat="-37.1039220" lon="-70.6242080">
    <ele>1207.0</ele>
   </trkpt>
   <trkpt lat="-37.1039030" lon="-70.6241820">
    <ele>1207.2</ele>
   </trkpt>
   <trkpt lat="-37.1038400" lon="-70.6240860">
    <ele>1208.0</ele>
   </trkpt>
   <trkpt lat="-37.1038190" lon="-70.6240610">
    <ele>1208.2</ele>
   </trkpt>
   <trkpt lat="-37.1037990" lon="-70.6240290">
    <ele>1208.4</ele>
   </trkpt>
   <trkpt lat="-37.1037560" lon="-70.6239770">
    <ele>1208.8</ele>
   </trkpt>
   <trkpt lat="-37.1037390" lon="-70.6239480">
    <ele>1208.8</ele>
   </trkpt>
   <trkpt lat="-37.1036120" lon="-70.6237200">
    <ele>1209.4</ele>
   </trkpt>
   <trkpt lat="-37.1035430" lon="-70.6236280">
    <ele>1209.8</ele>
   </trkpt>
   <trkpt lat="-37.1035150" lon="-70.6236100">
    <ele>1210.0</ele>
   </trkpt>
   <trkpt lat="-37.1034830" lon="-70.6236030">
    <ele>1210.0</ele>
   </trkpt>
   <trkpt lat="-37.1034500" lon="-70.6235980">
    <ele>1210.0</ele>
   </trkpt>
   <trkpt lat="-37.1034130" lon="-70.6236090">
    <ele>1210.0</ele>
   </trkpt>
   <trkpt lat="-37.1033790" lon="-70.6236300">
    <ele>1210.0</ele>
   </trkpt>
   <trkpt lat="-37.1033480" lon="-70.6236680">
    <ele>1210.2</ele>
   </trkpt>
   <trkpt lat="-37.1033250" lon="-70.6237130">
    <ele>1210.0</ele>
   </trkpt>
   <trkpt lat="-37.1033120" lon="-70.6237610">
    <ele>1210.2</ele>
   </trkpt>
   <trkpt lat="-37.1032730" lon="-70.6242460">
    <ele>1211.0</ele>
   </trkpt>
   <trkpt lat="-37.1032640" lon="-70.6244760">
    <ele>1212.2</ele>
   </trkpt>
   <trkpt lat="-37.1032670" lon="-70.6245420">
    <ele>1213.0</ele>
   </trkpt>
   <trkpt lat="-37.1032580" lon="-70.6245670">
    <ele>1213.2</ele>
   </trkpt>
   <trkpt lat="-37.1032540" lon="-70.6245950">
    <ele>1213.6</ele>
   </trkpt>
   <trkpt lat="-37.1032420" lon="-70.6247160">
    <ele>1214.4</ele>
   </trkpt>
   <trkpt lat="-37.1032230" lon="-70.6249560">
    <ele>1217.0</ele>
   </trkpt>
   <trkpt lat="-37.1032140" lon="-70.6249900">
    <ele>1217.2</ele>
   </trkpt>
   <trkpt lat="-37.1031330" lon="-70.6254620">
    <ele>1220.0</ele>
   </trkpt>
   <trkpt lat="-37.1031280" lon="-70.6255010">
    <ele>1220.2</ele>
   </trkpt>
   <trkpt lat="-37.1031200" lon="-70.6255380">
    <ele>1220.2</ele>
   </trkpt>
   <trkpt lat="-37.1031190" lon="-70.6255770">
    <ele>1220.4</ele>
   </trkpt>
   <trkpt lat="-37.1031110" lon="-70.6256140">
    <ele>1220.4</ele>
   </trkpt>
   <trkpt lat="-37.1030190" lon="-70.6259860">
    <ele>1221.4</ele>
   </trkpt>
   <trkpt lat="-37.1030050" lon="-70.6260170">
    <ele>1221.6</ele>
   </trkpt>
   <trkpt lat="-37.1029940" lon="-70.6260550">
    <ele>1221.8</ele>
   </trkpt>
   <trkpt lat="-37.1029800" lon="-70.6260910">
    <ele>1221.8</ele>
   </trkpt>
   <trkpt lat="-37.1029620" lon="-70.6261220">
    <ele>1222.2</ele>
   </trkpt>
   <trkpt lat="-37.1029510" lon="-70.6261530">
    <ele>1222.4</ele>
   </trkpt>
   <trkpt lat="-37.1028920" lon="-70.6262540">
    <ele>1223.0</ele>
   </trkpt>
   <trkpt lat="-37.1028660" lon="-70.6262860">
    <ele>1223.2</ele>
   </trkpt>
   <trkpt lat="-37.1028470" lon="-70.6263150">
    <ele>1223.6</ele>
   </trkpt>
   <trkpt lat="-37.1028230" lon="-70.6263440">
    <ele>1223.8</ele>
   </trkpt>
   <trkpt lat="-37.1026770" lon="-70.6265220">
    <ele>1226.0</ele>
   </trkpt>
   <trkpt lat="-37.1026510" lon="-70.6265400">
    <ele>1226.2</ele>
   </trkpt>
   <trkpt lat="-37.1025450" lon="-70.6266230">
    <ele>1227.0</ele>
   </trkpt>
   <trkpt lat="-37.1025160" lon="-70.6266360">
    <ele>1227.2</ele>
   </trkpt>
   <trkpt lat="-37.1024900" lon="-70.6266480">
    <ele>1227.4</ele>
   </trkpt>
   <trkpt lat="-37.1024660" lon="-70.6266650">
    <ele>1227.4</ele>
   </trkpt>
   <trkpt lat="-37.1023780" lon="-70.6267340">
    <ele>1228.8</ele>
   </trkpt>
   <trkpt lat="-37.1023590" lon="-70.6267380">
    <ele>1229.0</ele>
   </trkpt>
   <trkpt lat="-37.1023420" lon="-70.6267440">
    <ele>1229.2</ele>
   </trkpt>
   <trkpt lat="-37.1023210" lon="-70.6267500">
    <ele>1229.2</ele>
   </trkpt>
   <trkpt lat="-37.1023000" lon="-70.6267630">
    <ele>1229.4</ele>
   </trkpt>
   <trkpt lat="-37.1022780" lon="-70.6267710">
    <ele>1229.4</ele>
   </trkpt>
   <trkpt lat="-37.1022540" lon="-70.6267860">
    <ele>1229.8</ele>
   </trkpt>
   <trkpt lat="-37.1022300" lon="-70.6268020">
    <ele>1230.2</ele>
   </trkpt>
   <trkpt lat="-37.1022060" lon="-70.6268200">
    <ele>1230.4</ele>
   </trkpt>
   <trkpt lat="-37.1021860" lon="-70.6268310">
    <ele>1230.8</ele>
   </trkpt>
   <trkpt lat="-37.1021640" lon="-70.6268360">
    <ele>1231.0</ele>
   </trkpt>
   <trkpt lat="-37.1021420" lon="-70.6268400">
    <ele>1231.4</ele>
   </trkpt>
   <trkpt lat="-37.1021200" lon="-70.6268510">
    <ele>1231.6</ele>
   </trkpt>
   <trkpt lat="-37.1020700" lon="-70.6268720">
    <ele>1232.0</ele>
   </trkpt>
   <trkpt lat="-37.1020500" lon="-70.6268730">
    <ele>1232.2</ele>
   </trkpt>
   <trkpt lat="-37.1020260" lon="-70.6268820">
    <ele>1232.6</ele>
   </trkpt>
   <trkpt lat="-37.1020020" lon="-70.6268920">
    <ele>1233.0</ele>
   </trkpt>
   <trkpt lat="-37.1019760" lon="-70.6268970">
    <ele>1233.2</ele>
   </trkpt>
   <trkpt lat="-37.1019330" lon="-70.6269080">
    <ele>1233.8</ele>
   </trkpt>
   <trkpt lat="-37.1019100" lon="-70.6269170">
    <ele>1234.2</ele>
   </trkpt>
   <trkpt lat="-37.1018870" lon="-70.6269200">
    <ele>1234.4</ele>
   </trkpt>
   <trkpt lat="-37.1018660" lon="-70.6269230">
    <ele>1234.6</ele>
   </trkpt>
   <trkpt lat="-37.1018450" lon="-70.6269210">
    <ele>1235.0</ele>
   </trkpt>
   <trkpt lat="-37.1018260" lon="-70.6269280">
    <ele>1235.4</ele>
   </trkpt>
   <trkpt lat="-37.1017840" lon="-70.6269390">
    <ele>1235.8</ele>
   </trkpt>
   <trkpt lat="-37.1017590" lon="-70.6269420">
    <ele>1236.2</ele>
   </trkpt>
   <trkpt lat="-37.1017200" lon="-70.6269470">
    <ele>1236.8</ele>
   </trkpt>
   <trkpt lat="-37.1017010" lon="-70.6269490">
    <ele>1237.0</ele>
   </trkpt>
   <trkpt lat="-37.1016810" lon="-70.6269490">
    <ele>1237.4</ele>
   </trkpt>
   <trkpt lat="-37.1016620" lon="-70.6269460">
    <ele>1237.8</ele>
   </trkpt>
   <trkpt lat="-37.1016440" lon="-70.6269490">
    <ele>1238.0</ele>
   </trkpt>
   <trkpt lat="-37.1016260" lon="-70.6269470">
    <ele>1238.4</ele>
   </trkpt>
   <trkpt lat="-37.1016080" lon="-70.6269460">
    <ele>1238.6</ele>
   </trkpt>
   <trkpt lat="-37.1015890" lon="-70.6269500">
    <ele>1239.0</ele>
   </trkpt>
   <trkpt lat="-37.1015710" lon="-70.6269460">
    <ele>1239.4</ele>
   </trkpt>
   <trkpt lat="-37.1015510" lon="-70.6269480">
    <ele>1239.6</ele>
   </trkpt>
   <trkpt lat="-37.1015290" lon="-70.6269500">
    <ele>1240.0</ele>
   </trkpt>
   <trkpt lat="-37.1014890" lon="-70.6269510">
    <ele>1240.4</ele>
   </trkpt>
   <trkpt lat="-37.1014540" lon="-70.6269480">
    <ele>1241.0</ele>
   </trkpt>
   <trkpt lat="-37.1014410" lon="-70.6269480">
    <ele>1241.2</ele>
   </trkpt>
   <trkpt lat="-37.1014300" lon="-70.6269540">
    <ele>1241.4</ele>
   </trkpt>
   <trkpt lat="-37.1014180" lon="-70.6269580">
    <ele>1241.6</ele>
   </trkpt>
   <trkpt lat="-37.1013970" lon="-70.6269650">
    <ele>1241.6</ele>
   </trkpt>
   <trkpt lat="-37.1012560" lon="-70.6269680">
    <ele>1243.8</ele>
   </trkpt>
   <trkpt lat="-37.1012250" lon="-70.6269600">
    <ele>1244.2</ele>
   </trkpt>
   <trkpt lat="-37.1012110" lon="-70.6269510">
    <ele>1244.4</ele>
   </trkpt>
   <trkpt lat="-37.1011930" lon="-70.6269510">
    <ele>1244.6</ele>
   </trkpt>
   <trkpt lat="-37.1011740" lon="-70.6269470">
    <ele>1244.8</ele>
   </trkpt>
   <trkpt lat="-37.1011400" lon="-70.6269400">
    <ele>1245.4</ele>
   </trkpt>
   <trkpt lat="-37.1011220" lon="-70.6269300">
    <ele>1245.6</ele>
   </trkpt>
   <trkpt lat="-37.1010880" lon="-70.6269190">
    <ele>1245.8</ele>
   </trkpt>
   <trkpt lat="-37.1010690" lon="-70.6269130">
    <ele>1246.0</ele>
   </trkpt>
   <trkpt lat="-37.1010520" lon="-70.6269060">
    <ele>1246.2</ele>
   </trkpt>
   <trkpt lat="-37.1010320" lon="-70.6269040">
    <ele>1246.2</ele>
   </trkpt>
   <trkpt lat="-37.1010140" lon="-70.6268980">
    <ele>1246.4</ele>
   </trkpt>
   <trkpt lat="-37.1009960" lon="-70.6268890">
    <ele>1246.6</ele>
   </trkpt>
   <trkpt lat="-37.1009800" lon="-70.6268830">
    <ele>1246.8</ele>
   </trkpt>
   <trkpt lat="-37.1009650" lon="-70.6268730">
    <ele>1247.0</ele>
   </trkpt>
   <trkpt lat="-37.1009180" lon="-70.6268490">
    <ele>1248.0</ele>
   </trkpt>
   <trkpt lat="-37.1009010" lon="-70.6268410">
    <ele>1248.2</ele>
   </trkpt>
   <trkpt lat="-37.1008010" lon="-70.6267870">
    <ele>1249.8</ele>
   </trkpt>
   <trkpt lat="-37.1007700" lon="-70.6267670">
    <ele>1250.6</ele>
   </trkpt>
   <trkpt lat="-37.1007520" lon="-70.6267510">
    <ele>1250.8</ele>
   </trkpt>
   <trkpt lat="-37.1007350" lon="-70.6267400">
    <ele>1251.2</ele>
   </trkpt>
   <trkpt lat="-37.1006990" lon="-70.6267210">
    <ele>1251.6</ele>
   </trkpt>
   <trkpt lat="-37.1006820" lon="-70.6267100">
    <ele>1251.8</ele>
   </trkpt>
   <trkpt lat="-37.1006340" lon="-70.6266670">
    <ele>1252.2</ele>
   </trkpt>
   <trkpt lat="-37.1006090" lon="-70.6266320">
    <ele>1253.0</ele>
   </trkpt>
   <trkpt lat="-37.1005910" lon="-70.6266170">
    <ele>1253.0</ele>
   </trkpt>
   <trkpt lat="-37.1004910" lon="-70.6265040">
    <ele>1254.4</ele>
   </trkpt>
   <trkpt lat="-37.1004760" lon="-70.6264890">
    <ele>1254.6</ele>
   </trkpt>
   <trkpt lat="-37.1003940" lon="-70.6263950">
    <ele>1256.0</ele>
   </trkpt>
   <trkpt lat="-37.1003810" lon="-70.6263750">
    <ele>1256.2</ele>
   </trkpt>
   <trkpt lat="-37.1003650" lon="-70.6263540">
    <ele>1256.4</ele>
   </trkpt>
   <trkpt lat="-37.1002950" lon="-70.6262560">
    <ele>1257.4</ele>
   </trkpt>
   <trkpt lat="-37.1002820" lon="-70.6262350">
    <ele>1257.4</ele>
   </trkpt>
   <trkpt lat="-37.1002420" lon="-70.6261720">
    <ele>1258.2</ele>
   </trkpt>
   <trkpt lat="-37.1002330" lon="-70.6261510">
    <ele>1258.6</ele>
   </trkpt>
   <trkpt lat="-37.1002200" lon="-70.6261340">
    <ele>1259.0</ele>
   </trkpt>
   <trkpt lat="-37.1001810" lon="-70.6260780">
    <ele>1259.8</ele>
   </trkpt>
   <trkpt lat="-37.1000840" lon="-70.6258630">
    <ele>1260.4</ele>
   </trkpt>
   <trkpt lat="-37.1000100" lon="-70.6256840">
    <ele>1261.2</ele>
   </trkpt>
   <trkpt lat="-37.0999920" lon="-70.6256230">
    <ele>1261.6</ele>
   </trkpt>
   <trkpt lat="-37.0999800" lon="-70.6255920">
    <ele>1262.0</ele>
   </trkpt>
   <trkpt lat="-37.0999750" lon="-70.6255660">
    <ele>1262.2</ele>
   </trkpt>
   <trkpt lat="-37.0999650" lon="-70.6255410">
    <ele>1262.2</ele>
   </trkpt>
   <trkpt lat="-37.0999580" lon="-70.6255130">
    <ele>1262.4</ele>
   </trkpt>
   <trkpt lat="-37.0999450" lon="-70.6254860">
    <ele>1262.4</ele>
   </trkpt>
   <trkpt lat="-37.0999360" lon="-70.6254540">
    <ele>1262.6</ele>
   </trkpt>
   <trkpt lat="-37.0999000" lon="-70.6253030">
    <ele>1263.0</ele>
   </trkpt>
   <trkpt lat="-37.0998970" lon="-70.6252700">
    <ele>1263.0</ele>
   </trkpt>
   <trkpt lat="-37.0998890" lon="-70.6252330">
    <ele>1263.0</ele>
   </trkpt>
   <trkpt lat="-37.0998860" lon="-70.6251970">
    <ele>1263.0</ele>
   </trkpt>
   <trkpt lat="-37.0998860" lon="-70.6251620">
    <ele>1262.8</ele>
   </trkpt>
   <trkpt lat="-37.0998800" lon="-70.6251220">
    <ele>1262.6</ele>
   </trkpt>
   <trkpt lat="-37.0998700" lon="-70.6250260">
    <ele>1262.4</ele>
   </trkpt>
   <trkpt lat="-37.0998640" lon="-70.6248260">
    <ele>1261.2</ele>
   </trkpt>
   <trkpt lat="-37.0997790" lon="-70.6243770">
    <ele>1258.8</ele>
   </trkpt>
   <trkpt lat="-37.0995430" lon="-70.6239120">
    <ele>1257.0</ele>
   </trkpt>
   <trkpt lat="-37.0992740" lon="-70.6235210">
    <ele>1255.2</ele>
   </trkpt>
   <trkpt lat="-37.0991120" lon="-70.6230900">
    <ele>1253.2</ele>
   </trkpt>
   <trkpt lat="-37.0989910" lon="-70.6226690">
    <ele>1250.2</ele>
   </trkpt>
   <trkpt lat="-37.0987550" lon="-70.6222340">
    <ele>1247.8</ele>
   </trkpt>
   <trkpt lat="-37.0987350" lon="-70.6221460">
    <ele>1247.6</ele>
   </trkpt>
   <trkpt lat="-37.0985900" lon="-70.6216900">
    <ele>1245.2</ele>
   </trkpt>
   <trkpt lat="-37.0984050" lon="-70.6212540">
    <ele>1244.2</ele>
   </trkpt>
   <trkpt lat="-37.0982490" lon="-70.6208370">
    <ele>1243.8</ele>
   </trkpt>
   <trkpt lat="-37.0981450" lon="-70.6206090">
    <ele>1243.4</ele>
   </trkpt>
   <trkpt lat="-37.0980750" lon="-70.6204640">
    <ele>1243.2</ele>
   </trkpt>
   <trkpt lat="-37.0979220" lon="-70.6202260">
    <ele>1243.8</ele>
   </trkpt>
   <trkpt lat="-37.0976770" lon="-70.6198230">
    <ele>1244.8</ele>
   </trkpt>
   <trkpt lat="-37.0975710" lon="-70.6196720">
    <ele>1244.4</ele>
   </trkpt>
   <trkpt lat="-37.0975470" lon="-70.6196110">
    <ele>1244.6</ele>
   </trkpt>
   <trkpt lat="-37.0973440" lon="-70.6192280">
    <ele>1245.2</ele>
   </trkpt>
   <trkpt lat="-37.0970910" lon="-70.6188460">
    <ele>1245.8</ele>
   </trkpt>
   <trkpt lat="-37.0969250" lon="-70.6185670">
    <ele>1246.6</ele>
   </trkpt>
   <trkpt lat="-37.0967820" lon="-70.6181720">
    <ele>1245.2</ele>
   </trkpt>
   <trkpt lat="-37.0967350" lon="-70.6181160">
    <ele>1245.0</ele>
   </trkpt>
   <trkpt lat="-37.0964040" lon="-70.6178730">
    <ele>1243.6</ele>
   </trkpt>
   <trkpt lat="-37.0963170" lon="-70.6177920">
    <ele>1243.6</ele>
   </trkpt>
   <trkpt lat="-37.0961680" lon="-70.6175680">
    <ele>1244.4</ele>
   </trkpt>
   <trkpt lat="-37.0961520" lon="-70.6175550">
    <ele>1244.8</ele>
   </trkpt>
   <trkpt lat="-37.0961380" lon="-70.6175390">
    <ele>1244.8</ele>
   </trkpt>
   <trkpt lat="-37.0961250" lon="-70.6175350">
    <ele>1244.6</ele>
   </trkpt>
   <trkpt lat="-37.0961050" lon="-70.6175410">
    <ele>1244.6</ele>
   </trkpt>
   <trkpt lat="-37.0960950" lon="-70.6175500">
    <ele>1244.6</ele>
   </trkpt>
   <trkpt lat="-37.0960760" lon="-70.6175550">
    <ele>1244.4</ele>
   </trkpt>
   <trkpt lat="-37.0960530" lon="-70.6175640">
    <ele>1244.2</ele>
   </trkpt>
   <trkpt lat="-37.0960310" lon="-70.6175820">
    <ele>1244.2</ele>
   </trkpt>
   <trkpt lat="-37.0960140" lon="-70.6176040">
    <ele>1244.2</ele>
   </trkpt>
   <trkpt lat="-37.0959950" lon="-70.6176210">
    <ele>1244.2</ele>
   </trkpt>
   <trkpt lat="-37.0959820" lon="-70.6176410">
    <ele>1244.4</ele>
   </trkpt>
   <trkpt lat="-37.0959660" lon="-70.6176690">
    <ele>1244.6</ele>
   </trkpt>
   <trkpt lat="-37.0959480" lon="-70.6176930">
    <ele>1244.8</ele>
   </trkpt>
   <trkpt lat="-37.0959400" lon="-70.6177220">
    <ele>1245.0</ele>
   </trkpt>
   <trkpt lat="-37.0959350" lon="-70.6177490">
    <ele>1245.4</ele>
   </trkpt>
   <trkpt lat="-37.0959260" lon="-70.6177770">
    <ele>1245.6</ele>
   </trkpt>
   <trkpt lat="-37.0959210" lon="-70.6178050">
    <ele>1246.0</ele>
   </trkpt>
   <trkpt lat="-37.0959120" lon="-70.6178310">
    <ele>1246.2</ele>
   </trkpt>
   <trkpt lat="-37.0959100" lon="-70.6178540">
    <ele>1246.4</ele>
   </trkpt>
   <trkpt lat="-37.0959110" lon="-70.6178740">
    <ele>1246.8</ele>
   </trkpt>
   <trkpt lat="-37.0959130" lon="-70.6179190">
    <ele>1247.4</ele>
   </trkpt>
   <trkpt lat="-37.0959100" lon="-70.6179370">
    <ele>1247.6</ele>
   </trkpt>
   <trkpt lat="-37.0959150" lon="-70.6179510">
    <ele>1248.0</ele>
   </trkpt>
   <trkpt lat="-37.0959220" lon="-70.6179670">
    <ele>1248.2</ele>
   </trkpt>
   <trkpt lat="-37.0959180" lon="-70.6179890">
    <ele>1248.4</ele>
   </trkpt>
   <trkpt lat="-37.0959210" lon="-70.6180120">
    <ele>1248.6</ele>
   </trkpt>
   <trkpt lat="-37.0959290" lon="-70.6180610">
    <ele>1249.2</ele>
   </trkpt>
   <trkpt lat="-37.0959330" lon="-70.6180900">
    <ele>1249.4</ele>
   </trkpt>
   <trkpt lat="-37.0959410" lon="-70.6181190">
    <ele>1249.6</ele>
   </trkpt>
   <trkpt lat="-37.0959640" lon="-70.6181780">
    <ele>1250.0</ele>
   </trkpt>
   <trkpt lat="-37.0960110" lon="-70.6182900">
    <ele>1250.6</ele>
   </trkpt>
   <trkpt lat="-37.0960200" lon="-70.6183360">
    <ele>1250.6</ele>
   </trkpt>
   <trkpt lat="-37.0960530" lon="-70.6185170">
    <ele>1250.6</ele>
   </trkpt>
   <trkpt lat="-37.0960530" lon="-70.6185850">
    <ele>1250.4</ele>
   </trkpt>
   <trkpt lat="-37.0961220" lon="-70.6190750">
    <ele>1248.8</ele>
   </trkpt>
   <trkpt lat="-37.0962540" lon="-70.6194690">
    <ele>1248.4</ele>
   </trkpt>
   <trkpt lat="-37.0963660" lon="-70.6199250">
    <ele>1248.8</ele>
   </trkpt>
   <trkpt lat="-37.0963670" lon="-70.6200620">
    <ele>1248.6</ele>
   </trkpt>
   <trkpt lat="-37.0963540" lon="-70.6201270">
    <ele>1248.2</ele>
   </trkpt>
   <trkpt lat="-37.0963540" lon="-70.6201850">
    <ele>1248.2</ele>
   </trkpt>
   <trkpt lat="-37.0963370" lon="-70.6203100">
    <ele>1247.6</ele>
   </trkpt>
   <trkpt lat="-37.0963380" lon="-70.6203690">
    <ele>1247.6</ele>
   </trkpt>
   <trkpt lat="-37.0963410" lon="-70.6205830">
    <ele>1247.8</ele>
   </trkpt>
   <trkpt lat="-37.0963760" lon="-70.6210490">
    <ele>1249.8</ele>
   </trkpt>
   <trkpt lat="-37.0963830" lon="-70.6211460">
    <ele>1250.6</ele>
   </trkpt>
   <trkpt lat="-37.0963570" lon="-70.6216520">
    <ele>1250.4</ele>
   </trkpt>
   <trkpt lat="-37.0963490" lon="-70.6218650">
    <ele>1250.4</ele>
   </trkpt>
   <trkpt lat="-37.0962480" lon="-70.6223040">
    <ele>1251.6</ele>
   </trkpt>
   <trkpt lat="-37.0962220" lon="-70.6223300">
    <ele>1251.8</ele>
   </trkpt>
   <trkpt lat="-37.0961960" lon="-70.6223470">
    <ele>1251.8</ele>
   </trkpt>
   <trkpt lat="-37.0961670" lon="-70.6223630">
    <ele>1252.2</ele>
   </trkpt>
   <trkpt lat="-37.0961330" lon="-70.6223750">
    <ele>1252.2</ele>
   </trkpt>
   <trkpt lat="-37.0961010" lon="-70.6223820">
    <ele>1252.2</ele>
   </trkpt>
   <trkpt lat="-37.0960710" lon="-70.6223990">
    <ele>1252.0</ele>
   </trkpt>
   <trkpt lat="-37.0960430" lon="-70.6224130">
    <ele>1251.8</ele>
   </trkpt>
   <trkpt lat="-37.0960120" lon="-70.6224050">
    <ele>1251.8</ele>
   </trkpt>
   <trkpt lat="-37.0959820" lon="-70.6224060">
    <ele>1251.6</ele>
   </trkpt>
   <trkpt lat="-37.0959480" lon="-70.6224320">
    <ele>1251.8</ele>
   </trkpt>
   <trkpt lat="-37.0959090" lon="-70.6224470">
    <ele>1252.0</ele>
   </trkpt>
   <trkpt lat="-37.0958140" lon="-70.6224780">
    <ele>1252.6</ele>
   </trkpt>
   <trkpt lat="-37.0957900" lon="-70.6224880">
    <ele>1252.8</ele>
   </trkpt>
   <trkpt lat="-37.0957660" lon="-70.6224890">
    <ele>1253.0</ele>
   </trkpt>
   <trkpt lat="-37.0957410" lon="-70.6224980">
    <ele>1253.4</ele>
   </trkpt>
   <trkpt lat="-37.0957170" lon="-70.6225090">
    <ele>1253.6</ele>
   </trkpt>
   <trkpt lat="-37.0956960" lon="-70.6225060">
    <ele>1253.8</ele>
   </trkpt>
   <trkpt lat="-37.0956720" lon="-70.6225110">
    <ele>1254.0</ele>
   </trkpt>
   <trkpt lat="-37.0956220" lon="-70.6225270">
    <ele>1254.6</ele>
   </trkpt>
   <trkpt lat="-37.0955900" lon="-70.6225380">
    <ele>1254.8</ele>
   </trkpt>
   <trkpt lat="-37.0955370" lon="-70.6225670">
    <ele>1255.0</ele>
   </trkpt>
   <trkpt lat="-37.0955100" lon="-70.6225770">
    <ele>1255.2</ele>
   </trkpt>
   <trkpt lat="-37.0953880" lon="-70.6226190">
    <ele>1256.2</ele>
   </trkpt>
   <trkpt lat="-37.0953620" lon="-70.6226220">
    <ele>1256.4</ele>
   </trkpt>
   <trkpt lat="-37.0953380" lon="-70.6226310">
    <ele>1256.6</ele>
   </trkpt>
   <trkpt lat="-37.0952850" lon="-70.6226480">
    <ele>1257.4</ele>
   </trkpt>
   <trkpt lat="-37.0952590" lon="-70.6226560">
    <ele>1257.6</ele>
   </trkpt>
   <trkpt lat="-37.0951820" lon="-70.6226870">
    <ele>1258.4</ele>
   </trkpt>
   <trkpt lat="-37.0951550" lon="-70.6227010">
    <ele>1258.8</ele>
   </trkpt>
   <trkpt lat="-37.0951290" lon="-70.6227080">
    <ele>1259.4</ele>
   </trkpt>
   <trkpt lat="-37.0950480" lon="-70.6227310">
    <ele>1260.2</ele>
   </trkpt>
   <trkpt lat="-37.0949860" lon="-70.6227620">
    <ele>1260.8</ele>
   </trkpt>
   <trkpt lat="-37.0949300" lon="-70.6228060">
    <ele>1261.2</ele>
   </trkpt>
   <trkpt lat="-37.0949090" lon="-70.6228450">
    <ele>1261.2</ele>
   </trkpt>
   <trkpt lat="-37.0948960" lon="-70.6228980">
    <ele>1260.8</ele>
   </trkpt>
   <trkpt lat="-37.0948920" lon="-70.6229540">
    <ele>1260.6</ele>
   </trkpt>
   <trkpt lat="-37.0948970" lon="-70.6230110">
    <ele>1260.2</ele>
   </trkpt>
   <trkpt lat="-37.0949160" lon="-70.6230630">
    <ele>1260.2</ele>
   </trkpt>
   <trkpt lat="-37.0949320" lon="-70.6231100">
    <ele>1260.0</ele>
   </trkpt>
   <trkpt lat="-37.0949550" lon="-70.6231510">
    <ele>1260.0</ele>
   </trkpt>
   <trkpt lat="-37.0950480" lon="-70.6233020">
    <ele>1261.0</ele>
   </trkpt>
   <trkpt lat="-37.0950670" lon="-70.6233420">
    <ele>1261.0</ele>
   </trkpt>
   <trkpt lat="-37.0950880" lon="-70.6233810">
    <ele>1261.2</ele>
   </trkpt>
   <trkpt lat="-37.0951040" lon="-70.6234210">
    <ele>1261.4</ele>
   </trkpt>
   <trkpt lat="-37.0951210" lon="-70.6234540">
    <ele>1261.4</ele>
   </trkpt>
   <trkpt lat="-37.0951930" lon="-70.6236630">
    <ele>1261.6</ele>
   </trkpt>
   <trkpt lat="-37.0952060" lon="-70.6237010">
    <ele>1261.6</ele>
   </trkpt>
   <trkpt lat="-37.0952120" lon="-70.6237400">
    <ele>1261.6</ele>
   </trkpt>
   <trkpt lat="-37.0952450" lon="-70.6239220">
    <ele>1262.4</ele>
   </trkpt>
   <trkpt lat="-37.0952550" lon="-70.6239560">
    <ele>1262.8</ele>
   </trkpt>
   <trkpt lat="-37.0952590" lon="-70.6239960">
    <ele>1262.8</ele>
   </trkpt>
   <trkpt lat="-37.0952690" lon="-70.6240670">
    <ele>1263.0</ele>
   </trkpt>
   <trkpt lat="-37.0952740" lon="-70.6241360">
    <ele>1263.4</ele>
   </trkpt>
   <trkpt lat="-37.0952750" lon="-70.6241710">
    <ele>1263.6</ele>
   </trkpt>
   <trkpt lat="-37.0952810" lon="-70.6242040">
    <ele>1263.8</ele>
   </trkpt>
   <trkpt lat="-37.0952860" lon="-70.6242410">
    <ele>1264.0</ele>
   </trkpt>
   <trkpt lat="-37.0952960" lon="-70.6242770">
    <ele>1264.4</ele>
   </trkpt>
   <trkpt lat="-37.0953120" lon="-70.6243840">
    <ele>1264.8</ele>
   </trkpt>
   <trkpt lat="-37.0953300" lon="-70.6244170">
    <ele>1265.2</ele>
   </trkpt>
   <trkpt lat="-37.0953400" lon="-70.6244430">
    <ele>1265.4</ele>
   </trkpt>
   <trkpt lat="-37.0953410" lon="-70.6244730">
    <ele>1265.8</ele>
   </trkpt>
   <trkpt lat="-37.0953370" lon="-70.6245070">
    <ele>1265.8</ele>
   </trkpt>
   <trkpt lat="-37.0953370" lon="-70.6245800">
    <ele>1266.6</ele>
   </trkpt>
   <trkpt lat="-37.0953490" lon="-70.6246870">
    <ele>1267.4</ele>
   </trkpt>
   <trkpt lat="-37.0953570" lon="-70.6247250">
    <ele>1267.6</ele>
   </trkpt>
   <trkpt lat="-37.0953590" lon="-70.6247610">
    <ele>1268.0</ele>
   </trkpt>
   <trkpt lat="-37.0953630" lon="-70.6247940">
    <ele>1268.0</ele>
   </trkpt>
   <trkpt lat="-37.0953740" lon="-70.6248300">
    <ele>1268.0</ele>
   </trkpt>
   <trkpt lat="-37.0953810" lon="-70.6248690">
    <ele>1268.0</ele>
   </trkpt>
   <trkpt lat="-37.0953820" lon="-70.6249080">
    <ele>1268.2</ele>
   </trkpt>
   <trkpt lat="-37.0953910" lon="-70.6250370">
    <ele>1268.8</ele>
   </trkpt>
   <trkpt lat="-37.0953890" lon="-70.6250820">
    <ele>1269.0</ele>
   </trkpt>
   <trkpt lat="-37.0953920" lon="-70.6251260">
    <ele>1269.2</ele>
   </trkpt>
   <trkpt lat="-37.0954080" lon="-70.6254820">
    <ele>1270.2</ele>
   </trkpt>
   <trkpt lat="-37.0954510" lon="-70.6259380">
    <ele>1271.2</ele>
   </trkpt>
   <trkpt lat="-37.0954630" lon="-70.6262490">
    <ele>1272.6</ele>
   </trkpt>
   <trkpt lat="-37.0954710" lon="-70.6263190">
    <ele>1273.0</ele>
   </trkpt>
   <trkpt lat="-37.0954680" lon="-70.6264500">
    <ele>1273.8</ele>
   </trkpt>
   <trkpt lat="-37.0954640" lon="-70.6264820">
    <ele>1274.0</ele>
   </trkpt>
   <trkpt lat="-37.0954440" lon="-70.6266520">
    <ele>1274.6</ele>
   </trkpt>
   <trkpt lat="-37.0953860" lon="-70.6268020">
    <ele>1275.6</ele>
   </trkpt>
   <trkpt lat="-37.0953730" lon="-70.6268370">
    <ele>1275.6</ele>
   </trkpt>
   <trkpt lat="-37.0953430" lon="-70.6268960">
    <ele>1275.8</ele>
   </trkpt>
   <trkpt lat="-37.0952020" lon="-70.6271010">
    <ele>1277.0</ele>
   </trkpt>
   <trkpt lat="-37.0951540" lon="-70.6271460">
    <ele>1277.0</ele>
   </trkpt>
   <trkpt lat="-37.0951310" lon="-70.6271600">
    <ele>1277.2</ele>
   </trkpt>
   <trkpt lat="-37.0947950" lon="-70.6273200">
    <ele>1277.6</ele>
   </trkpt>
   <trkpt lat="-37.0946460" lon="-70.6273760">
    <ele>1278.0</ele>
   </trkpt>
   <trkpt lat="-37.0945760" lon="-70.6273900">
    <ele>1278.4</ele>
   </trkpt>
   <trkpt lat="-37.0945330" lon="-70.6274070">
    <ele>1278.6</ele>
   </trkpt>
   <trkpt lat="-37.0945040" lon="-70.6274090">
    <ele>1279.0</ele>
   </trkpt>
   <trkpt lat="-37.0944460" lon="-70.6274180">
    <ele>1279.2</ele>
   </trkpt>
   <trkpt lat="-37.0944210" lon="-70.6274270">
    <ele>1279.2</ele>
   </trkpt>
   <trkpt lat="-37.0942650" lon="-70.6274990">
    <ele>1280.8</ele>
   </trkpt>
   <trkpt lat="-37.0942400" lon="-70.6275130">
    <ele>1281.0</ele>
   </trkpt>
   <trkpt lat="-37.0941880" lon="-70.6275340">
    <ele>1281.4</ele>
   </trkpt>
   <trkpt lat="-37.0939860" lon="-70.6276370">
    <ele>1284.0</ele>
   </trkpt>
   <trkpt lat="-37.0939570" lon="-70.6276510">
    <ele>1284.2</ele>
   </trkpt>
   <trkpt lat="-37.0939300" lon="-70.6276700">
    <ele>1284.6</ele>
   </trkpt>
   <trkpt lat="-37.0936530" lon="-70.6278510">
    <ele>1288.2</ele>
   </trkpt>
   <trkpt lat="-37.0936270" lon="-70.6278600">
    <ele>1288.4</ele>
   </trkpt>
   <trkpt lat="-37.0935490" lon="-70.6278820">
    <ele>1289.2</ele>
   </trkpt>
   <trkpt lat="-37.0935220" lon="-70.6278920">
    <ele>1289.6</ele>
   </trkpt>
   <trkpt lat="-37.0934700" lon="-70.6279050">
    <ele>1290.2</ele>
   </trkpt>
   <trkpt lat="-37.0934410" lon="-70.6279110">
    <ele>1290.4</ele>
   </trkpt>
   <trkpt lat="-37.0934120" lon="-70.6279200">
    <ele>1290.6</ele>
   </trkpt>
   <trkpt lat="-37.0933830" lon="-70.6279220">
    <ele>1290.6</ele>
   </trkpt>
   <trkpt lat="-37.0933190" lon="-70.6279410">
    <ele>1291.0</ele>
   </trkpt>
   <trkpt lat="-37.0932850" lon="-70.6279410">
    <ele>1291.2</ele>
   </trkpt>
   <trkpt lat="-37.0932550" lon="-70.6279370">
    <ele>1291.2</ele>
   </trkpt>
   <trkpt lat="-37.0932240" lon="-70.6279280">
    <ele>1291.2</ele>
   </trkpt>
   <trkpt lat="-37.0931140" lon="-70.6278750">
    <ele>1292.0</ele>
   </trkpt>
   <trkpt lat="-37.0930280" lon="-70.6277920">
    <ele>1292.2</ele>
   </trkpt>
   <trkpt lat="-37.0929340" lon="-70.6276650">
    <ele>1293.0</ele>
   </trkpt>
   <trkpt lat="-37.0929220" lon="-70.6276420">
    <ele>1293.0</ele>
   </trkpt>
   <trkpt lat="-37.0928320" lon="-70.6274990">
    <ele>1294.0</ele>
   </trkpt>
   <trkpt lat="-37.0927620" lon="-70.6273760">
    <ele>1294.6</ele>
   </trkpt>
   <trkpt lat="-37.0927170" lon="-70.6273080">
    <ele>1295.0</ele>
   </trkpt>
   <trkpt lat="-37.0926830" lon="-70.6272680">
    <ele>1295.2</ele>
   </trkpt>
   <trkpt lat="-37.0926660" lon="-70.6272540">
    <ele>1295.4</ele>
   </trkpt>
   <trkpt lat="-37.0926530" lon="-70.6272330">
    <ele>1295.8</ele>
   </trkpt>
   <trkpt lat="-37.0926360" lon="-70.6272160">
    <ele>1296.2</ele>
   </trkpt>
   <trkpt lat="-37.0924990" lon="-70.6270570">
    <ele>1299.0</ele>
   </trkpt>
   <trkpt lat="-37.0924760" lon="-70.6270450">
    <ele>1299.4</ele>
   </trkpt>
   <trkpt lat="-37.0924570" lon="-70.6270280">
    <ele>1299.8</ele>
   </trkpt>
   <trkpt lat="-37.0923970" lon="-70.6269780">
    <ele>1300.6</ele>
   </trkpt>
   <trkpt lat="-37.0923740" lon="-70.6269690">
    <ele>1301.0</ele>
   </trkpt>
   <trkpt lat="-37.0923530" lon="-70.6269510">
    <ele>1301.0</ele>
   </trkpt>
   <trkpt lat="-37.0923310" lon="-70.6269420">
    <ele>1301.2</ele>
   </trkpt>
   <trkpt lat="-37.0923090" lon="-70.6269370">
    <ele>1301.2</ele>
   </trkpt>
   <trkpt lat="-37.0922580" lon="-70.6269300">
    <ele>1301.4</ele>
   </trkpt>
   <trkpt lat="-37.0922290" lon="-70.6269340">
    <ele>1301.6</ele>
   </trkpt>
   <trkpt lat="-37.0921990" lon="-70.6269390">
    <ele>1301.8</ele>
   </trkpt>
   <trkpt lat="-37.0921720" lon="-70.6269540">
    <ele>1302.0</ele>
   </trkpt>
   <trkpt lat="-37.0921110" lon="-70.6269870">
    <ele>1302.0</ele>
   </trkpt>
   <trkpt lat="-37.0920770" lon="-70.6270080">
    <ele>1302.0</ele>
   </trkpt>
   <trkpt lat="-37.0918350" lon="-70.6271420">
    <ele>1301.6</ele>
   </trkpt>
   <trkpt lat="-37.0917400" lon="-70.6272180">
    <ele>1301.0</ele>
   </trkpt>
   <trkpt lat="-37.0917040" lon="-70.6272700">
    <ele>1300.6</ele>
   </trkpt>
   <trkpt lat="-37.0916760" lon="-70.6273350">
    <ele>1300.4</ele>
   </trkpt>
   <trkpt lat="-37.0916440" lon="-70.6274670">
    <ele>1300.2</ele>
   </trkpt>
   <trkpt lat="-37.0916230" lon="-70.6276090">
    <ele>1300.0</ele>
   </trkpt>
   <trkpt lat="-37.0916230" lon="-70.6276730">
    <ele>1300.0</ele>
   </trkpt>
   <trkpt lat="-37.0916010" lon="-70.6279280">
    <ele>1300.4</ele>
   </trkpt>
   <trkpt lat="-37.0915850" lon="-70.6279700">
    <ele>1300.6</ele>
   </trkpt>
   <trkpt lat="-37.0915600" lon="-70.6280150">
    <ele>1300.8</ele>
   </trkpt>
   <trkpt lat="-37.0915380" lon="-70.6280550">
    <ele>1300.8</ele>
   </trkpt>
   <trkpt lat="-37.0915070" lon="-70.6280880">
    <ele>1301.0</ele>
   </trkpt>
   <trkpt lat="-37.0913120" lon="-70.6282220">
    <ele>1301.0</ele>
   </trkpt>
   <trkpt lat="-37.0912730" lon="-70.6282290">
    <ele>1300.8</ele>
   </trkpt>
   <trkpt lat="-37.0911490" lon="-70.6282510">
    <ele>1301.0</ele>
   </trkpt>
   <trkpt lat="-37.0910680" lon="-70.6282510">
    <ele>1301.4</ele>
   </trkpt>
   <trkpt lat="-37.0909870" lon="-70.6282510">
    <ele>1301.4</ele>
   </trkpt>
   <trkpt lat="-37.0905940" lon="-70.6281960">
    <ele>1303.0</ele>
   </trkpt>
   <trkpt lat="-37.0904380" lon="-70.6281690">
    <ele>1303.2</ele>
   </trkpt>
   <trkpt lat="-37.0903570" lon="-70.6281540">
    <ele>1303.2</ele>
   </trkpt>
   <trkpt lat="-37.0899900" lon="-70.6281100">
    <ele>1303.8</ele>
   </trkpt>
   <trkpt lat="-37.0898030" lon="-70.6280890">
    <ele>1305.6</ele>
   </trkpt>
   <trkpt lat="-37.0897350" lon="-70.6280850">
    <ele>1306.6</ele>
   </trkpt>
   <trkpt lat="-37.0897150" lon="-70.6280840">
    <ele>1306.8</ele>
   </trkpt>
   <trkpt lat="-37.0896430" lon="-70.6280770">
    <ele>1308.2</ele>
   </trkpt>
   <trkpt lat="-37.0895760" lon="-70.6280870">
    <ele>1308.8</ele>
   </trkpt>
   <trkpt lat="-37.0895510" lon="-70.6280850">
    <ele>1309.0</ele>
   </trkpt>
   <trkpt lat="-37.0895270" lon="-70.6280890">
    <ele>1309.2</ele>
   </trkpt>
   <trkpt lat="-37.0895080" lon="-70.6280870">
    <ele>1309.6</ele>
   </trkpt>
   <trkpt lat="-37.0894900" lon="-70.6280820">
    <ele>1309.6</ele>
   </trkpt>
   <trkpt lat="-37.0894670" lon="-70.6280860">
    <ele>1309.8</ele>
   </trkpt>
   <trkpt lat="-37.0890900" lon="-70.6280930">
    <ele>1309.2</ele>
   </trkpt>
   <trkpt lat="-37.0887240" lon="-70.6281000">
    <ele>1307.6</ele>
   </trkpt>
   <trkpt lat="-37.0883410" lon="-70.6279830">
    <ele>1305.4</ele>
   </trkpt>
   <trkpt lat="-37.0882760" lon="-70.6279380">
    <ele>1304.8</ele>
   </trkpt>
   <trkpt lat="-37.0882160" lon="-70.6278800">
    <ele>1304.4</ele>
   </trkpt>
   <trkpt lat="-37.0881610" lon="-70.6278130">
    <ele>1304.2</ele>
   </trkpt>
   <trkpt lat="-37.0881170" lon="-70.6277350">
    <ele>1304.2</ele>
   </trkpt>
   <trkpt lat="-37.0880680" lon="-70.6276590">
    <ele>1303.8</ele>
   </trkpt>
   <trkpt lat="-37.0879710" lon="-70.6275260">
    <ele>1303.6</ele>
   </trkpt>
   <trkpt lat="-37.0879400" lon="-70.6274550">
    <ele>1303.6</ele>
   </trkpt>
   <trkpt lat="-37.0877860" lon="-70.6270210">
    <ele>1304.2</ele>
   </trkpt>
   <trkpt lat="-37.0875950" lon="-70.6266100">
    <ele>1305.6</ele>
   </trkpt>
   <trkpt lat="-37.0874620" lon="-70.6263690">
    <ele>1305.4</ele>
   </trkpt>
   <trkpt lat="-37.0874300" lon="-70.6263200">
    <ele>1305.0</ele>
   </trkpt>
   <trkpt lat="-37.0873870" lon="-70.6262900">
    <ele>1304.8</ele>
   </trkpt>
   <trkpt lat="-37.0873410" lon="-70.6262960">
    <ele>1304.6</ele>
   </trkpt>
   <trkpt lat="-37.0873050" lon="-70.6263160">
    <ele>1304.6</ele>
   </trkpt>
   <trkpt lat="-37.0872750" lon="-70.6263570">
    <ele>1304.4</ele>
   </trkpt>
   <trkpt lat="-37.0872600" lon="-70.6264090">
    <ele>1304.4</ele>
   </trkpt>
   <trkpt lat="-37.0871990" lon="-70.6266410">
    <ele>1304.0</ele>
   </trkpt>
   <trkpt lat="-37.0871770" lon="-70.6266890">
    <ele>1304.0</ele>
   </trkpt>
   <trkpt lat="-37.0869670" lon="-70.6271030">
    <ele>1303.6</ele>
   </trkpt>
   <trkpt lat="-37.0869260" lon="-70.6271390">
    <ele>1303.6</ele>
   </trkpt>
   <trkpt lat="-37.0866640" lon="-70.6272620">
    <ele>1305.8</ele>
   </trkpt>
   <trkpt lat="-37.0864820" lon="-70.6272920">
    <ele>1306.8</ele>
   </trkpt>
   <trkpt lat="-37.0863500" lon="-70.6273280">
    <ele>1307.4</ele>
   </trkpt>
   <trkpt lat="-37.0861190" lon="-70.6273260">
    <ele>1309.2</ele>
   </trkpt>
   <trkpt lat="-37.0860940" lon="-70.6273270">
    <ele>1309.4</ele>
   </trkpt>
   <trkpt lat="-37.0860730" lon="-70.6273240">
    <ele>1309.6</ele>
   </trkpt>
   <trkpt lat="-37.0860540" lon="-70.6273220">
    <ele>1310.0</ele>
   </trkpt>
   <trkpt lat="-37.0860350" lon="-70.6273150">
    <ele>1310.2</ele>
   </trkpt>
   <trkpt lat="-37.0860020" lon="-70.6273010">
    <ele>1310.4</ele>
   </trkpt>
   <trkpt lat="-37.0859230" lon="-70.6272600">
    <ele>1311.4</ele>
   </trkpt>
   <trkpt lat="-37.0858540" lon="-70.6272280">
    <ele>1312.0</ele>
   </trkpt>
   <trkpt lat="-37.0858300" lon="-70.6272230">
    <ele>1312.4</ele>
   </trkpt>
   <trkpt lat="-37.0858070" lon="-70.6272190">
    <ele>1312.8</ele>
   </trkpt>
   <trkpt lat="-37.0857870" lon="-70.6272110">
    <ele>1313.0</ele>
   </trkpt>
   <trkpt lat="-37.0857660" lon="-70.6272090">
    <ele>1313.4</ele>
   </trkpt>
   <trkpt lat="-37.0857470" lon="-70.6272040">
    <ele>1313.6</ele>
   </trkpt>
   <trkpt lat="-37.0855970" lon="-70.6271610">
    <ele>1316.0</ele>
   </trkpt>
   <trkpt lat="-37.0855720" lon="-70.6271540">
    <ele>1316.4</ele>
   </trkpt>
   <trkpt lat="-37.0855490" lon="-70.6271470">
    <ele>1316.8</ele>
   </trkpt>
   <trkpt lat="-37.0855270" lon="-70.6271360">
    <ele>1317.0</ele>
   </trkpt>
   <trkpt lat="-37.0855050" lon="-70.6271260">
    <ele>1317.2</ele>
   </trkpt>
   <trkpt lat="-37.0854800" lon="-70.6271180">
    <ele>1317.6</ele>
   </trkpt>
   <trkpt lat="-37.0854290" lon="-70.6271010">
    <ele>1318.2</ele>
   </trkpt>
   <trkpt lat="-37.0853420" lon="-70.6270450">
    <ele>1319.0</ele>
   </trkpt>
   <trkpt lat="-37.0853220" lon="-70.6270270">
    <ele>1319.2</ele>
   </trkpt>
   <trkpt lat="-37.0853000" lon="-70.6270060">
    <ele>1319.4</ele>
   </trkpt>
   <trkpt lat="-37.0852760" lon="-70.6269900">
    <ele>1319.6</ele>
   </trkpt>
   <trkpt lat="-37.0852560" lon="-70.6269700">
    <ele>1319.8</ele>
   </trkpt>
   <trkpt lat="-37.0852160" lon="-70.6269350">
    <ele>1320.0</ele>
   </trkpt>
   <trkpt lat="-37.0851930" lon="-70.6269200">
    <ele>1320.4</ele>
   </trkpt>
   <trkpt lat="-37.0851750" lon="-70.6268980">
    <ele>1320.6</ele>
   </trkpt>
   <trkpt lat="-37.0851540" lon="-70.6268820">
    <ele>1321.0</ele>
   </trkpt>
   <trkpt lat="-37.0851360" lon="-70.6268610">
    <ele>1321.2</ele>
   </trkpt>
   <trkpt lat="-37.0851200" lon="-70.6268420">
    <ele>1321.4</ele>
   </trkpt>
   <trkpt lat="-37.0850990" lon="-70.6268240">
    <ele>1321.6</ele>
   </trkpt>
   <trkpt lat="-37.0850810" lon="-70.6268010">
    <ele>1321.8</ele>
   </trkpt>
   <trkpt lat="-37.0850240" lon="-70.6267440">
    <ele>1322.6</ele>
   </trkpt>
   <trkpt lat="-37.0849080" lon="-70.6266570">
    <ele>1323.4</ele>
   </trkpt>
   <trkpt lat="-37.0848760" lon="-70.6266390">
    <ele>1323.4</ele>
   </trkpt>
   <trkpt lat="-37.0848460" lon="-70.6266080">
    <ele>1323.4</ele>
   </trkpt>
   <trkpt lat="-37.0846210" lon="-70.6264260">
    <ele>1323.4</ele>
   </trkpt>
   <trkpt lat="-37.0845950" lon="-70.6264130">
    <ele>1323.4</ele>
   </trkpt>
   <trkpt lat="-37.0845680" lon="-70.6263960">
    <ele>1323.6</ele>
   </trkpt>
   <trkpt lat="-37.0842990" lon="-70.6261430">
    <ele>1321.8</ele>
   </trkpt>
   <trkpt lat="-37.0842210" lon="-70.6260030">
    <ele>1321.6</ele>
   </trkpt>
   <trkpt lat="-37.0839850" lon="-70.6255800">
    <ele>1319.2</ele>
   </trkpt>
   <trkpt lat="-37.0839510" lon="-70.6255120">
    <ele>1319.0</ele>
   </trkpt>
   <trkpt lat="-37.0839190" lon="-70.6254440">
    <ele>1319.0</ele>
   </trkpt>
   <trkpt lat="-37.0837950" lon="-70.6251740">
    <ele>1318.8</ele>
   </trkpt>
   <trkpt lat="-37.0837590" lon="-70.6251550">
    <ele>1319.0</ele>
   </trkpt>
   <trkpt lat="-37.0837270" lon="-70.6251640">
    <ele>1319.0</ele>
   </trkpt>
   <trkpt lat="-37.0837020" lon="-70.6251990">
    <ele>1319.0</ele>
   </trkpt>
   <trkpt lat="-37.0836860" lon="-70.6252460">
    <ele>1319.2</ele>
   </trkpt>
   <trkpt lat="-37.0836770" lon="-70.6252930">
    <ele>1319.2</ele>
   </trkpt>
   <trkpt lat="-37.0837100" lon="-70.6258000">
    <ele>1319.4</ele>
   </trkpt>
   <trkpt lat="-37.0837220" lon="-70.6262960">
    <ele>1318.0</ele>
   </trkpt>
   <trkpt lat="-37.0837600" lon="-70.6267850">
    <ele>1317.4</ele>
   </trkpt>
   <trkpt lat="-37.0837970" lon="-70.6271580">
    <ele>1318.0</ele>
   </trkpt>
   <trkpt lat="-37.0837970" lon="-70.6272060">
    <ele>1318.4</ele>
   </trkpt>
   <trkpt lat="-37.0838090" lon="-70.6273480">
    <ele>1319.6</ele>
   </trkpt>
   <trkpt lat="-37.0838050" lon="-70.6273980">
    <ele>1319.6</ele>
   </trkpt>
   <trkpt lat="-37.0838100" lon="-70.6274460">
    <ele>1319.6</ele>
   </trkpt>
   <trkpt lat="-37.0838110" lon="-70.6276320">
    <ele>1320.4</ele>
   </trkpt>
   <trkpt lat="-37.0838050" lon="-70.6276750">
    <ele>1320.6</ele>
   </trkpt>
   <trkpt lat="-37.0838160" lon="-70.6279710">
    <ele>1322.4</ele>
   </trkpt>
   <trkpt lat="-37.0838190" lon="-70.6281880">
    <ele>1323.4</ele>
   </trkpt>
   <trkpt lat="-37.0838270" lon="-70.6282300">
    <ele>1323.4</ele>
   </trkpt>
   <trkpt lat="-37.0838670" lon="-70.6283860">
    <ele>1323.4</ele>
   </trkpt>
   <trkpt lat="-37.0839430" lon="-70.6286030">
    <ele>1325.6</ele>
   </trkpt>
   <trkpt lat="-37.0841390" lon="-70.6289820">
    <ele>1328.4</ele>
   </trkpt>
   <trkpt lat="-37.0842840" lon="-70.6292630">
    <ele>1329.6</ele>
   </trkpt>
   <trkpt lat="-37.0843330" lon="-70.6297630">
    <ele>1328.8</ele>
   </trkpt>
   <trkpt lat="-37.0842930" lon="-70.6298720">
    <ele>1328.8</ele>
   </trkpt>
   <trkpt lat="-37.0841770" lon="-70.6301050">
    <ele>1327.4</ele>
   </trkpt>
   <trkpt lat="-37.0841670" lon="-70.6301840">
    <ele>1327.2</ele>
   </trkpt>
   <trkpt lat="-37.0841670" lon="-70.6302710">
    <ele>1326.6</ele>
   </trkpt>
   <trkpt lat="-37.0841810" lon="-70.6303660">
    <ele>1326.2</ele>
   </trkpt>
   <trkpt lat="-37.0842070" lon="-70.6304620">
    <ele>1325.0</ele>
   </trkpt>
   <trkpt lat="-37.0842480" lon="-70.6305550">
    <ele>1323.6</ele>
   </trkpt>
   <trkpt lat="-37.0845130" lon="-70.6309180">
    <ele>1317.6</ele>
   </trkpt>
   <trkpt lat="-37.0847830" lon="-70.6312610">
    <ele>1309.8</ele>
   </trkpt>
   <trkpt lat="-37.0849940" lon="-70.6315300">
    <ele>1302.6</ele>
   </trkpt>
   <trkpt lat="-37.0850210" lon="-70.6315840">
    <ele>1301.4</ele>
   </trkpt>
   <trkpt lat="-37.0850420" lon="-70.6316380">
    <ele>1300.2</ele>
   </trkpt>
   <trkpt lat="-37.0850490" lon="-70.6316960">
    <ele>1299.4</ele>
   </trkpt>
   <trkpt lat="-37.0850400" lon="-70.6317530">
    <ele>1298.2</ele>
   </trkpt>
   <trkpt lat="-37.0850100" lon="-70.6318030">
    <ele>1297.0</ele>
   </trkpt>
   <trkpt lat="-37.0849570" lon="-70.6318460">
    <ele>1296.2</ele>
   </trkpt>
   <trkpt lat="-37.0846510" lon="-70.6321390">
    <ele>1290.2</ele>
   </trkpt>
   <trkpt lat="-37.0844070" lon="-70.6323820">
    <ele>1285.8</ele>
   </trkpt>
   <trkpt lat="-37.0843560" lon="-70.6324130">
    <ele>1285.0</ele>
   </trkpt>
   <trkpt lat="-37.0843070" lon="-70.6324250">
    <ele>1283.8</ele>
   </trkpt>
   <trkpt lat="-37.0842550" lon="-70.6324150">
    <ele>1283.0</ele>
   </trkpt>
   <trkpt lat="-37.0842080" lon="-70.6323780">
    <ele>1282.6</ele>
   </trkpt>
   <trkpt lat="-37.0841640" lon="-70.6323220">
    <ele>1282.2</ele>
   </trkpt>
   <trkpt lat="-37.0839860" lon="-70.6321470">
    <ele>1280.2</ele>
   </trkpt>
   <trkpt lat="-37.0839020" lon="-70.6321110">
    <ele>1279.4</ele>
   </trkpt>
   <trkpt lat="-37.0835050" lon="-70.6320550">
    <ele>1276.0</ele>
   </trkpt>
   <trkpt lat="-37.0830910" lon="-70.6320150">
    <ele>1273.0</ele>
   </trkpt>
   <trkpt lat="-37.0828750" lon="-70.6319700">
    <ele>1271.4</ele>
   </trkpt>
   <trkpt lat="-37.0828170" lon="-70.6319250">
    <ele>1271.0</ele>
   </trkpt>
   <trkpt lat="-37.0827640" lon="-70.6318930">
    <ele>1270.4</ele>
   </trkpt>
   <trkpt lat="-37.0827110" lon="-70.6318900">
    <ele>1270.0</ele>
   </trkpt>
   <trkpt lat="-37.0826690" lon="-70.6319210">
    <ele>1269.6</ele>
   </trkpt>
   <trkpt lat="-37.0826440" lon="-70.6319740">
    <ele>1269.0</ele>
   </trkpt>
   <trkpt lat="-37.0826400" lon="-70.6320350">
    <ele>1268.6</ele>
   </trkpt>
   <trkpt lat="-37.0826690" lon="-70.6320910">
    <ele>1268.0</ele>
   </trkpt>
   <trkpt lat="-37.0827130" lon="-70.6321410">
    <ele>1267.0</ele>
   </trkpt>
   <trkpt lat="-37.0830170" lon="-70.6324440">
    <ele>1263.0</ele>
   </trkpt>
   <trkpt lat="-37.0833390" lon="-70.6327760">
    <ele>1254.0</ele>
   </trkpt>
   <trkpt lat="-37.0833820" lon="-70.6328170">
    <ele>1253.0</ele>
   </trkpt>
   <trkpt lat="-37.0834090" lon="-70.6328570">
    <ele>1251.6</ele>
   </trkpt>
   <trkpt lat="-37.0834200" lon="-70.6329050">
    <ele>1251.0</ele>
   </trkpt>
   <trkpt lat="-37.0834240" lon="-70.6329540">
    <ele>1250.4</ele>
   </trkpt>
   <trkpt lat="-37.0834470" lon="-70.6330140">
    <ele>1250.4</ele>
   </trkpt>
   <trkpt lat="-37.0836060" lon="-70.6334920">
    <ele>1249.8</ele>
   </trkpt>
   <trkpt lat="-37.0836240" lon="-70.6336910">
    <ele>1250.6</ele>
   </trkpt>
   <trkpt lat="-37.0836340" lon="-70.6338810">
    <ele>1251.4</ele>
   </trkpt>
   <trkpt lat="-37.0836310" lon="-70.6340060">
    <ele>1251.8</ele>
   </trkpt>
   <trkpt lat="-37.0836570" lon="-70.6343120">
    <ele>1253.0</ele>
   </trkpt>
   <trkpt lat="-37.0836590" lon="-70.6343500">
    <ele>1253.6</ele>
   </trkpt>
   <trkpt lat="-37.0836710" lon="-70.6344280">
    <ele>1254.8</ele>
   </trkpt>
   <trkpt lat="-37.0836730" lon="-70.6344570">
    <ele>1255.2</ele>
   </trkpt>
   <trkpt lat="-37.0836810" lon="-70.6345310">
    <ele>1256.2</ele>
   </trkpt>
   <trkpt lat="-37.0836930" lon="-70.6345580">
    <ele>1256.4</ele>
   </trkpt>
   <trkpt lat="-37.0836980" lon="-70.6345890">
    <ele>1256.6</ele>
   </trkpt>
   <trkpt lat="-37.0837020" lon="-70.6346230">
    <ele>1257.0</ele>
   </trkpt>
   <trkpt lat="-37.0837150" lon="-70.6346510">
    <ele>1257.2</ele>
   </trkpt>
   <trkpt lat="-37.0837210" lon="-70.6346770">
    <ele>1257.2</ele>
   </trkpt>
   <trkpt lat="-37.0837300" lon="-70.6347040">
    <ele>1257.4</ele>
   </trkpt>
   <trkpt lat="-37.0837470" lon="-70.6347590">
    <ele>1257.8</ele>
   </trkpt>
   <trkpt lat="-37.0837840" lon="-70.6348380">
    <ele>1258.6</ele>
   </trkpt>
   <trkpt lat="-37.0837900" lon="-70.6348650">
    <ele>1259.0</ele>
   </trkpt>
   <trkpt lat="-37.0838190" lon="-70.6349480">
    <ele>1259.8</ele>
   </trkpt>
   <trkpt lat="-37.0838380" lon="-70.6350030">
    <ele>1260.4</ele>
   </trkpt>
   <trkpt lat="-37.0838590" lon="-70.6350590">
    <ele>1260.8</ele>
   </trkpt>
   <trkpt lat="-37.0838870" lon="-70.6351370">
    <ele>1261.6</ele>
   </trkpt>
   <trkpt lat="-37.0838990" lon="-70.6351610">
    <ele>1262.0</ele>
   </trkpt>
   <trkpt lat="-37.0839290" lon="-70.6352370">
    <ele>1263.0</ele>
   </trkpt>
   <trkpt lat="-37.0839520" lon="-70.6353050">
    <ele>1263.6</ele>
   </trkpt>
   <trkpt lat="-37.0839630" lon="-70.6353330">
    <ele>1263.8</ele>
   </trkpt>
   <trkpt lat="-37.0839730" lon="-70.6353570">
    <ele>1264.2</ele>
   </trkpt>
   <trkpt lat="-37.0839840" lon="-70.6353780">
    <ele>1264.4</ele>
   </trkpt>
   <trkpt lat="-37.0840200" lon="-70.6354700">
    <ele>1266.0</ele>
   </trkpt>
   <trkpt lat="-37.0840260" lon="-70.6354950">
    <ele>1266.4</ele>
   </trkpt>
   <trkpt lat="-37.0840420" lon="-70.6355480">
    <ele>1267.0</ele>
   </trkpt>
   <trkpt lat="-37.0840460" lon="-70.6355720">
    <ele>1267.2</ele>
   </trkpt>
   <trkpt lat="-37.0840480" lon="-70.6355960">
    <ele>1267.4</ele>
   </trkpt>
   <trkpt lat="-37.0840690" lon="-70.6357020">
    <ele>1268.8</ele>
   </trkpt>
   <trkpt lat="-37.0840660" lon="-70.6357280">
    <ele>1269.2</ele>
   </trkpt>
   <trkpt lat="-37.0840670" lon="-70.6357560">
    <ele>1269.6</ele>
   </trkpt>
   <trkpt lat="-37.0840640" lon="-70.6357840">
    <ele>1269.8</ele>
   </trkpt>
   <trkpt lat="-37.0840560" lon="-70.6358130">
    <ele>1270.0</ele>
   </trkpt>
   <trkpt lat="-37.0840340" lon="-70.6358690">
    <ele>1270.0</ele>
   </trkpt>
   <trkpt lat="-37.0840200" lon="-70.6359230">
    <ele>1270.2</ele>
   </trkpt>
   <trkpt lat="-37.0840030" lon="-70.6359460">
    <ele>1270.4</ele>
   </trkpt>
   <trkpt lat="-37.0839890" lon="-70.6359650">
    <ele>1270.6</ele>
   </trkpt>
   <trkpt lat="-37.0839720" lon="-70.6359840">
    <ele>1270.8</ele>
   </trkpt>
   <trkpt lat="-37.0839590" lon="-70.6360050">
    <ele>1270.8</ele>
   </trkpt>
   <trkpt lat="-37.0839250" lon="-70.6360650">
    <ele>1271.2</ele>
   </trkpt>
   <trkpt lat="-37.0839150" lon="-70.6360760">
    <ele>1271.4</ele>
   </trkpt>
   <trkpt lat="-37.0839010" lon="-70.6360840">
    <ele>1271.6</ele>
   </trkpt>
   <trkpt lat="-37.0838670" lon="-70.6361150">
    <ele>1271.6</ele>
   </trkpt>
   <trkpt lat="-37.0838530" lon="-70.6361390">
    <ele>1271.8</ele>
   </trkpt>
   <trkpt lat="-37.0838240" lon="-70.6361910">
    <ele>1272.4</ele>
   </trkpt>
   <trkpt lat="-37.0838120" lon="-70.6362170">
    <ele>1272.8</ele>
   </trkpt>
   <trkpt lat="-37.0837990" lon="-70.6362370">
    <ele>1273.0</ele>
   </trkpt>
   <trkpt lat="-37.0837890" lon="-70.6362630">
    <ele>1273.2</ele>
   </trkpt>
   <trkpt lat="-37.0837740" lon="-70.6362850">
    <ele>1273.2</ele>
   </trkpt>
   <trkpt lat="-37.0837640" lon="-70.6363090">
    <ele>1273.6</ele>
   </trkpt>
   <trkpt lat="-37.0837510" lon="-70.6363330">
    <ele>1273.8</ele>
   </trkpt>
   <trkpt lat="-37.0836770" lon="-70.6364970">
    <ele>1275.0</ele>
   </trkpt>
   <trkpt lat="-37.0836590" lon="-70.6365240">
    <ele>1275.4</ele>
   </trkpt>
   <trkpt lat="-37.0836490" lon="-70.6365480">
    <ele>1275.8</ele>
   </trkpt>
   <trkpt lat="-37.0835880" lon="-70.6366790">
    <ele>1276.2</ele>
   </trkpt>
   <trkpt lat="-37.0835680" lon="-70.6367080">
    <ele>1276.6</ele>
   </trkpt>
   <trkpt lat="-37.0835360" lon="-70.6367590">
    <ele>1277.0</ele>
   </trkpt>
   <trkpt lat="-37.0834110" lon="-70.6369660">
    <ele>1277.2</ele>
   </trkpt>
   <trkpt lat="-37.0832800" lon="-70.6371970">
    <ele>1275.8</ele>
   </trkpt>
   <trkpt lat="-37.0832650" lon="-70.6372660">
    <ele>1275.6</ele>
   </trkpt>
   <trkpt lat="-37.0832490" lon="-70.6374060">
    <ele>1275.6</ele>
   </trkpt>
   <trkpt lat="-37.0832540" lon="-70.6374720">
    <ele>1275.8</ele>
   </trkpt>
   <trkpt lat="-37.0832930" lon="-70.6376930">
    <ele>1277.2</ele>
   </trkpt>
   <trkpt lat="-37.0832950" lon="-70.6377230">
    <ele>1277.8</ele>
   </trkpt>
   <trkpt lat="-37.0833020" lon="-70.6377480">
    <ele>1278.2</ele>
   </trkpt>
   <trkpt lat="-37.0832990" lon="-70.6377710">
    <ele>1278.6</ele>
   </trkpt>
   <trkpt lat="-37.0833050" lon="-70.6377950">
    <ele>1278.8</ele>
   </trkpt>
   <trkpt lat="-37.0833120" lon="-70.6378180">
    <ele>1278.8</ele>
   </trkpt>
   <trkpt lat="-37.0833160" lon="-70.6378410">
    <ele>1279.2</ele>
   </trkpt>
   <trkpt lat="-37.0833340" lon="-70.6379390">
    <ele>1280.4</ele>
   </trkpt>
   <trkpt lat="-37.0833410" lon="-70.6379590">
    <ele>1280.6</ele>
   </trkpt>
   <trkpt lat="-37.0833440" lon="-70.6379840">
    <ele>1280.8</ele>
   </trkpt>
   <trkpt lat="-37.0833560" lon="-70.6380280">
    <ele>1281.2</ele>
   </trkpt>
   <trkpt lat="-37.0833720" lon="-70.6380730">
    <ele>1282.0</ele>
   </trkpt>
   <trkpt lat="-37.0833770" lon="-70.6381010">
    <ele>1282.4</ele>
   </trkpt>
   <trkpt lat="-37.0833790" lon="-70.6381230">
    <ele>1282.6</ele>
   </trkpt>
   <trkpt lat="-37.0833870" lon="-70.6381600">
    <ele>1283.0</ele>
   </trkpt>
   <trkpt lat="-37.0833940" lon="-70.6381790">
    <ele>1283.4</ele>
   </trkpt>
   <trkpt lat="-37.0834060" lon="-70.6381960">
    <ele>1283.6</ele>
   </trkpt>
   <trkpt lat="-37.0834270" lon="-70.6382330">
    <ele>1284.2</ele>
   </trkpt>
   <trkpt lat="-37.0834330" lon="-70.6382500">
    <ele>1284.6</ele>
   </trkpt>
   <trkpt lat="-37.0834430" lon="-70.6382640">
    <ele>1284.8</ele>
   </trkpt>
   <trkpt lat="-37.0834530" lon="-70.6382770">
    <ele>1285.0</ele>
   </trkpt>
   <trkpt lat="-37.0834720" lon="-70.6382860">
    <ele>1285.2</ele>
   </trkpt>
   <trkpt lat="-37.0834920" lon="-70.6382990">
    <ele>1285.2</ele>
   </trkpt>
   <trkpt lat="-37.0835250" lon="-70.6383330">
    <ele>1285.6</ele>
   </trkpt>
   <trkpt lat="-37.0835400" lon="-70.6383460">
    <ele>1285.8</ele>
   </trkpt>
   <trkpt lat="-37.0835680" lon="-70.6383760">
    <ele>1286.4</ele>
   </trkpt>
   <trkpt lat="-37.0835830" lon="-70.6383930">
    <ele>1286.6</ele>
   </trkpt>
   <trkpt lat="-37.0835980" lon="-70.6384090">
    <ele>1286.8</ele>
   </trkpt>
   <trkpt lat="-37.0836150" lon="-70.6384200">
    <ele>1287.0</ele>
   </trkpt>
   <trkpt lat="-37.0836270" lon="-70.6384320">
    <ele>1287.2</ele>
   </trkpt>
   <trkpt lat="-37.0836440" lon="-70.6384410">
    <ele>1287.6</ele>
   </trkpt>
   <trkpt lat="-37.0836610" lon="-70.6384450">
    <ele>1288.0</ele>
   </trkpt>
   <trkpt lat="-37.0836940" lon="-70.6384580">
    <ele>1288.8</ele>
   </trkpt>
   <trkpt lat="-37.0837160" lon="-70.6384590">
    <ele>1289.0</ele>
   </trkpt>
   <trkpt lat="-37.0837350" lon="-70.6384640">
    <ele>1289.4</ele>
   </trkpt>
   <trkpt lat="-37.0837730" lon="-70.6384780">
    <ele>1289.6</ele>
   </trkpt>
   <trkpt lat="-37.0837730" lon="-70.6384780">
    <ele>1289.8</ele>
   </trkpt>
   <trkpt lat="-37.0837890" lon="-70.6384880">
    <ele>1290.2</ele>
   </trkpt>
   <trkpt lat="-37.0838340" lon="-70.6385250">
    <ele>1291.0</ele>
   </trkpt>
   <trkpt lat="-37.0838920" lon="-70.6385920">
    <ele>1291.8</ele>
   </trkpt>
   <trkpt lat="-37.0839040" lon="-70.6386140">
    <ele>1292.0</ele>
   </trkpt>
   <trkpt lat="-37.0839160" lon="-70.6386390">
    <ele>1292.4</ele>
   </trkpt>
   <trkpt lat="-37.0839300" lon="-70.6386630">
    <ele>1292.8</ele>
   </trkpt>
   <trkpt lat="-37.0839380" lon="-70.6386870">
    <ele>1293.2</ele>
   </trkpt>
   <trkpt lat="-37.0839480" lon="-70.6387120">
    <ele>1293.6</ele>
   </trkpt>
   <trkpt lat="-37.0839670" lon="-70.6387760">
    <ele>1293.8</ele>
   </trkpt>
   <trkpt lat="-37.0839810" lon="-70.6388650">
    <ele>1293.8</ele>
   </trkpt>
   <trkpt lat="-37.0839820" lon="-70.6389290">
    <ele>1293.6</ele>
   </trkpt>
   <trkpt lat="-37.0839440" lon="-70.6394490">
    <ele>1293.2</ele>
   </trkpt>
   <trkpt lat="-37.0838780" lon="-70.6399220">
    <ele>1291.2</ele>
   </trkpt>
   <trkpt lat="-37.0838050" lon="-70.6404090">
    <ele>1289.6</ele>
   </trkpt>
   <trkpt lat="-37.0837200" lon="-70.6408740">
    <ele>1288.2</ele>
   </trkpt>
   <trkpt lat="-37.0836370" lon="-70.6413520">
    <ele>1286.6</ele>
   </trkpt>
   <trkpt lat="-37.0835790" lon="-70.6418060">
    <ele>1285.2</ele>
   </trkpt>
   <trkpt lat="-37.0834960" lon="-70.6422610">
    <ele>1284.6</ele>
   </trkpt>
   <trkpt lat="-37.0834070" lon="-70.6427630">
    <ele>1281.8</ele>
   </trkpt>
   <trkpt lat="-37.0833170" lon="-70.6432140">
    <ele>1280.0</ele>
   </trkpt>
   <trkpt lat="-37.0832350" lon="-70.6436790">
    <ele>1278.2</ele>
   </trkpt>
   <trkpt lat="-37.0831370" lon="-70.6441900">
    <ele>1276.8</ele>
   </trkpt>
   <trkpt lat="-37.0829200" lon="-70.6446130">
    <ele>1275.4</ele>
   </trkpt>
   <trkpt lat="-37.0826630" lon="-70.6449610">
    <ele>1275.2</ele>
   </trkpt>
   <trkpt lat="-37.0823440" lon="-70.6453040">
    <ele>1275.2</ele>
   </trkpt>
   <trkpt lat="-37.0821520" lon="-70.6454650">
    <ele>1274.6</ele>
   </trkpt>
   <trkpt lat="-37.0821010" lon="-70.6455430">
    <ele>1274.6</ele>
   </trkpt>
   <trkpt lat="-37.0820700" lon="-70.6456210">
    <ele>1274.4</ele>
   </trkpt>
   <trkpt lat="-37.0818860" lon="-70.6460170">
    <ele>1274.4</ele>
   </trkpt>
   <trkpt lat="-37.0816380" lon="-70.6463820">
    <ele>1275.4</ele>
   </trkpt>
   <trkpt lat="-37.0814910" lon="-70.6466450">
    <ele>1276.4</ele>
   </trkpt>
   <trkpt lat="-37.0812020" lon="-70.6469800">
    <ele>1277.6</ele>
   </trkpt>
   <trkpt lat="-37.0808940" lon="-70.6472400">
    <ele>1276.8</ele>
   </trkpt>
   <trkpt lat="-37.0805250" lon="-70.6474560">
    <ele>1276.2</ele>
   </trkpt>
   <trkpt lat="-37.0801870" lon="-70.6475920">
    <ele>1277.4</ele>
   </trkpt>
   <trkpt lat="-37.0801480" lon="-70.6476030">
    <ele>1278.0</ele>
   </trkpt>
   <trkpt lat="-37.0801160" lon="-70.6476200">
    <ele>1278.4</ele>
   </trkpt>
   <trkpt lat="-37.0799630" lon="-70.6477290">
    <ele>1277.4</ele>
   </trkpt>
   <trkpt lat="-37.0795910" lon="-70.6479820">
    <ele>1274.8</ele>
   </trkpt>
   <trkpt lat="-37.0791700" lon="-70.6481670">
    <ele>1270.4</ele>
   </trkpt>
   <trkpt lat="-37.0788010" lon="-70.6482500">
    <ele>1264.8</ele>
   </trkpt>
   <trkpt lat="-37.0783700" lon="-70.6482770">
    <ele>1261.0</ele>
   </trkpt>
   <trkpt lat="-37.0779060" lon="-70.6482050">
    <ele>1257.2</ele>
   </trkpt>
   <trkpt lat="-37.0775440" lon="-70.6481040">
    <ele>1253.8</ele>
   </trkpt>
   <trkpt lat="-37.0773320" lon="-70.6480560">
    <ele>1252.0</ele>
   </trkpt>
   <trkpt lat="-37.0770840" lon="-70.6479590">
    <ele>1251.0</ele>
   </trkpt>
   <trkpt lat="-37.0768110" lon="-70.6477740">
    <ele>1252.4</ele>
   </trkpt>
   <trkpt lat="-37.0766910" lon="-70.6475830">
    <ele>1254.0</ele>
   </trkpt>
   <trkpt lat="-37.0765710" lon="-70.6474060">
    <ele>1255.6</ele>
   </trkpt>
   <trkpt lat="-37.0764490" lon="-70.6472350">
    <ele>1256.2</ele>
   </trkpt>
   <trkpt lat="-37.0764290" lon="-70.6472030">
    <ele>1256.6</ele>
   </trkpt>
   <trkpt lat="-37.0763820" lon="-70.6471190">
    <ele>1257.4</ele>
   </trkpt>
   <trkpt lat="-37.0763660" lon="-70.6470970">
    <ele>1257.8</ele>
   </trkpt>
   <trkpt lat="-37.0763340" lon="-70.6470440">
    <ele>1258.2</ele>
   </trkpt>
   <trkpt lat="-37.0763220" lon="-70.6470100">
    <ele>1258.2</ele>
   </trkpt>
   <trkpt lat="-37.0762700" lon="-70.6469210">
    <ele>1258.4</ele>
   </trkpt>
   <trkpt lat="-37.0762580" lon="-70.6468940">
    <ele>1258.6</ele>
   </trkpt>
   <trkpt lat="-37.0762410" lon="-70.6468690">
    <ele>1258.6</ele>
   </trkpt>
   <trkpt lat="-37.0762240" lon="-70.6468360">
    <ele>1258.8</ele>
   </trkpt>
   <trkpt lat="-37.0761550" lon="-70.6467270">
    <ele>1259.4</ele>
   </trkpt>
   <trkpt lat="-37.0761420" lon="-70.6466950">
    <ele>1259.4</ele>
   </trkpt>
   <trkpt lat="-37.0761230" lon="-70.6466650">
    <ele>1259.6</ele>
   </trkpt>
   <trkpt lat="-37.0759800" lon="-70.6464500">
    <ele>1260.2</ele>
   </trkpt>
   <trkpt lat="-37.0758870" lon="-70.6463150">
    <ele>1260.6</ele>
   </trkpt>
   <trkpt lat="-37.0758690" lon="-70.6462860">
    <ele>1260.8</ele>
   </trkpt>
   <trkpt lat="-37.0757660" lon="-70.6461390">
    <ele>1262.2</ele>
   </trkpt>
   <trkpt lat="-37.0757550" lon="-70.6461180">
    <ele>1262.4</ele>
   </trkpt>
   <trkpt lat="-37.0756510" lon="-70.6459720">
    <ele>1264.0</ele>
   </trkpt>
   <trkpt lat="-37.0756380" lon="-70.6459500">
    <ele>1264.0</ele>
   </trkpt>
   <trkpt lat="-37.0756300" lon="-70.6459250">
    <ele>1264.2</ele>
   </trkpt>
   <trkpt lat="-37.0756180" lon="-70.6459080">
    <ele>1264.4</ele>
   </trkpt>
   <trkpt lat="-37.0756090" lon="-70.6458970">
    <ele>1264.6</ele>
   </trkpt>
   <trkpt lat="-37.0755960" lon="-70.6458850">
    <ele>1265.0</ele>
   </trkpt>
   <trkpt lat="-37.0755830" lon="-70.6458660">
    <ele>1265.2</ele>
   </trkpt>
   <trkpt lat="-37.0755740" lon="-70.6458450">
    <ele>1265.4</ele>
   </trkpt>
   <trkpt lat="-37.0755600" lon="-70.6458280">
    <ele>1265.6</ele>
   </trkpt>
   <trkpt lat="-37.0755460" lon="-70.6458110">
    <ele>1265.8</ele>
   </trkpt>
   <trkpt lat="-37.0755130" lon="-70.6457640">
    <ele>1266.2</ele>
   </trkpt>
   <trkpt lat="-37.0754940" lon="-70.6457370">
    <ele>1266.4</ele>
   </trkpt>
   <trkpt lat="-37.0754600" lon="-70.6456770">
    <ele>1266.8</ele>
   </trkpt>
   <trkpt lat="-37.0754020" lon="-70.6455940">
    <ele>1267.4</ele>
   </trkpt>
   <trkpt lat="-37.0753860" lon="-70.6455640">
    <ele>1267.6</ele>
   </trkpt>
   <trkpt lat="-37.0753140" lon="-70.6454530">
    <ele>1268.4</ele>
   </trkpt>
   <trkpt lat="-37.0752660" lon="-70.6453760">
    <ele>1269.2</ele>
   </trkpt>
   <trkpt lat="-37.0751610" lon="-70.6452050">
    <ele>1270.8</ele>
   </trkpt>
   <trkpt lat="-37.0751480" lon="-70.6451750">
    <ele>1271.0</ele>
   </trkpt>
   <trkpt lat="-37.0751150" lon="-70.6451210">
    <ele>1271.4</ele>
   </trkpt>
   <trkpt lat="-37.0751050" lon="-70.6450900">
    <ele>1271.8</ele>
   </trkpt>
   <trkpt lat="-37.0750890" lon="-70.6450640">
    <ele>1272.0</ele>
   </trkpt>
   <trkpt lat="-37.0750080" lon="-70.6449000">
    <ele>1273.6</ele>
   </trkpt>
   <trkpt lat="-37.0749930" lon="-70.6448710">
    <ele>1273.8</ele>
   </trkpt>
   <trkpt lat="-37.0749660" lon="-70.6448180">
    <ele>1274.2</ele>
   </trkpt>
   <trkpt lat="-37.0749220" lon="-70.6447010">
    <ele>1275.4</ele>
   </trkpt>
   <trkpt lat="-37.0749200" lon="-70.6446740">
    <ele>1275.6</ele>
   </trkpt>
   <trkpt lat="-37.0749140" lon="-70.6446580">
    <ele>1275.8</ele>
   </trkpt>
   <trkpt lat="-37.0749090" lon="-70.6446360">
    <ele>1276.0</ele>
   </trkpt>
   <trkpt lat="-37.0748900" lon="-70.6446100">
    <ele>1276.2</ele>
   </trkpt>
   <trkpt lat="-37.0748800" lon="-70.6445720">
    <ele>1276.4</ele>
   </trkpt>
   <trkpt lat="-37.0748750" lon="-70.6445390">
    <ele>1276.6</ele>
   </trkpt>
   <trkpt lat="-37.0748770" lon="-70.6445030">
    <ele>1277.0</ele>
   </trkpt>
   <trkpt lat="-37.0748750" lon="-70.6444720">
    <ele>1277.4</ele>
   </trkpt>
   <trkpt lat="-37.0748700" lon="-70.6444160">
    <ele>1277.8</ele>
   </trkpt>
   <trkpt lat="-37.0748690" lon="-70.6443590">
    <ele>1278.4</ele>
   </trkpt>
   <trkpt lat="-37.0748760" lon="-70.6442820">
    <ele>1279.2</ele>
   </trkpt>
   <trkpt lat="-37.0748830" lon="-70.6441500">
    <ele>1280.4</ele>
   </trkpt>
   <trkpt lat="-37.0748800" lon="-70.6441230">
    <ele>1280.6</ele>
   </trkpt>
   <trkpt lat="-37.0748770" lon="-70.6440370">
    <ele>1281.2</ele>
   </trkpt>
   <trkpt lat="-37.0748710" lon="-70.6440110">
    <ele>1281.4</ele>
   </trkpt>
   <trkpt lat="-37.0748550" lon="-70.6439600">
    <ele>1281.8</ele>
   </trkpt>
   <trkpt lat="-37.0748000" lon="-70.6438560">
    <ele>1282.8</ele>
   </trkpt>
   <trkpt lat="-37.0747860" lon="-70.6438450">
    <ele>1283.0</ele>
   </trkpt>
   <trkpt lat="-37.0747690" lon="-70.6438310">
    <ele>1283.2</ele>
   </trkpt>
   <trkpt lat="-37.0747510" lon="-70.6438210">
    <ele>1283.2</ele>
   </trkpt>
   <trkpt lat="-37.0747330" lon="-70.6438070">
    <ele>1283.4</ele>
   </trkpt>
   <trkpt lat="-37.0747180" lon="-70.6437930">
    <ele>1283.6</ele>
   </trkpt>
   <trkpt lat="-37.0746830" lon="-70.6437630">
    <ele>1284.2</ele>
   </trkpt>
   <trkpt lat="-37.0746650" lon="-70.6437530">
    <ele>1284.4</ele>
   </trkpt>
   <trkpt lat="-37.0746490" lon="-70.6437410">
    <ele>1284.6</ele>
   </trkpt>
   <trkpt lat="-37.0745860" lon="-70.6437110">
    <ele>1285.2</ele>
   </trkpt>
   <trkpt lat="-37.0745400" lon="-70.6436980">
    <ele>1285.6</ele>
   </trkpt>
   <trkpt lat="-37.0745200" lon="-70.6436880">
    <ele>1285.8</ele>
   </trkpt>
   <trkpt lat="-37.0744960" lon="-70.6436830">
    <ele>1286.0</ele>
   </trkpt>
   <trkpt lat="-37.0743670" lon="-70.6436980">
    <ele>1287.2</ele>
   </trkpt>
   <trkpt lat="-37.0743500" lon="-70.6437120">
    <ele>1287.4</ele>
   </trkpt>
   <trkpt lat="-37.0742740" lon="-70.6437630">
    <ele>1288.0</ele>
   </trkpt>
   <trkpt lat="-37.0742350" lon="-70.6437960">
    <ele>1288.2</ele>
   </trkpt>
   <trkpt lat="-37.0741130" lon="-70.6439210">
    <ele>1289.2</ele>
   </trkpt>
   <trkpt lat="-37.0740970" lon="-70.6439390">
    <ele>1289.4</ele>
   </trkpt>
   <trkpt lat="-37.0740780" lon="-70.6439550">
    <ele>1289.4</ele>
   </trkpt>
   <trkpt lat="-37.0740610" lon="-70.6439720">
    <ele>1289.8</ele>
   </trkpt>
   <trkpt lat="-37.0739920" lon="-70.6440380">
    <ele>1290.8</ele>
   </trkpt>
   <trkpt lat="-37.0739740" lon="-70.6440510">
    <ele>1291.0</ele>
   </trkpt>
   <trkpt lat="-37.0739580" lon="-70.6440690">
    <ele>1291.2</ele>
   </trkpt>
   <trkpt lat="-37.0739390" lon="-70.6440810">
    <ele>1291.4</ele>
   </trkpt>
   <trkpt lat="-37.0739220" lon="-70.6440950">
    <ele>1291.8</ele>
   </trkpt>
   <trkpt lat="-37.0737810" lon="-70.6441980">
    <ele>1293.8</ele>
   </trkpt>
   <trkpt lat="-37.0737600" lon="-70.6442100">
    <ele>1294.0</ele>
   </trkpt>
   <trkpt lat="-37.0737220" lon="-70.6442370">
    <ele>1294.6</ele>
   </trkpt>
   <trkpt lat="-37.0736980" lon="-70.6442500">
    <ele>1294.6</ele>
   </trkpt>
   <trkpt lat="-37.0736780" lon="-70.6442700">
    <ele>1294.8</ele>
   </trkpt>
   <trkpt lat="-37.0736560" lon="-70.6442860">
    <ele>1295.0</ele>
   </trkpt>
   <trkpt lat="-37.0735340" lon="-70.6443810">
    <ele>1295.6</ele>
   </trkpt>
   <trkpt lat="-37.0735160" lon="-70.6443880">
    <ele>1295.8</ele>
   </trkpt>
   <trkpt lat="-37.0734270" lon="-70.6444390">
    <ele>1296.0</ele>
   </trkpt>
   <trkpt lat="-37.0734000" lon="-70.6444670">
    <ele>1296.2</ele>
   </trkpt>
   <trkpt lat="-37.0733720" lon="-70.6444840">
    <ele>1296.2</ele>
   </trkpt>
   <trkpt lat="-37.0733410" lon="-70.6444940">
    <ele>1296.4</ele>
   </trkpt>
   <trkpt lat="-37.0732790" lon="-70.6445150">
    <ele>1296.8</ele>
   </trkpt>
   <trkpt lat="-37.0731530" lon="-70.6445750">
    <ele>1297.6</ele>
   </trkpt>
   <trkpt lat="-37.0731240" lon="-70.6445920">
    <ele>1297.6</ele>
   </trkpt>
   <trkpt lat="-37.0730880" lon="-70.6446040">
    <ele>1297.8</ele>
   </trkpt>
   <trkpt lat="-37.0727290" lon="-70.6447460">
    <ele>1298.2</ele>
   </trkpt>
   <trkpt lat="-37.0723500" lon="-70.6447910">
    <ele>1299.6</ele>
   </trkpt>
   <trkpt lat="-37.0719840" lon="-70.6446540">
    <ele>1300.2</ele>
   </trkpt>
   <trkpt lat="-37.0719570" lon="-70.6446270">
    <ele>1300.4</ele>
   </trkpt>
   <trkpt lat="-37.0719050" lon="-70.6445840">
    <ele>1300.4</ele>
   </trkpt>
   <trkpt lat="-37.0718780" lon="-70.6445640">
    <ele>1300.8</ele>
   </trkpt>
   <trkpt lat="-37.0718550" lon="-70.6445380">
    <ele>1301.0</ele>
   </trkpt>
   <trkpt lat="-37.0717550" lon="-70.6444540">
    <ele>1301.6</ele>
   </trkpt>
   <trkpt lat="-37.0717230" lon="-70.6444380">
    <ele>1301.6</ele>
   </trkpt>
   <trkpt lat="-37.0716640" lon="-70.6443970">
    <ele>1301.8</ele>
   </trkpt>
   <trkpt lat="-37.0715770" lon="-70.6443030">
    <ele>1302.8</ele>
   </trkpt>
   <trkpt lat="-37.0715450" lon="-70.6442530">
    <ele>1303.2</ele>
   </trkpt>
   <trkpt lat="-37.0713790" lon="-70.6440030">
    <ele>1303.8</ele>
   </trkpt>
   <trkpt lat="-37.0712700" lon="-70.6438460">
    <ele>1304.4</ele>
   </trkpt>
   <trkpt lat="-37.0712440" lon="-70.6438140">
    <ele>1304.8</ele>
   </trkpt>
   <trkpt lat="-37.0711870" lon="-70.6437190">
    <ele>1305.2</ele>
   </trkpt>
   <trkpt lat="-37.0710360" lon="-70.6433650">
    <ele>1307.4</ele>
   </trkpt>
   <trkpt lat="-37.0710250" lon="-70.6433240">
    <ele>1307.6</ele>
   </trkpt>
   <trkpt lat="-37.0710020" lon="-70.6432810">
    <ele>1307.6</ele>
   </trkpt>
   <trkpt lat="-37.0709340" lon="-70.6431230">
    <ele>1308.2</ele>
   </trkpt>
   <trkpt lat="-37.0709210" lon="-70.6430810">
    <ele>1308.4</ele>
   </trkpt>
   <trkpt lat="-37.0709000" lon="-70.6430470">
    <ele>1308.6</ele>
   </trkpt>
   <trkpt lat="-37.0708120" lon="-70.6428850">
    <ele>1309.2</ele>
   </trkpt>
   <trkpt lat="-37.0708000" lon="-70.6428470">
    <ele>1309.4</ele>
   </trkpt>
   <trkpt lat="-37.0707580" lon="-70.6427390">
    <ele>1309.8</ele>
   </trkpt>
   <trkpt lat="-37.0707460" lon="-70.6427040">
    <ele>1309.8</ele>
   </trkpt>
   <trkpt lat="-37.0707260" lon="-70.6426660">
    <ele>1309.8</ele>
   </trkpt>
   <trkpt lat="-37.0707120" lon="-70.6426230">
    <ele>1310.0</ele>
   </trkpt>
   <trkpt lat="-37.0705980" lon="-70.6423850">
    <ele>1311.0</ele>
   </trkpt>
   <trkpt lat="-37.0705860" lon="-70.6423480">
    <ele>1311.2</ele>
   </trkpt>
   <trkpt lat="-37.0705710" lon="-70.6423180">
    <ele>1311.4</ele>
   </trkpt>
   <trkpt lat="-37.0705530" lon="-70.6422930">
    <ele>1311.6</ele>
   </trkpt>
   <trkpt lat="-37.0705360" lon="-70.6422630">
    <ele>1312.0</ele>
   </trkpt>
   <trkpt lat="-37.0705250" lon="-70.6422360">
    <ele>1312.4</ele>
   </trkpt>
   <trkpt lat="-37.0705110" lon="-70.6422140">
    <ele>1312.8</ele>
   </trkpt>
   <trkpt lat="-37.0704820" lon="-70.6421670">
    <ele>1313.4</ele>
   </trkpt>
   <trkpt lat="-37.0704680" lon="-70.6421460">
    <ele>1313.6</ele>
   </trkpt>
   <trkpt lat="-37.0704520" lon="-70.6421300">
    <ele>1313.8</ele>
   </trkpt>
   <trkpt lat="-37.0703700" lon="-70.6420520">
    <ele>1314.6</ele>
   </trkpt>
   <trkpt lat="-37.0703600" lon="-70.6420390">
    <ele>1314.8</ele>
   </trkpt>
   <trkpt lat="-37.0703400" lon="-70.6420220">
    <ele>1315.0</ele>
   </trkpt>
   <trkpt lat="-37.0703230" lon="-70.6419990">
    <ele>1315.4</ele>
   </trkpt>
   <trkpt lat="-37.0702970" lon="-70.6419570">
    <ele>1316.2</ele>
   </trkpt>
   <trkpt lat="-37.0702810" lon="-70.6419400">
    <ele>1316.4</ele>
   </trkpt>
   <trkpt lat="-37.0701840" lon="-70.6418350">
    <ele>1317.2</ele>
   </trkpt>
   <trkpt lat="-37.0701100" lon="-70.6417560">
    <ele>1317.8</ele>
   </trkpt>
   <trkpt lat="-37.0700960" lon="-70.6417340">
    <ele>1318.0</ele>
   </trkpt>
   <trkpt lat="-37.0700760" lon="-70.6417170">
    <ele>1318.2</ele>
   </trkpt>
   <trkpt lat="-37.0700380" lon="-70.6416790">
    <ele>1318.4</ele>
   </trkpt>
   <trkpt lat="-37.0700040" lon="-70.6416360">
    <ele>1318.6</ele>
   </trkpt>
   <trkpt lat="-37.0699450" lon="-70.6415810">
    <ele>1319.2</ele>
   </trkpt>
   <trkpt lat="-37.0699310" lon="-70.6415580">
    <ele>1319.4</ele>
   </trkpt>
   <trkpt lat="-37.0699140" lon="-70.6415400">
    <ele>1319.8</ele>
   </trkpt>
   <trkpt lat="-37.0698990" lon="-70.6415230">
    <ele>1320.0</ele>
   </trkpt>
   <trkpt lat="-37.0698670" lon="-70.6414880">
    <ele>1320.4</ele>
   </trkpt>
   <trkpt lat="-37.0698100" lon="-70.6414150">
    <ele>1321.6</ele>
   </trkpt>
   <trkpt lat="-37.0697910" lon="-70.6414020">
    <ele>1322.0</ele>
   </trkpt>
   <trkpt lat="-37.0697560" lon="-70.6413670">
    <ele>1322.6</ele>
   </trkpt>
   <trkpt lat="-37.0697420" lon="-70.6413460">
    <ele>1322.8</ele>
   </trkpt>
   <trkpt lat="-37.0697300" lon="-70.6413250">
    <ele>1322.8</ele>
   </trkpt>
   <trkpt lat="-37.0697150" lon="-70.6413120">
    <ele>1323.2</ele>
   </trkpt>
   <trkpt lat="-37.0696770" lon="-70.6412840">
    <ele>1323.8</ele>
   </trkpt>
   <trkpt lat="-37.0696570" lon="-70.6412740">
    <ele>1324.2</ele>
   </trkpt>
   <trkpt lat="-37.0696350" lon="-70.6412680">
    <ele>1324.2</ele>
   </trkpt>
   <trkpt lat="-37.0696120" lon="-70.6412680">
    <ele>1324.2</ele>
   </trkpt>
   <trkpt lat="-37.0695890" lon="-70.6412770">
    <ele>1324.2</ele>
   </trkpt>
   <trkpt lat="-37.0695310" lon="-70.6412960">
    <ele>1324.4</ele>
   </trkpt>
   <trkpt lat="-37.0695110" lon="-70.6413170">
    <ele>1324.2</ele>
   </trkpt>
   <trkpt lat="-37.0694910" lon="-70.6413400">
    <ele>1324.4</ele>
   </trkpt>
   <trkpt lat="-37.0694730" lon="-70.6413700">
    <ele>1324.4</ele>
   </trkpt>
   <trkpt lat="-37.0694600" lon="-70.6414050">
    <ele>1324.2</ele>
   </trkpt>
   <trkpt lat="-37.0694530" lon="-70.6414410">
    <ele>1324.2</ele>
   </trkpt>
   <trkpt lat="-37.0694460" lon="-70.6414760">
    <ele>1324.6</ele>
   </trkpt>
   <trkpt lat="-37.0694480" lon="-70.6415100">
    <ele>1324.6</ele>
   </trkpt>
   <trkpt lat="-37.0694550" lon="-70.6415870">
    <ele>1324.8</ele>
   </trkpt>
   <trkpt lat="-37.0694590" lon="-70.6416180">
    <ele>1324.8</ele>
   </trkpt>
   <trkpt lat="-37.0694690" lon="-70.6416410">
    <ele>1324.8</ele>
   </trkpt>
   <trkpt lat="-37.0694740" lon="-70.6416700">
    <ele>1325.0</ele>
   </trkpt>
   <trkpt lat="-37.0694850" lon="-70.6416990">
    <ele>1324.8</ele>
   </trkpt>
   <trkpt lat="-37.0695010" lon="-70.6417210">
    <ele>1324.8</ele>
   </trkpt>
   <trkpt lat="-37.0695600" lon="-70.6417970">
    <ele>1324.8</ele>
   </trkpt>
   <trkpt lat="-37.0695720" lon="-70.6418300">
    <ele>1325.0</ele>
   </trkpt>
   <trkpt lat="-37.0695870" lon="-70.6418620">
    <ele>1325.0</ele>
   </trkpt>
   <trkpt lat="-37.0695990" lon="-70.6419020">
    <ele>1325.0</ele>
   </trkpt>
   <trkpt lat="-37.0696140" lon="-70.6419310">
    <ele>1325.0</ele>
   </trkpt>
   <trkpt lat="-37.0696220" lon="-70.6419640">
    <ele>1325.4</ele>
   </trkpt>
   <trkpt lat="-37.0696460" lon="-70.6420550">
    <ele>1325.6</ele>
   </trkpt>
   <trkpt lat="-37.0696630" lon="-70.6420830">
    <ele>1325.4</ele>
   </trkpt>
   <trkpt lat="-37.0696690" lon="-70.6421190">
    <ele>1325.4</ele>
   </trkpt>
   <trkpt lat="-37.0697210" lon="-70.6422810">
    <ele>1324.8</ele>
   </trkpt>
   <trkpt lat="-37.0697490" lon="-70.6423220">
    <ele>1324.2</ele>
   </trkpt>
   <trkpt lat="-37.0698580" lon="-70.6425240">
    <ele>1322.4</ele>
   </trkpt>
   <trkpt lat="-37.0699170" lon="-70.6430250">
    <ele>1317.8</ele>
   </trkpt>
   <trkpt lat="-37.0699310" lon="-70.6435180">
    <ele>1311.4</ele>
   </trkpt>
   <trkpt lat="-37.0699120" lon="-70.6438140">
    <ele>1306.4</ele>
   </trkpt>
   <trkpt lat="-37.0698820" lon="-70.6439120">
    <ele>1305.2</ele>
   </trkpt>
   <trkpt lat="-37.0698400" lon="-70.6439970">
    <ele>1304.2</ele>
   </trkpt>
   <trkpt lat="-37.0697540" lon="-70.6441510">
    <ele>1302.0</ele>
   </trkpt>
   <trkpt lat="-37.0697000" lon="-70.6442030">
    <ele>1300.6</ele>
   </trkpt>
   <trkpt lat="-37.0696360" lon="-70.6442340">
    <ele>1299.6</ele>
   </trkpt>
   <trkpt lat="-37.0695700" lon="-70.6442480">
    <ele>1298.6</ele>
   </trkpt>
   <trkpt lat="-37.0695010" lon="-70.6442500">
    <ele>1298.2</ele>
   </trkpt>
   <trkpt lat="-37.0694350" lon="-70.6442360">
    <ele>1297.8</ele>
   </trkpt>
   <trkpt lat="-37.0693070" lon="-70.6442120">
    <ele>1297.6</ele>
   </trkpt>
   <trkpt lat="-37.0692340" lon="-70.6442210">
    <ele>1297.4</ele>
   </trkpt>
   <trkpt lat="-37.0690770" lon="-70.6442220">
    <ele>1295.8</ele>
   </trkpt>
   <trkpt lat="-37.0690000" lon="-70.6441990">
    <ele>1294.8</ele>
   </trkpt>
   <trkpt lat="-37.0686520" lon="-70.6440780">
    <ele>1290.8</ele>
   </trkpt>
   <trkpt lat="-37.0682760" lon="-70.6439520">
    <ele>1286.2</ele>
   </trkpt>
   <trkpt lat="-37.0678730" lon="-70.6438540">
    <ele>1283.0</ele>
   </trkpt>
   <trkpt lat="-37.0674810" lon="-70.6436770">
    <ele>1277.8</ele>
   </trkpt>
   <trkpt lat="-37.0673750" lon="-70.6435830">
    <ele>1277.2</ele>
   </trkpt>
   <trkpt lat="-37.0673250" lon="-70.6435890">
    <ele>1276.2</ele>
   </trkpt>
   <trkpt lat="-37.0672840" lon="-70.6436250">
    <ele>1275.4</ele>
   </trkpt>
   <trkpt lat="-37.0672600" lon="-70.6436900">
    <ele>1274.8</ele>
   </trkpt>
   <trkpt lat="-37.0670960" lon="-70.6440510">
    <ele>1274.0</ele>
   </trkpt>
   <trkpt lat="-37.0670590" lon="-70.6440830">
    <ele>1274.2</ele>
   </trkpt>
   <trkpt lat="-37.0670230" lon="-70.6441010">
    <ele>1274.2</ele>
   </trkpt>
   <trkpt lat="-37.0669860" lon="-70.6440900">
    <ele>1274.4</ele>
   </trkpt>
   <trkpt lat="-37.0669500" lon="-70.6440650">
    <ele>1274.6</ele>
   </trkpt>
   <trkpt lat="-37.0666910" lon="-70.6438830">
    <ele>1273.4</ele>
   </trkpt>
   <trkpt lat="-37.0666320" lon="-70.6438980">
    <ele>1273.0</ele>
   </trkpt>
   <trkpt lat="-37.0665820" lon="-70.6439220">
    <ele>1272.8</ele>
   </trkpt>
   <trkpt lat="-37.0665330" lon="-70.6439410">
    <ele>1272.6</ele>
   </trkpt>
   <trkpt lat="-37.0664790" lon="-70.6439370">
    <ele>1272.6</ele>
   </trkpt>
   <trkpt lat="-37.0664270" lon="-70.6439010">
    <ele>1272.4</ele>
   </trkpt>
   <trkpt lat="-37.0663220" lon="-70.6438090">
    <ele>1271.6</ele>
   </trkpt>
   <trkpt lat="-37.0662660" lon="-70.6437910">
    <ele>1271.4</ele>
   </trkpt>
   <trkpt lat="-37.0662150" lon="-70.6438170">
    <ele>1271.2</ele>
   </trkpt>
   <trkpt lat="-37.0661790" lon="-70.6438720">
    <ele>1271.0</ele>
   </trkpt>
   <trkpt lat="-37.0661600" lon="-70.6439310">
    <ele>1270.8</ele>
   </trkpt>
   <trkpt lat="-37.0661530" lon="-70.6439990">
    <ele>1270.8</ele>
   </trkpt>
   <trkpt lat="-37.0661390" lon="-70.6441890">
    <ele>1270.6</ele>
   </trkpt>
   <trkpt lat="-37.0661170" lon="-70.6442510">
    <ele>1270.2</ele>
   </trkpt>
   <trkpt lat="-37.0660210" lon="-70.6445340">
    <ele>1269.6</ele>
   </trkpt>
   <trkpt lat="-37.0659010" lon="-70.6448550">
    <ele>1269.6</ele>
   </trkpt>
   <trkpt lat="-37.0658550" lon="-70.6449030">
    <ele>1269.4</ele>
   </trkpt>
   <trkpt lat="-37.0655260" lon="-70.6451900">
    <ele>1268.6</ele>
   </trkpt>
   <trkpt lat="-37.0654060" lon="-70.6453040">
    <ele>1267.0</ele>
   </trkpt>
   <trkpt lat="-37.0653660" lon="-70.6453830">
    <ele>1266.0</ele>
   </trkpt>
   <trkpt lat="-37.0653410" lon="-70.6454630">
    <ele>1265.8</ele>
   </trkpt>
   <trkpt lat="-37.0651580" lon="-70.6459080">
    <ele>1263.6</ele>
   </trkpt>
   <trkpt lat="-37.0649020" lon="-70.6463470">
    <ele>1261.2</ele>
   </trkpt>
   <trkpt lat="-37.0647620" lon="-70.6465840">
    <ele>1260.0</ele>
   </trkpt>
   <trkpt lat="-37.0647080" lon="-70.6466480">
    <ele>1259.2</ele>
   </trkpt>
   <trkpt lat="-37.0646570" lon="-70.6467220">
    <ele>1258.4</ele>
   </trkpt>
   <trkpt lat="-37.0646210" lon="-70.6468060">
    <ele>1257.6</ele>
   </trkpt>
   <trkpt lat="-37.0644620" lon="-70.6472650">
    <ele>1254.8</ele>
   </trkpt>
   <trkpt lat="-37.0642900" lon="-70.6477180">
    <ele>1252.8</ele>
   </trkpt>
   <trkpt lat="-37.0642650" lon="-70.6478170">
    <ele>1252.2</ele>
   </trkpt>
   <trkpt lat="-37.0642080" lon="-70.6480790">
    <ele>1251.6</ele>
   </trkpt>
   <trkpt lat="-37.0640330" lon="-70.6485090">
    <ele>1250.6</ele>
   </trkpt>
   <trkpt lat="-37.0638680" lon="-70.6489300">
    <ele>1249.4</ele>
   </trkpt>
   <trkpt lat="-37.0636570" lon="-70.6493270">
    <ele>1248.4</ele>
   </trkpt>
   <trkpt lat="-37.0634180" lon="-70.6496720">
    <ele>1247.2</ele>
   </trkpt>
   <trkpt lat="-37.0631230" lon="-70.6500350">
    <ele>1245.0</ele>
   </trkpt>
   <trkpt lat="-37.0627930" lon="-70.6503940">
    <ele>1243.0</ele>
   </trkpt>
   <trkpt lat="-37.0626980" lon="-70.6505640">
    <ele>1242.2</ele>
   </trkpt>
   <trkpt lat="-37.0626640" lon="-70.6506610">
    <ele>1241.4</ele>
   </trkpt>
   <trkpt lat="-37.0625440" lon="-70.6511510">
    <ele>1240.2</ele>
   </trkpt>
   <trkpt lat="-37.0623610" lon="-70.6516260">
    <ele>1238.4</ele>
   </trkpt>
   <trkpt lat="-37.0622110" lon="-70.6520210">
    <ele>1236.2</ele>
   </trkpt>
   <trkpt lat="-37.0622050" lon="-70.6521300">
    <ele>1236.0</ele>
   </trkpt>
   <trkpt lat="-37.0622170" lon="-70.6522380">
    <ele>1236.0</ele>
   </trkpt>
   <trkpt lat="-37.0622180" lon="-70.6527290">
    <ele>1236.0</ele>
   </trkpt>
   <trkpt lat="-37.0621920" lon="-70.6532290">
    <ele>1233.8</ele>
   </trkpt>
   <trkpt lat="-37.0622280" lon="-70.6534330">
    <ele>1233.2</ele>
   </trkpt>
   <trkpt lat="-37.0623750" lon="-70.6539360">
    <ele>1229.8</ele>
   </trkpt>
   <trkpt lat="-37.0625340" lon="-70.6543430">
    <ele>1228.0</ele>
   </trkpt>
   <trkpt lat="-37.0627240" lon="-70.6548040">
    <ele>1225.6</ele>
   </trkpt>
   <trkpt lat="-37.0628110" lon="-70.6550810">
    <ele>1223.8</ele>
   </trkpt>
   <trkpt lat="-37.0628260" lon="-70.6552790">
    <ele>1221.8</ele>
   </trkpt>
   <trkpt lat="-37.0628120" lon="-70.6553710">
    <ele>1221.6</ele>
   </trkpt>
   <trkpt lat="-37.0626960" lon="-70.6558300">
    <ele>1218.8</ele>
   </trkpt>
   <trkpt lat="-37.0625500" lon="-70.6563230">
    <ele>1216.2</ele>
   </trkpt>
   <trkpt lat="-37.0624080" lon="-70.6567760">
    <ele>1215.2</ele>
   </trkpt>
   <trkpt lat="-37.0621640" lon="-70.6572230">
    <ele>1214.6</ele>
   </trkpt>
   <trkpt lat="-37.0619160" lon="-70.6576610">
    <ele>1213.2</ele>
   </trkpt>
   <trkpt lat="-37.0617390" lon="-70.6581220">
    <ele>1210.6</ele>
   </trkpt>
   <trkpt lat="-37.0616060" lon="-70.6584490">
    <ele>1206.2</ele>
   </trkpt>
   <trkpt lat="-37.0615540" lon="-70.6585000">
    <ele>1205.6</ele>
   </trkpt>
   <trkpt lat="-37.0614980" lon="-70.6585370">
    <ele>1205.2</ele>
   </trkpt>
   <trkpt lat="-37.0614360" lon="-70.6585550">
    <ele>1204.2</ele>
   </trkpt>
   <trkpt lat="-37.0611050" lon="-70.6585740">
    <ele>1200.8</ele>
   </trkpt>
   <trkpt lat="-37.0606710" lon="-70.6585600">
    <ele>1196.0</ele>
   </trkpt>
   <trkpt lat="-37.0602950" lon="-70.6586130">
    <ele>1193.4</ele>
   </trkpt>
   <trkpt lat="-37.0599130" lon="-70.6587030">
    <ele>1190.6</ele>
   </trkpt>
   <trkpt lat="-37.0594810" lon="-70.6587510">
    <ele>1187.0</ele>
   </trkpt>
   <trkpt lat="-37.0591050" lon="-70.6588110">
    <ele>1184.0</ele>
   </trkpt>
   <trkpt lat="-37.0590160" lon="-70.6588020">
    <ele>1183.6</ele>
   </trkpt>
   <trkpt lat="-37.0589320" lon="-70.6587720">
    <ele>1183.6</ele>
   </trkpt>
   <trkpt lat="-37.0588540" lon="-70.6587250">
    <ele>1183.2</ele>
   </trkpt>
   <trkpt lat="-37.0587860" lon="-70.6586620">
    <ele>1182.6</ele>
   </trkpt>
   <trkpt lat="-37.0587280" lon="-70.6585850">
    <ele>1181.4</ele>
   </trkpt>
   <trkpt lat="-37.0585910" lon="-70.6583150">
    <ele>1178.8</ele>
   </trkpt>
   <trkpt lat="-37.0585090" lon="-70.6578760">
    <ele>1175.6</ele>
   </trkpt>
   <trkpt lat="-37.0584470" lon="-70.6573810">
    <ele>1174.2</ele>
   </trkpt>
   <trkpt lat="-37.0582800" lon="-70.6569370">
    <ele>1170.8</ele>
   </trkpt>
   <trkpt lat="-37.0580030" lon="-70.6565600">
    <ele>1167.4</ele>
   </trkpt>
   <trkpt lat="-37.0577950" lon="-70.6560690">
    <ele>1164.8</ele>
   </trkpt>
   <trkpt lat="-37.0577810" lon="-70.6559660">
    <ele>1164.0</ele>
   </trkpt>
   <trkpt lat="-37.0577790" lon="-70.6558600">
    <ele>1163.2</ele>
   </trkpt>
   <trkpt lat="-37.0577920" lon="-70.6557490">
    <ele>1162.4</ele>
   </trkpt>
   <trkpt lat="-37.0578290" lon="-70.6553360">
    <ele>1159.6</ele>
   </trkpt>
   <trkpt lat="-37.0578160" lon="-70.6552620">
    <ele>1159.0</ele>
   </trkpt>
   <trkpt lat="-37.0577910" lon="-70.6552010">
    <ele>1159.0</ele>
   </trkpt>
   <trkpt lat="-37.0577450" lon="-70.6551570">
    <ele>1158.8</ele>
   </trkpt>
   <trkpt lat="-37.0576870" lon="-70.6551490">
    <ele>1158.6</ele>
   </trkpt>
   <trkpt lat="-37.0576280" lon="-70.6551530">
    <ele>1158.2</ele>
   </trkpt>
   <trkpt lat="-37.0575730" lon="-70.6551690">
    <ele>1158.4</ele>
   </trkpt>
   <trkpt lat="-37.0575290" lon="-70.6552070">
    <ele>1158.2</ele>
   </trkpt>
   <trkpt lat="-37.0574930" lon="-70.6552650">
    <ele>1158.2</ele>
   </trkpt>
   <trkpt lat="-37.0574680" lon="-70.6553340">
    <ele>1158.2</ele>
   </trkpt>
   <trkpt lat="-37.0574540" lon="-70.6554020">
    <ele>1158.2</ele>
   </trkpt>
   <trkpt lat="-37.0574340" lon="-70.6555410">
    <ele>1158.2</ele>
   </trkpt>
   <trkpt lat="-37.0574080" lon="-70.6556070">
    <ele>1158.6</ele>
   </trkpt>
   <trkpt lat="-37.0572430" lon="-70.6560720">
    <ele>1160.0</ele>
   </trkpt>
   <trkpt lat="-37.0571360" lon="-70.6564860">
    <ele>1161.2</ele>
   </trkpt>
   <trkpt lat="-37.0571210" lon="-70.6569360">
    <ele>1164.0</ele>
   </trkpt>
   <trkpt lat="-37.0571060" lon="-70.6571040">
    <ele>1164.6</ele>
   </trkpt>
   <trkpt lat="-37.0571170" lon="-70.6572490">
    <ele>1165.4</ele>
   </trkpt>
   <trkpt lat="-37.0571310" lon="-70.6575560">
    <ele>1166.4</ele>
   </trkpt>
   <trkpt lat="-37.0571250" lon="-70.6576010">
    <ele>1166.6</ele>
   </trkpt>
   <trkpt lat="-37.0571280" lon="-70.6576490">
    <ele>1167.0</ele>
   </trkpt>
   <trkpt lat="-37.0571350" lon="-70.6576900">
    <ele>1167.4</ele>
   </trkpt>
   <trkpt lat="-37.0571340" lon="-70.6577300">
    <ele>1167.8</ele>
   </trkpt>
   <trkpt lat="-37.0571130" lon="-70.6579570">
    <ele>1168.6</ele>
   </trkpt>
   <trkpt lat="-37.0570680" lon="-70.6581930">
    <ele>1169.4</ele>
   </trkpt>
   <trkpt lat="-37.0570570" lon="-70.6582330">
    <ele>1169.4</ele>
   </trkpt>
   <trkpt lat="-37.0569960" lon="-70.6585560">
    <ele>1169.8</ele>
   </trkpt>
   <trkpt lat="-37.0569870" lon="-70.6587290">
    <ele>1169.8</ele>
   </trkpt>
   <trkpt lat="-37.0568910" lon="-70.6591760">
    <ele>1170.6</ele>
   </trkpt>
   <trkpt lat="-37.0568600" lon="-70.6592570">
    <ele>1170.6</ele>
   </trkpt>
   <trkpt lat="-37.0567870" lon="-70.6593930">
    <ele>1171.4</ele>
   </trkpt>
   <trkpt lat="-37.0566940" lon="-70.6595030">
    <ele>1172.4</ele>
   </trkpt>
   <trkpt lat="-37.0564820" lon="-70.6596660">
    <ele>1171.8</ele>
   </trkpt>
   <trkpt lat="-37.0563760" lon="-70.6597530">
    <ele>1172.4</ele>
   </trkpt>
   <trkpt lat="-37.0563490" lon="-70.6597740">
    <ele>1172.4</ele>
   </trkpt>
   <trkpt lat="-37.0562930" lon="-70.6598130">
    <ele>1172.8</ele>
   </trkpt>
   <trkpt lat="-37.0562520" lon="-70.6598320">
    <ele>1172.8</ele>
   </trkpt>
   <trkpt lat="-37.0562320" lon="-70.6598510">
    <ele>1172.8</ele>
   </trkpt>
   <trkpt lat="-37.0562100" lon="-70.6598680">
    <ele>1173.0</ele>
   </trkpt>
   <trkpt lat="-37.0561840" lon="-70.6598790">
    <ele>1173.0</ele>
   </trkpt>
   <trkpt lat="-37.0561630" lon="-70.6598910">
    <ele>1173.4</ele>
   </trkpt>
   <trkpt lat="-37.0561020" lon="-70.6599340">
    <ele>1174.0</ele>
   </trkpt>
   <trkpt lat="-37.0560490" lon="-70.6599720">
    <ele>1174.4</ele>
   </trkpt>
   <trkpt lat="-37.0559660" lon="-70.6600140">
    <ele>1175.2</ele>
   </trkpt>
   <trkpt lat="-37.0559340" lon="-70.6600240">
    <ele>1175.6</ele>
   </trkpt>
   <trkpt lat="-37.0559010" lon="-70.6600420">
    <ele>1176.0</ele>
   </trkpt>
   <trkpt lat="-37.0557900" lon="-70.6600960">
    <ele>1175.8</ele>
   </trkpt>
   <trkpt lat="-37.0557450" lon="-70.6601060">
    <ele>1175.8</ele>
   </trkpt>
   <trkpt lat="-37.0554780" lon="-70.6601830">
    <ele>1176.2</ele>
   </trkpt>
   <trkpt lat="-37.0551170" lon="-70.6602540">
    <ele>1174.8</ele>
   </trkpt>
   <trkpt lat="-37.0547590" lon="-70.6603360">
    <ele>1174.0</ele>
   </trkpt>
   <trkpt lat="-37.0545560" lon="-70.6603830">
    <ele>1173.8</ele>
   </trkpt>
   <trkpt lat="-37.0545060" lon="-70.6604000">
    <ele>1173.6</ele>
   </trkpt>
   <trkpt lat="-37.0543490" lon="-70.6604420">
    <ele>1173.6</ele>
   </trkpt>
   <trkpt lat="-37.0542500" lon="-70.6604670">
    <ele>1173.6</ele>
   </trkpt>
   <trkpt lat="-37.0542020" lon="-70.6604770">
    <ele>1173.8</ele>
   </trkpt>
   <trkpt lat="-37.0541530" lon="-70.6604870">
    <ele>1173.8</ele>
   </trkpt>
   <trkpt lat="-37.0541050" lon="-70.6604960">
    <ele>1174.0</ele>
   </trkpt>
   <trkpt lat="-37.0540560" lon="-70.6605040">
    <ele>1173.8</ele>
   </trkpt>
   <trkpt lat="-37.0538430" lon="-70.6605350">
    <ele>1173.6</ele>
   </trkpt>
   <trkpt lat="-37.0534570" lon="-70.6606670">
    <ele>1173.6</ele>
   </trkpt>
   <trkpt lat="-37.0531040" lon="-70.6608290">
    <ele>1173.6</ele>
   </trkpt>
   <trkpt lat="-37.0527500" lon="-70.6609380">
    <ele>1174.2</ele>
   </trkpt>
   <trkpt lat="-37.0524310" lon="-70.6610090">
    <ele>1173.6</ele>
   </trkpt>
   <trkpt lat="-37.0523390" lon="-70.6610380">
    <ele>1173.2</ele>
   </trkpt>
   <trkpt lat="-37.0520020" lon="-70.6611220">
    <ele>1174.4</ele>
   </trkpt>
   <trkpt lat="-37.0518310" lon="-70.6611740">
    <ele>1174.2</ele>
   </trkpt>
   <trkpt lat="-37.0514660" lon="-70.6612800">
    <ele>1175.2</ele>
   </trkpt>
   <trkpt lat="-37.0512670" lon="-70.6613290">
    <ele>1175.4</ele>
   </trkpt>
   <trkpt lat="-37.0512280" lon="-70.6613410">
    <ele>1175.6</ele>
   </trkpt>
   <trkpt lat="-37.0511870" lon="-70.6613450">
    <ele>1175.6</ele>
   </trkpt>
   <trkpt lat="-37.0508310" lon="-70.6614420">
    <ele>1175.6</ele>
   </trkpt>
   <trkpt lat="-37.0505490" lon="-70.6615210">
    <ele>1175.0</ele>
   </trkpt>
   <trkpt lat="-37.0501840" lon="-70.6616200">
    <ele>1174.6</ele>
   </trkpt>
   <trkpt lat="-37.0498240" lon="-70.6617400">
    <ele>1175.0</ele>
   </trkpt>
   <trkpt lat="-37.0494640" lon="-70.6618990">
    <ele>1173.4</ele>
   </trkpt>
   <trkpt lat="-37.0490880" lon="-70.6620570">
    <ele>1173.8</ele>
   </trkpt>
   <trkpt lat="-37.0486920" lon="-70.6621690">
    <ele>1173.8</ele>
   </trkpt>
   <trkpt lat="-37.0483360" lon="-70.6622650">
    <ele>1172.4</ele>
   </trkpt>
   <trkpt lat="-37.0479290" lon="-70.6623420">
    <ele>1169.8</ele>
   </trkpt>
   <trkpt lat="-37.0475520" lon="-70.6624320">
    <ele>1166.4</ele>
   </trkpt>
   <trkpt lat="-37.0471760" lon="-70.6625280">
    <ele>1164.6</ele>
   </trkpt>
   <trkpt lat="-37.0467380" lon="-70.6626260">
    <ele>1160.2</ele>
   </trkpt>
   <trkpt lat="-37.0463770" lon="-70.6626920">
    <ele>1158.4</ele>
   </trkpt>
   <trkpt lat="-37.0460160" lon="-70.6627150">
    <ele>1156.2</ele>
   </trkpt>
   <trkpt lat="-37.0456310" lon="-70.6626730">
    <ele>1152.6</ele>
   </trkpt>
   <trkpt lat="-37.0454510" lon="-70.6626640">
    <ele>1150.2</ele>
   </trkpt>
   <trkpt lat="-37.0453530" lon="-70.6626860">
    <ele>1148.8</ele>
   </trkpt>
   <trkpt lat="-37.0449520" lon="-70.6628150">
    <ele>1144.6</ele>
   </trkpt>
   <trkpt lat="-37.0445530" lon="-70.6629230">
    <ele>1140.8</ele>
   </trkpt>
   <trkpt lat="-37.0441600" lon="-70.6631360">
    <ele>1136.8</ele>
   </trkpt>
   <trkpt lat="-37.0438090" lon="-70.6632970">
    <ele>1131.0</ele>
   </trkpt>
   <trkpt lat="-37.0436440" lon="-70.6633110">
    <ele>1128.2</ele>
   </trkpt>
   <trkpt lat="-37.0435500" lon="-70.6632970">
    <ele>1126.6</ele>
   </trkpt>
   <trkpt lat="-37.0434500" lon="-70.6632600">
    <ele>1124.8</ele>
   </trkpt>
   <trkpt lat="-37.0430680" lon="-70.6631330">
    <ele>1122.0</ele>
   </trkpt>
   <trkpt lat="-37.0428490" lon="-70.6630720">
    <ele>1120.4</ele>
   </trkpt>
   <trkpt lat="-37.0427790" lon="-70.6630900">
    <ele>1120.0</ele>
   </trkpt>
   <trkpt lat="-37.0425530" lon="-70.6631530">
    <ele>1118.8</ele>
   </trkpt>
   <trkpt lat="-37.0424770" lon="-70.6631540">
    <ele>1118.6</ele>
   </trkpt>
   <trkpt lat="-37.0423410" lon="-70.6631310">
    <ele>1117.0</ele>
   </trkpt>
   <trkpt lat="-37.0422790" lon="-70.6631020">
    <ele>1117.4</ele>
   </trkpt>
   <trkpt lat="-37.0421110" lon="-70.6630450">
    <ele>1116.4</ele>
   </trkpt>
   <trkpt lat="-37.0417410" lon="-70.6629160">
    <ele>1116.0</ele>
   </trkpt>
   <trkpt lat="-37.0416510" lon="-70.6629010">
    <ele>1116.2</ele>
   </trkpt>
   <trkpt lat="-37.0416030" lon="-70.6629070">
    <ele>1116.0</ele>
   </trkpt>
   <trkpt lat="-37.0414480" lon="-70.6629130">
    <ele>1115.4</ele>
   </trkpt>
   <trkpt lat="-37.0413960" lon="-70.6629150">
    <ele>1115.0</ele>
   </trkpt>
   <trkpt lat="-37.0410610" lon="-70.6629310">
    <ele>1115.2</ele>
   </trkpt>
   <trkpt lat="-37.0409750" lon="-70.6629300">
    <ele>1115.4</ele>
   </trkpt>
   <trkpt lat="-37.0406530" lon="-70.6629530">
    <ele>1115.4</ele>
   </trkpt>
   <trkpt lat="-37.0402910" lon="-70.6629060">
    <ele>1118.0</ele>
   </trkpt>
   <trkpt lat="-37.0402340" lon="-70.6628920">
    <ele>1119.4</ele>
   </trkpt>
   <trkpt lat="-37.0401440" lon="-70.6628650">
    <ele>1120.4</ele>
   </trkpt>
   <trkpt lat="-37.0401210" lon="-70.6628770">
    <ele>1120.8</ele>
   </trkpt>
   <trkpt lat="-37.0401050" lon="-70.6628740">
    <ele>1121.2</ele>
   </trkpt>
   <trkpt lat="-37.0400910" lon="-70.6628650">
    <ele>1121.6</ele>
   </trkpt>
   <trkpt lat="-37.0400680" lon="-70.6628640">
    <ele>1121.8</ele>
   </trkpt>
   <trkpt lat="-37.0400210" lon="-70.6628560">
    <ele>1122.2</ele>
   </trkpt>
   <trkpt lat="-37.0399980" lon="-70.6628480">
    <ele>1122.8</ele>
   </trkpt>
   <trkpt lat="-37.0399580" lon="-70.6628300">
    <ele>1124.0</ele>
   </trkpt>
   <trkpt lat="-37.0399300" lon="-70.6628320">
    <ele>1124.6</ele>
   </trkpt>
   <trkpt lat="-37.0399050" lon="-70.6628250">
    <ele>1125.0</ele>
   </trkpt>
   <trkpt lat="-37.0398610" lon="-70.6628150">
    <ele>1125.8</ele>
   </trkpt>
   <trkpt lat="-37.0398430" lon="-70.6627990">
    <ele>1126.0</ele>
   </trkpt>
   <trkpt lat="-37.0398230" lon="-70.6627890">
    <ele>1126.4</ele>
   </trkpt>
   <trkpt lat="-37.0395830" lon="-70.6626330">
    <ele>1128.0</ele>
   </trkpt>
   <trkpt lat="-37.0394740" lon="-70.6625550">
    <ele>1128.0</ele>
   </trkpt>
   <trkpt lat="-37.0394440" lon="-70.6625430">
    <ele>1128.0</ele>
   </trkpt>
   <trkpt lat="-37.0394150" lon="-70.6625200">
    <ele>1128.0</ele>
   </trkpt>
   <trkpt lat="-37.0393130" lon="-70.6624340">
    <ele>1128.2</ele>
   </trkpt>
   <trkpt lat="-37.0392920" lon="-70.6624090">
    <ele>1128.4</ele>
   </trkpt>
   <trkpt lat="-37.0392700" lon="-70.6623920">
    <ele>1128.4</ele>
   </trkpt>
   <trkpt lat="-37.0392460" lon="-70.6623670">
    <ele>1128.6</ele>
   </trkpt>
   <trkpt lat="-37.0392190" lon="-70.6623540">
    <ele>1128.6</ele>
   </trkpt>
   <trkpt lat="-37.0391940" lon="-70.6623280">
    <ele>1128.6</ele>
   </trkpt>
   <trkpt lat="-37.0390910" lon="-70.6622420">
    <ele>1129.0</ele>
   </trkpt>
   <trkpt lat="-37.0390650" lon="-70.6622220">
    <ele>1129.0</ele>
   </trkpt>
   <trkpt lat="-37.0390470" lon="-70.6621990">
    <ele>1129.0</ele>
   </trkpt>
   <trkpt lat="-37.0387670" lon="-70.6619360">
    <ele>1130.2</ele>
   </trkpt>
   <trkpt lat="-37.0387450" lon="-70.6619210">
    <ele>1130.2</ele>
   </trkpt>
   <trkpt lat="-37.0384130" lon="-70.6617110">
    <ele>1131.0</ele>
   </trkpt>
   <trkpt lat="-37.0380690" lon="-70.6615400">
    <ele>1131.6</ele>
   </trkpt>
   <trkpt lat="-37.0378170" lon="-70.6614280">
    <ele>1132.0</ele>
   </trkpt>
   <trkpt lat="-37.0377820" lon="-70.6614190">
    <ele>1132.2</ele>
   </trkpt>
   <trkpt lat="-37.0374050" lon="-70.6612780">
    <ele>1130.4</ele>
   </trkpt>
   <trkpt lat="-37.0370370" lon="-70.6611630">
    <ele>1129.6</ele>
   </trkpt>
   <trkpt lat="-37.0366750" lon="-70.6610290">
    <ele>1129.6</ele>
   </trkpt>
   <trkpt lat="-37.0363340" lon="-70.6608490">
    <ele>1128.2</ele>
   </trkpt>
   <trkpt lat="-37.0361260" lon="-70.6606170">
    <ele>1127.8</ele>
   </trkpt>
   <trkpt lat="-37.0359540" lon="-70.6603110">
    <ele>1130.0</ele>
   </trkpt>
   <trkpt lat="-37.0359310" lon="-70.6602830">
    <ele>1130.0</ele>
   </trkpt>
   <trkpt lat="-37.0358820" lon="-70.6602220">
    <ele>1130.4</ele>
   </trkpt>
   <trkpt lat="-37.0358520" lon="-70.6601990">
    <ele>1130.6</ele>
   </trkpt>
   <trkpt lat="-37.0355220" lon="-70.6599970">
    <ele>1130.6</ele>
   </trkpt>
   <trkpt lat="-37.0352600" lon="-70.6599240">
    <ele>1128.4</ele>
   </trkpt>
   <trkpt lat="-37.0352090" lon="-70.6598860">
    <ele>1128.6</ele>
   </trkpt>
   <trkpt lat="-37.0350640" lon="-70.6597610">
    <ele>1128.2</ele>
   </trkpt>
   <trkpt lat="-37.0350020" lon="-70.6597320">
    <ele>1128.2</ele>
   </trkpt>
   <trkpt lat="-37.0349390" lon="-70.6597150">
    <ele>1128.0</ele>
   </trkpt>
   <trkpt lat="-37.0348710" lon="-70.6597170">
    <ele>1127.4</ele>
   </trkpt>
   <trkpt lat="-37.0347960" lon="-70.6597340">
    <ele>1126.8</ele>
   </trkpt>
   <trkpt lat="-37.0347070" lon="-70.6597740">
    <ele>1126.6</ele>
   </trkpt>
   <trkpt lat="-37.0343510" lon="-70.6599130">
    <ele>1122.0</ele>
   </trkpt>
   <trkpt lat="-37.0339360" lon="-70.6599360">
    <ele>1119.4</ele>
   </trkpt>
   <trkpt lat="-37.0335290" lon="-70.6599320">
    <ele>1118.6</ele>
   </trkpt>
   <trkpt lat="-37.0331510" lon="-70.6600500">
    <ele>1117.6</ele>
   </trkpt>
   <trkpt lat="-37.0328090" lon="-70.6602240">
    <ele>1117.2</ele>
   </trkpt>
   <trkpt lat="-37.0324500" lon="-70.6603890">
    <ele>1117.0</ele>
   </trkpt>
   <trkpt lat="-37.0321040" lon="-70.6605650">
    <ele>1118.2</ele>
   </trkpt>
   <trkpt lat="-37.0320380" lon="-70.6605930">
    <ele>1118.6</ele>
   </trkpt>
   <trkpt lat="-37.0319770" lon="-70.6606270">
    <ele>1118.8</ele>
   </trkpt>
   <trkpt lat="-37.0318500" lon="-70.6606990">
    <ele>1119.6</ele>
   </trkpt>
   <trkpt lat="-37.0318220" lon="-70.6607220">
    <ele>1119.8</ele>
   </trkpt>
   <trkpt lat="-37.0317940" lon="-70.6607420">
    <ele>1120.0</ele>
   </trkpt>
   <trkpt lat="-37.0317670" lon="-70.6607570">
    <ele>1120.2</ele>
   </trkpt>
   <trkpt lat="-37.0317240" lon="-70.6607880">
    <ele>1120.6</ele>
   </trkpt>
   <trkpt lat="-37.0315960" lon="-70.6609160">
    <ele>1122.4</ele>
   </trkpt>
   <trkpt lat="-37.0315260" lon="-70.6610090">
    <ele>1123.0</ele>
   </trkpt>
   <trkpt lat="-37.0315070" lon="-70.6610250">
    <ele>1123.4</ele>
   </trkpt>
   <trkpt lat="-37.0313370" lon="-70.6612070">
    <ele>1126.0</ele>
   </trkpt>
   <trkpt lat="-37.0312950" lon="-70.6612510">
    <ele>1126.4</ele>
   </trkpt>
   <trkpt lat="-37.0312460" lon="-70.6612900">
    <ele>1127.0</ele>
   </trkpt>
   <trkpt lat="-37.0311940" lon="-70.6613310">
    <ele>1127.6</ele>
   </trkpt>
   <trkpt lat="-37.0311480" lon="-70.6613760">
    <ele>1128.0</ele>
   </trkpt>
   <trkpt lat="-37.0310710" lon="-70.6614310">
    <ele>1128.4</ele>
   </trkpt>
   <trkpt lat="-37.0310460" lon="-70.6614510">
    <ele>1128.6</ele>
   </trkpt>
   <trkpt lat="-37.0310210" lon="-70.6614670">
    <ele>1128.6</ele>
   </trkpt>
   <trkpt lat="-37.0309540" lon="-70.6615190">
    <ele>1129.0</ele>
   </trkpt>
   <trkpt lat="-37.0309350" lon="-70.6615320">
    <ele>1129.2</ele>
   </trkpt>
   <trkpt lat="-37.0309200" lon="-70.6615510">
    <ele>1129.6</ele>
   </trkpt>
   <trkpt lat="-37.0309010" lon="-70.6615660">
    <ele>1130.0</ele>
   </trkpt>
   <trkpt lat="-37.0308840" lon="-70.6615750">
    <ele>1130.4</ele>
   </trkpt>
   <trkpt lat="-37.0308690" lon="-70.6615900">
    <ele>1130.6</ele>
   </trkpt>
   <trkpt lat="-37.0308210" lon="-70.6616530">
    <ele>1131.6</ele>
   </trkpt>
   <trkpt lat="-37.0308090" lon="-70.6616630">
    <ele>1131.8</ele>
   </trkpt>
   <trkpt lat="-37.0307990" lon="-70.6616780">
    <ele>1132.0</ele>
   </trkpt>
   <trkpt lat="-37.0307860" lon="-70.6616920">
    <ele>1132.4</ele>
   </trkpt>
   <trkpt lat="-37.0307570" lon="-70.6617290">
    <ele>1133.4</ele>
   </trkpt>
   <trkpt lat="-37.0307260" lon="-70.6617630">
    <ele>1134.0</ele>
   </trkpt>
   <trkpt lat="-37.0306910" lon="-70.6618010">
    <ele>1134.4</ele>
   </trkpt>
   <trkpt lat="-37.0304250" lon="-70.6619510">
    <ele>1134.2</ele>
   </trkpt>
   <trkpt lat="-37.0300180" lon="-70.6620540">
    <ele>1131.6</ele>
   </trkpt>
   <trkpt lat="-37.0299650" lon="-70.6620930">
    <ele>1131.4</ele>
   </trkpt>
   <trkpt lat="-37.0299270" lon="-70.6621590">
    <ele>1131.4</ele>
   </trkpt>
   <trkpt lat="-37.0299200" lon="-70.6622320">
    <ele>1131.4</ele>
   </trkpt>
   <trkpt lat="-37.0299370" lon="-70.6622990">
    <ele>1131.4</ele>
   </trkpt>
   <trkpt lat="-37.0299690" lon="-70.6623520">
    <ele>1131.4</ele>
   </trkpt>
   <trkpt lat="-37.0300040" lon="-70.6623900">
    <ele>1131.4</ele>
   </trkpt>
   <trkpt lat="-37.0300750" lon="-70.6624840">
    <ele>1131.8</ele>
   </trkpt>
   <trkpt lat="-37.0300900" lon="-70.6625100">
    <ele>1132.0</ele>
   </trkpt>
   <trkpt lat="-37.0300970" lon="-70.6625320">
    <ele>1132.0</ele>
   </trkpt>
   <trkpt lat="-37.0301060" lon="-70.6625530">
    <ele>1132.2</ele>
   </trkpt>
   <trkpt lat="-37.0301210" lon="-70.6625750">
    <ele>1132.4</ele>
   </trkpt>
   <trkpt lat="-37.0301310" lon="-70.6626010">
    <ele>1132.6</ele>
   </trkpt>
   <trkpt lat="-37.0301700" lon="-70.6627330">
    <ele>1133.8</ele>
   </trkpt>
   <trkpt lat="-37.0301740" lon="-70.6627580">
    <ele>1134.2</ele>
   </trkpt>
   <trkpt lat="-37.0301780" lon="-70.6627790">
    <ele>1134.4</ele>
   </trkpt>
   <trkpt lat="-37.0301740" lon="-70.6627990">
    <ele>1134.6</ele>
   </trkpt>
   <trkpt lat="-37.0301670" lon="-70.6628470">
    <ele>1135.4</ele>
   </trkpt>
   <trkpt lat="-37.0301550" lon="-70.6628730">
    <ele>1135.8</ele>
   </trkpt>
   <trkpt lat="-37.0301160" lon="-70.6629410">
    <ele>1136.4</ele>
   </trkpt>
   <trkpt lat="-37.0300940" lon="-70.6629510">
    <ele>1136.4</ele>
   </trkpt>
   <trkpt lat="-37.0300500" lon="-70.6629630">
    <ele>1136.6</ele>
   </trkpt>
   <trkpt lat="-37.0300270" lon="-70.6629640">
    <ele>1136.8</ele>
   </trkpt>
   <trkpt lat="-37.0300050" lon="-70.6629600">
    <ele>1137.2</ele>
   </trkpt>
   <trkpt lat="-37.0299800" lon="-70.6629590">
    <ele>1137.6</ele>
   </trkpt>
   <trkpt lat="-37.0299360" lon="-70.6629520">
    <ele>1138.2</ele>
   </trkpt>
   <trkpt lat="-37.0299130" lon="-70.6629480">
    <ele>1138.4</ele>
   </trkpt>
   <trkpt lat="-37.0298180" lon="-70.6629350">
    <ele>1139.2</ele>
   </trkpt>
   <trkpt lat="-37.0297480" lon="-70.6629190">
    <ele>1140.0</ele>
   </trkpt>
   <trkpt lat="-37.0295410" lon="-70.6628400">
    <ele>1141.2</ele>
   </trkpt>
   <trkpt lat="-37.0295040" lon="-70.6628130">
    <ele>1141.4</ele>
   </trkpt>
   <trkpt lat="-37.0294810" lon="-70.6628020">
    <ele>1141.6</ele>
   </trkpt>
   <trkpt lat="-37.0294590" lon="-70.6627850">
    <ele>1141.6</ele>
   </trkpt>
   <trkpt lat="-37.0294350" lon="-70.6627740">
    <ele>1141.6</ele>
   </trkpt>
   <trkpt lat="-37.0294160" lon="-70.6627540">
    <ele>1141.8</ele>
   </trkpt>
   <trkpt lat="-37.0293960" lon="-70.6627390">
    <ele>1142.0</ele>
   </trkpt>
   <trkpt lat="-37.0293760" lon="-70.6627310">
    <ele>1142.4</ele>
   </trkpt>
   <trkpt lat="-37.0293570" lon="-70.6627160">
    <ele>1142.8</ele>
   </trkpt>
   <trkpt lat="-37.0293410" lon="-70.6626980">
    <ele>1142.8</ele>
   </trkpt>
   <trkpt lat="-37.0293190" lon="-70.6626840">
    <ele>1143.0</ele>
   </trkpt>
   <trkpt lat="-37.0293020" lon="-70.6626650">
    <ele>1143.2</ele>
   </trkpt>
   <trkpt lat="-37.0292850" lon="-70.6626490">
    <ele>1143.4</ele>
   </trkpt>
   <trkpt lat="-37.0292660" lon="-70.6626370">
    <ele>1143.8</ele>
   </trkpt>
   <trkpt lat="-37.0292480" lon="-70.6626260">
    <ele>1144.0</ele>
   </trkpt>
   <trkpt lat="-37.0292090" lon="-70.6626060">
    <ele>1144.6</ele>
   </trkpt>
   <trkpt lat="-37.0291900" lon="-70.6626010">
    <ele>1145.0</ele>
   </trkpt>
   <trkpt lat="-37.0291710" lon="-70.6625950">
    <ele>1145.2</ele>
   </trkpt>
   <trkpt lat="-37.0291480" lon="-70.6625910">
    <ele>1145.2</ele>
   </trkpt>
   <trkpt lat="-37.0291280" lon="-70.6625930">
    <ele>1145.4</ele>
   </trkpt>
   <trkpt lat="-37.0291060" lon="-70.6625950">
    <ele>1145.6</ele>
   </trkpt>
   <trkpt lat="-37.0290850" lon="-70.6626090">
    <ele>1146.0</ele>
   </trkpt>
   <trkpt lat="-37.0290720" lon="-70.6626210">
    <ele>1146.2</ele>
   </trkpt>
   <trkpt lat="-37.0290550" lon="-70.6626320">
    <ele>1146.4</ele>
   </trkpt>
   <trkpt lat="-37.0290410" lon="-70.6626470">
    <ele>1146.8</ele>
   </trkpt>
   <trkpt lat="-37.0290310" lon="-70.6626650">
    <ele>1147.0</ele>
   </trkpt>
   <trkpt lat="-37.0290230" lon="-70.6626870">
    <ele>1147.4</ele>
   </trkpt>
   <trkpt lat="-37.0290030" lon="-70.6627590">
    <ele>1148.2</ele>
   </trkpt>
   <trkpt lat="-37.0289970" lon="-70.6627810">
    <ele>1148.8</ele>
   </trkpt>
   <trkpt lat="-37.0289950" lon="-70.6628060">
    <ele>1149.2</ele>
   </trkpt>
   <trkpt lat="-37.0290000" lon="-70.6628300">
    <ele>1149.6</ele>
   </trkpt>
   <trkpt lat="-37.0289970" lon="-70.6628540">
    <ele>1150.0</ele>
   </trkpt>
   <trkpt lat="-37.0289820" lon="-70.6629430">
    <ele>1151.2</ele>
   </trkpt>
   <trkpt lat="-37.0289750" lon="-70.6631060">
    <ele>1152.8</ele>
   </trkpt>
   <trkpt lat="-37.0289610" lon="-70.6632130">
    <ele>1153.4</ele>
   </trkpt>
   <trkpt lat="-37.0289540" lon="-70.6632660">
    <ele>1154.0</ele>
   </trkpt>
   <trkpt lat="-37.0289530" lon="-70.6632950">
    <ele>1154.2</ele>
   </trkpt>
   <trkpt lat="-37.0289430" lon="-70.6633980">
    <ele>1155.2</ele>
   </trkpt>
   <trkpt lat="-37.0289370" lon="-70.6634240">
    <ele>1155.4</ele>
   </trkpt>
   <trkpt lat="-37.0289400" lon="-70.6634490">
    <ele>1155.6</ele>
   </trkpt>
   <trkpt lat="-37.0289410" lon="-70.6634750">
    <ele>1155.8</ele>
   </trkpt>
   <trkpt lat="-37.0289370" lon="-70.6635010">
    <ele>1156.2</ele>
   </trkpt>
   <trkpt lat="-37.0289380" lon="-70.6635270">
    <ele>1156.4</ele>
   </trkpt>
   <trkpt lat="-37.0289400" lon="-70.6635490">
    <ele>1156.8</ele>
   </trkpt>
   <trkpt lat="-37.0289460" lon="-70.6635690">
    <ele>1156.8</ele>
   </trkpt>
   <trkpt lat="-37.0289420" lon="-70.6635950">
    <ele>1156.8</ele>
   </trkpt>
   <trkpt lat="-37.0289360" lon="-70.6636420">
    <ele>1157.2</ele>
   </trkpt>
   <trkpt lat="-37.0289390" lon="-70.6636610">
    <ele>1157.4</ele>
   </trkpt>
   <trkpt lat="-37.0289460" lon="-70.6636870">
    <ele>1157.8</ele>
   </trkpt>
   <trkpt lat="-37.0289510" lon="-70.6636920">
    <ele>1158.0</ele>
   </trkpt>
   <trkpt lat="-37.0289560" lon="-70.6637030">
    <ele>1158.2</ele>
   </trkpt>
   <trkpt lat="-37.0289590" lon="-70.6637290">
    <ele>1158.2</ele>
   </trkpt>
   <trkpt lat="-37.0289570" lon="-70.6637570">
    <ele>1158.4</ele>
   </trkpt>
   <trkpt lat="-37.0289580" lon="-70.6637850">
    <ele>1158.6</ele>
   </trkpt>
   <trkpt lat="-37.0289650" lon="-70.6638690">
    <ele>1159.4</ele>
   </trkpt>
   <trkpt lat="-37.0289650" lon="-70.6639100">
    <ele>1159.8</ele>
   </trkpt>
   <trkpt lat="-37.0289690" lon="-70.6639300">
    <ele>1160.0</ele>
   </trkpt>
   <trkpt lat="-37.0289700" lon="-70.6639530">
    <ele>1160.2</ele>
   </trkpt>
   <trkpt lat="-37.0289690" lon="-70.6639750">
    <ele>1160.6</ele>
   </trkpt>
   <trkpt lat="-37.0289710" lon="-70.6639950">
    <ele>1160.8</ele>
   </trkpt>
   <trkpt lat="-37.0289710" lon="-70.6640160">
    <ele>1161.0</ele>
   </trkpt>
   <trkpt lat="-37.0289760" lon="-70.6640370">
    <ele>1161.2</ele>
   </trkpt>
   <trkpt lat="-37.0289760" lon="-70.6640600">
    <ele>1161.6</ele>
   </trkpt>
   <trkpt lat="-37.0289770" lon="-70.6641250">
    <ele>1162.2</ele>
   </trkpt>
   <trkpt lat="-37.0289800" lon="-70.6641690">
    <ele>1162.4</ele>
   </trkpt>
   <trkpt lat="-37.0289850" lon="-70.6642340">
    <ele>1163.2</ele>
   </trkpt>
   <trkpt lat="-37.0289900" lon="-70.6642560">
    <ele>1163.4</ele>
   </trkpt>
   <trkpt lat="-37.0289960" lon="-70.6642740">
    <ele>1163.8</ele>
   </trkpt>
   <trkpt lat="-37.0289960" lon="-70.6642910">
    <ele>1164.0</ele>
   </trkpt>
   <trkpt lat="-37.0289920" lon="-70.6643090">
    <ele>1164.2</ele>
   </trkpt>
   <trkpt lat="-37.0289940" lon="-70.6643230">
    <ele>1164.2</ele>
   </trkpt>
   <trkpt lat="-37.0289930" lon="-70.6643390">
    <ele>1164.6</ele>
   </trkpt>
   <trkpt lat="-37.0289910" lon="-70.6643560">
    <ele>1165.0</ele>
   </trkpt>
   <trkpt lat="-37.0289860" lon="-70.6643700">
    <ele>1165.2</ele>
   </trkpt>
   <trkpt lat="-37.0289920" lon="-70.6643890">
    <ele>1165.4</ele>
   </trkpt>
   <trkpt lat="-37.0289920" lon="-70.6644110">
    <ele>1165.6</ele>
   </trkpt>
   <trkpt lat="-37.0289960" lon="-70.6644460">
    <ele>1166.0</ele>
   </trkpt>
   <trkpt lat="-37.0290050" lon="-70.6644860">
    <ele>1166.2</ele>
   </trkpt>
   <trkpt lat="-37.0290050" lon="-70.6645070">
    <ele>1166.6</ele>
   </trkpt>
   <trkpt lat="-37.0290050" lon="-70.6645290">
    <ele>1166.8</ele>
   </trkpt>
   <trkpt lat="-37.0290050" lon="-70.6645930">
    <ele>1167.6</ele>
   </trkpt>
   <trkpt lat="-37.0290100" lon="-70.6646110">
    <ele>1167.8</ele>
   </trkpt>
   <trkpt lat="-37.0290180" lon="-70.6646390">
    <ele>1167.8</ele>
   </trkpt>
   <trkpt lat="-37.0290180" lon="-70.6646550">
    <ele>1168.0</ele>
   </trkpt>
   <trkpt lat="-37.0290210" lon="-70.6646740">
    <ele>1168.2</ele>
   </trkpt>
   <trkpt lat="-37.0290320" lon="-70.6647230">
    <ele>1168.8</ele>
   </trkpt>
   <trkpt lat="-37.0290380" lon="-70.6647360">
    <ele>1169.2</ele>
   </trkpt>
   <trkpt lat="-37.0290390" lon="-70.6647520">
    <ele>1169.4</ele>
   </trkpt>
   <trkpt lat="-37.0290410" lon="-70.6647730">
    <ele>1169.6</ele>
   </trkpt>
   <trkpt lat="-37.0290360" lon="-70.6647920">
    <ele>1169.8</ele>
   </trkpt>
   <trkpt lat="-37.0290350" lon="-70.6648050">
    <ele>1169.8</ele>
   </trkpt>
   <trkpt lat="-37.0290350" lon="-70.6648180">
    <ele>1170.0</ele>
   </trkpt>
   <trkpt lat="-37.0290350" lon="-70.6648340">
    <ele>1170.2</ele>
   </trkpt>
   <trkpt lat="-37.0290290" lon="-70.6648440">
    <ele>1170.4</ele>
   </trkpt>
   <trkpt lat="-37.0290290" lon="-70.6648590">
    <ele>1170.6</ele>
   </trkpt>
   <trkpt lat="-37.0290370" lon="-70.6648780">
    <ele>1170.8</ele>
   </trkpt>
   <trkpt lat="-37.0290350" lon="-70.6648950">
    <ele>1171.0</ele>
   </trkpt>
   <trkpt lat="-37.0290340" lon="-70.6649130">
    <ele>1171.2</ele>
   </trkpt>
   <trkpt lat="-37.0290390" lon="-70.6649300">
    <ele>1171.6</ele>
   </trkpt>
   <trkpt lat="-37.0290450" lon="-70.6649420">
    <ele>1171.8</ele>
   </trkpt>
   <trkpt lat="-37.0290520" lon="-70.6649590">
    <ele>1172.0</ele>
   </trkpt>
   <trkpt lat="-37.0290550" lon="-70.6649780">
    <ele>1172.2</ele>
   </trkpt>
   <trkpt lat="-37.0290610" lon="-70.6649910">
    <ele>1172.2</ele>
   </trkpt>
   <trkpt lat="-37.0290580" lon="-70.6650030">
    <ele>1172.4</ele>
   </trkpt>
   <trkpt lat="-37.0290590" lon="-70.6650200">
    <ele>1172.6</ele>
   </trkpt>
   <trkpt lat="-37.0290580" lon="-70.6650400">
    <ele>1172.8</ele>
   </trkpt>
   <trkpt lat="-37.0290620" lon="-70.6650570">
    <ele>1173.0</ele>
   </trkpt>
   <trkpt lat="-37.0290630" lon="-70.6650780">
    <ele>1173.2</ele>
   </trkpt>
   <trkpt lat="-37.0290670" lon="-70.6650990">
    <ele>1173.4</ele>
   </trkpt>
   <trkpt lat="-37.0290720" lon="-70.6651170">
    <ele>1173.6</ele>
   </trkpt>
   <trkpt lat="-37.0290730" lon="-70.6651340">
    <ele>1173.8</ele>
   </trkpt>
   <trkpt lat="-37.0290760" lon="-70.6651710">
    <ele>1174.2</ele>
   </trkpt>
   <trkpt lat="-37.0290820" lon="-70.6651910">
    <ele>1174.6</ele>
   </trkpt>
   <trkpt lat="-37.0290910" lon="-70.6652060">
    <ele>1174.8</ele>
   </trkpt>
   <trkpt lat="-37.0290880" lon="-70.6652230">
    <ele>1175.0</ele>
   </trkpt>
   <trkpt lat="-37.0290890" lon="-70.6652780">
    <ele>1175.4</ele>
   </trkpt>
   <trkpt lat="-37.0290930" lon="-70.6652940">
    <ele>1175.8</ele>
   </trkpt>
   <trkpt lat="-37.0290960" lon="-70.6653300">
    <ele>1176.2</ele>
   </trkpt>
   <trkpt lat="-37.0291020" lon="-70.6653860">
    <ele>1176.8</ele>
   </trkpt>
   <trkpt lat="-37.0291010" lon="-70.6654000">
    <ele>1177.0</ele>
   </trkpt>
   <trkpt lat="-37.0291050" lon="-70.6654110">
    <ele>1177.2</ele>
   </trkpt>
   <trkpt lat="-37.0291070" lon="-70.6654310">
    <ele>1177.4</ele>
   </trkpt>
   <trkpt lat="-37.0291060" lon="-70.6654490">
    <ele>1177.8</ele>
   </trkpt>
   <trkpt lat="-37.0291120" lon="-70.6654730">
    <ele>1178.0</ele>
   </trkpt>
   <trkpt lat="-37.0291120" lon="-70.6654940">
    <ele>1178.2</ele>
   </trkpt>
   <trkpt lat="-37.0291100" lon="-70.6655300">
    <ele>1178.6</ele>
   </trkpt>
   <trkpt lat="-37.0291070" lon="-70.6655510">
    <ele>1178.8</ele>
   </trkpt>
   <trkpt lat="-37.0291080" lon="-70.6655720">
    <ele>1179.2</ele>
   </trkpt>
   <trkpt lat="-37.0291070" lon="-70.6657040">
    <ele>1180.8</ele>
   </trkpt>
   <trkpt lat="-37.0291040" lon="-70.6657230">
    <ele>1181.0</ele>
   </trkpt>
   <trkpt lat="-37.0290990" lon="-70.6657630">
    <ele>1181.6</ele>
   </trkpt>
   <trkpt lat="-37.0291030" lon="-70.6657790">
    <ele>1181.8</ele>
   </trkpt>
   <trkpt lat="-37.0290990" lon="-70.6657990">
    <ele>1182.2</ele>
   </trkpt>
   <trkpt lat="-37.0291010" lon="-70.6658180">
    <ele>1182.4</ele>
   </trkpt>
   <trkpt lat="-37.0290990" lon="-70.6658370">
    <ele>1182.6</ele>
   </trkpt>
   <trkpt lat="-37.0290970" lon="-70.6658580">
    <ele>1182.8</ele>
   </trkpt>
   <trkpt lat="-37.0290910" lon="-70.6658760">
    <ele>1183.0</ele>
   </trkpt>
   <trkpt lat="-37.0290850" lon="-70.6658940">
    <ele>1183.4</ele>
   </trkpt>
   <trkpt lat="-37.0290760" lon="-70.6659100">
    <ele>1183.6</ele>
   </trkpt>
   <trkpt lat="-37.0290680" lon="-70.6659260">
    <ele>1184.0</ele>
   </trkpt>
   <trkpt lat="-37.0290570" lon="-70.6659420">
    <ele>1184.2</ele>
   </trkpt>
   <trkpt lat="-37.0290460" lon="-70.6659570">
    <ele>1184.2</ele>
   </trkpt>
   <trkpt lat="-37.0290350" lon="-70.6659760">
    <ele>1184.2</ele>
   </trkpt>
   <trkpt lat="-37.0290240" lon="-70.6659900">
    <ele>1184.2</ele>
   </trkpt>
   <trkpt lat="-37.0290120" lon="-70.6660050">
    <ele>1184.2</ele>
   </trkpt>
   <trkpt lat="-37.0290010" lon="-70.6660180">
    <ele>1184.2</ele>
   </trkpt>
   <trkpt lat="-37.0289920" lon="-70.6660340">
    <ele>1184.4</ele>
   </trkpt>
   <trkpt lat="-37.0289810" lon="-70.6660500">
    <ele>1184.6</ele>
   </trkpt>
   <trkpt lat="-37.0289700" lon="-70.6660620">
    <ele>1185.0</ele>
   </trkpt>
   <trkpt lat="-37.0289480" lon="-70.6660850">
    <ele>1185.2</ele>
   </trkpt>
   <trkpt lat="-37.0289350" lon="-70.6660910">
    <ele>1185.4</ele>
   </trkpt>
   <trkpt lat="-37.0289240" lon="-70.6661030">
    <ele>1185.6</ele>
   </trkpt>
   <trkpt lat="-37.0289090" lon="-70.6661090">
    <ele>1185.6</ele>
   </trkpt>
   <trkpt lat="-37.0288970" lon="-70.6661230">
    <ele>1185.8</ele>
   </trkpt>
   <trkpt lat="-37.0288510" lon="-70.6661740">
    <ele>1186.8</ele>
   </trkpt>
   <trkpt lat="-37.0288380" lon="-70.6661810">
    <ele>1187.0</ele>
   </trkpt>
   <trkpt lat="-37.0288140" lon="-70.6661950">
    <ele>1187.4</ele>
   </trkpt>
   <trkpt lat="-37.0287990" lon="-70.6662100">
    <ele>1187.6</ele>
   </trkpt>
   <trkpt lat="-37.0287810" lon="-70.6662130">
    <ele>1187.8</ele>
   </trkpt>
   <trkpt lat="-37.0287680" lon="-70.6662240">
    <ele>1188.0</ele>
   </trkpt>
   <trkpt lat="-37.0287530" lon="-70.6662300">
    <ele>1188.0</ele>
   </trkpt>
   <trkpt lat="-37.0287390" lon="-70.6662350">
    <ele>1188.2</ele>
   </trkpt>
   <trkpt lat="-37.0287270" lon="-70.6662360">
    <ele>1188.2</ele>
   </trkpt>
   <trkpt lat="-37.0287180" lon="-70.6662390">
    <ele>1188.2</ele>
   </trkpt>
   <trkpt lat="-37.0286790" lon="-70.6662480">
    <ele>1188.4</ele>
   </trkpt>
   <trkpt lat="-37.0286590" lon="-70.6662600">
    <ele>1188.4</ele>
   </trkpt>
   <trkpt lat="-37.0286360" lon="-70.6662750">
    <ele>1188.4</ele>
   </trkpt>
   <trkpt lat="-37.0286160" lon="-70.6662870">
    <ele>1188.6</ele>
   </trkpt>
   <trkpt lat="-37.0286010" lon="-70.6663030">
    <ele>1188.6</ele>
   </trkpt>
   <trkpt lat="-37.0285860" lon="-70.6663090">
    <ele>1189.0</ele>
   </trkpt>
   <trkpt lat="-37.0285690" lon="-70.6663220">
    <ele>1189.2</ele>
   </trkpt>
   <trkpt lat="-37.0284670" lon="-70.6663810">
    <ele>1190.2</ele>
   </trkpt>
   <trkpt lat="-37.0284490" lon="-70.6663940">
    <ele>1190.4</ele>
   </trkpt>
   <trkpt lat="-37.0284330" lon="-70.6663990">
    <ele>1190.6</ele>
   </trkpt>
   <trkpt lat="-37.0284150" lon="-70.6664100">
    <ele>1190.8</ele>
   </trkpt>
   <trkpt lat="-37.0283470" lon="-70.6664450">
    <ele>1191.6</ele>
   </trkpt>
   <trkpt lat="-37.0283310" lon="-70.6664570">
    <ele>1191.6</ele>
   </trkpt>
   <trkpt lat="-37.0282580" lon="-70.6665010">
    <ele>1192.2</ele>
   </trkpt>
   <trkpt lat="-37.0282400" lon="-70.6665100">
    <ele>1192.2</ele>
   </trkpt>
   <trkpt lat="-37.0281430" lon="-70.6665730">
    <ele>1193.2</ele>
   </trkpt>
   <trkpt lat="-37.0281230" lon="-70.6665840">
    <ele>1193.2</ele>
   </trkpt>
   <trkpt lat="-37.0281010" lon="-70.6666040">
    <ele>1193.6</ele>
   </trkpt>
   <trkpt lat="-37.0280200" lon="-70.6666520">
    <ele>1194.0</ele>
   </trkpt>
   <trkpt lat="-37.0279250" lon="-70.6667200">
    <ele>1194.4</ele>
   </trkpt>
   <trkpt lat="-37.0279110" lon="-70.6667350">
    <ele>1194.4</ele>
   </trkpt>
   <trkpt lat="-37.0278920" lon="-70.6667480">
    <ele>1194.4</ele>
   </trkpt>
   <trkpt lat="-37.0278760" lon="-70.6667570">
    <ele>1194.8</ele>
   </trkpt>
   <trkpt lat="-37.0278640" lon="-70.6667670">
    <ele>1195.0</ele>
   </trkpt>
   <trkpt lat="-37.0278520" lon="-70.6667810">
    <ele>1195.2</ele>
   </trkpt>
   <trkpt lat="-37.0278360" lon="-70.6667920">
    <ele>1195.4</ele>
   </trkpt>
   <trkpt lat="-37.0278180" lon="-70.6668010">
    <ele>1195.6</ele>
   </trkpt>
   <trkpt lat="-37.0278010" lon="-70.6668140">
    <ele>1195.8</ele>
   </trkpt>
   <trkpt lat="-37.0277710" lon="-70.6668460">
    <ele>1196.6</ele>
   </trkpt>
   <trkpt lat="-37.0277550" lon="-70.6668560">
    <ele>1196.8</ele>
   </trkpt>
   <trkpt lat="-37.0277430" lon="-70.6668740">
    <ele>1197.0</ele>
   </trkpt>
   <trkpt lat="-37.0277270" lon="-70.6668870">
    <ele>1197.0</ele>
   </trkpt>
   <trkpt lat="-37.0276840" lon="-70.6669300">
    <ele>1198.2</ele>
   </trkpt>
   <trkpt lat="-37.0276390" lon="-70.6669730">
    <ele>1198.6</ele>
   </trkpt>
   <trkpt lat="-37.0276110" lon="-70.6670040">
    <ele>1199.0</ele>
   </trkpt>
   <trkpt lat="-37.0275930" lon="-70.6670210">
    <ele>1199.4</ele>
   </trkpt>
   <trkpt lat="-37.0275760" lon="-70.6670370">
    <ele>1199.4</ele>
   </trkpt>
   <trkpt lat="-37.0275610" lon="-70.6670500">
    <ele>1199.6</ele>
   </trkpt>
   <trkpt lat="-37.0275490" lon="-70.6670680">
    <ele>1199.8</ele>
   </trkpt>
   <trkpt lat="-37.0275180" lon="-70.6671010">
    <ele>1200.2</ele>
   </trkpt>
   <trkpt lat="-37.0274680" lon="-70.6671480">
    <ele>1200.6</ele>
   </trkpt>
   <trkpt lat="-37.0274350" lon="-70.6671780">
    <ele>1201.0</ele>
   </trkpt>
   <trkpt lat="-37.0274190" lon="-70.6671970">
    <ele>1201.2</ele>
   </trkpt>
   <trkpt lat="-37.0272500" lon="-70.6673620">
    <ele>1202.4</ele>
   </trkpt>
   <trkpt lat="-37.0272330" lon="-70.6673770">
    <ele>1202.6</ele>
   </trkpt>
   <trkpt lat="-37.0271900" lon="-70.6674150">
    <ele>1203.0</ele>
   </trkpt>
   <trkpt lat="-37.0271670" lon="-70.6674270">
    <ele>1203.2</ele>
   </trkpt>
   <trkpt lat="-37.0271500" lon="-70.6674470">
    <ele>1203.4</ele>
   </trkpt>
   <trkpt lat="-37.0271330" lon="-70.6674590">
    <ele>1203.6</ele>
   </trkpt>
   <trkpt lat="-37.0270750" lon="-70.6675060">
    <ele>1204.4</ele>
   </trkpt>
   <trkpt lat="-37.0270570" lon="-70.6675160">
    <ele>1204.6</ele>
   </trkpt>
   <trkpt lat="-37.0270410" lon="-70.6675300">
    <ele>1204.8</ele>
   </trkpt>
   <trkpt lat="-37.0270250" lon="-70.6675450">
    <ele>1205.0</ele>
   </trkpt>
   <trkpt lat="-37.0270090" lon="-70.6675550">
    <ele>1205.4</ele>
   </trkpt>
   <trkpt lat="-37.0269930" lon="-70.6675690">
    <ele>1205.6</ele>
   </trkpt>
   <trkpt lat="-37.0269710" lon="-70.6675850">
    <ele>1205.8</ele>
   </trkpt>
   <trkpt lat="-37.0269300" lon="-70.6676190">
    <ele>1206.2</ele>
   </trkpt>
   <trkpt lat="-37.0269090" lon="-70.6676310">
    <ele>1206.4</ele>
   </trkpt>
   <trkpt lat="-37.0268860" lon="-70.6676490">
    <ele>1206.6</ele>
   </trkpt>
   <trkpt lat="-37.0268050" lon="-70.6677000">
    <ele>1207.2</ele>
   </trkpt>
   <trkpt lat="-37.0267640" lon="-70.6677250">
    <ele>1207.2</ele>
   </trkpt>
   <trkpt lat="-37.0267490" lon="-70.6677430">
    <ele>1207.2</ele>
   </trkpt>
   <trkpt lat="-37.0267240" lon="-70.6677600">
    <ele>1207.2</ele>
   </trkpt>
   <trkpt lat="-37.0266970" lon="-70.6677830">
    <ele>1207.4</ele>
   </trkpt>
   <trkpt lat="-37.0266690" lon="-70.6677990">
    <ele>1207.4</ele>
   </trkpt>
   <trkpt lat="-37.0266470" lon="-70.6678190">
    <ele>1207.6</ele>
   </trkpt>
   <trkpt lat="-37.0266270" lon="-70.6678300">
    <ele>1208.0</ele>
   </trkpt>
   <trkpt lat="-37.0265340" lon="-70.6679050">
    <ele>1209.0</ele>
   </trkpt>
   <trkpt lat="-37.0265130" lon="-70.6679180">
    <ele>1209.2</ele>
   </trkpt>
   <trkpt lat="-37.0264580" lon="-70.6679670">
    <ele>1209.4</ele>
   </trkpt>
   <trkpt lat="-37.0264440" lon="-70.6679850">
    <ele>1209.6</ele>
   </trkpt>
   <trkpt lat="-37.0264270" lon="-70.6680000">
    <ele>1209.8</ele>
   </trkpt>
   <trkpt lat="-37.0263480" lon="-70.6680790">
    <ele>1210.8</ele>
   </trkpt>
   <trkpt lat="-37.0263290" lon="-70.6680950">
    <ele>1210.8</ele>
   </trkpt>
   <trkpt lat="-37.0262680" lon="-70.6681570">
    <ele>1212.0</ele>
   </trkpt>
   <trkpt lat="-37.0262510" lon="-70.6681730">
    <ele>1212.2</ele>
   </trkpt>
   <trkpt lat="-37.0262380" lon="-70.6681900">
    <ele>1212.2</ele>
   </trkpt>
   <trkpt lat="-37.0261880" lon="-70.6682440">
    <ele>1212.8</ele>
   </trkpt>
   <trkpt lat="-37.0261710" lon="-70.6682610">
    <ele>1212.8</ele>
   </trkpt>
   <trkpt lat="-37.0261400" lon="-70.6682940">
    <ele>1213.4</ele>
   </trkpt>
   <trkpt lat="-37.0260980" lon="-70.6683420">
    <ele>1213.6</ele>
   </trkpt>
   <trkpt lat="-37.0260720" lon="-70.6683760">
    <ele>1214.2</ele>
   </trkpt>
   <trkpt lat="-37.0260070" lon="-70.6684430">
    <ele>1214.8</ele>
   </trkpt>
   <trkpt lat="-37.0259780" lon="-70.6684800">
    <ele>1215.4</ele>
   </trkpt>
   <trkpt lat="-37.0259620" lon="-70.6684880">
    <ele>1215.6</ele>
   </trkpt>
   <trkpt lat="-37.0259450" lon="-70.6685030">
    <ele>1216.0</ele>
   </trkpt>
   <trkpt lat="-37.0258770" lon="-70.6685680">
    <ele>1216.6</ele>
   </trkpt>
   <trkpt lat="-37.0258600" lon="-70.6685810">
    <ele>1216.8</ele>
   </trkpt>
   <trkpt lat="-37.0258460" lon="-70.6685940">
    <ele>1217.0</ele>
   </trkpt>
   <trkpt lat="-37.0258090" lon="-70.6686290">
    <ele>1217.4</ele>
   </trkpt>
   <trkpt lat="-37.0256460" lon="-70.6687450">
    <ele>1219.6</ele>
   </trkpt>
   <trkpt lat="-37.0256270" lon="-70.6687560">
    <ele>1219.8</ele>
   </trkpt>
   <trkpt lat="-37.0256080" lon="-70.6687650">
    <ele>1220.2</ele>
   </trkpt>
   <trkpt lat="-37.0255880" lon="-70.6687810">
    <ele>1220.6</ele>
   </trkpt>
   <trkpt lat="-37.0254710" lon="-70.6688290">
    <ele>1222.2</ele>
   </trkpt>
   <trkpt lat="-37.0254450" lon="-70.6688270">
    <ele>1222.2</ele>
   </trkpt>
   <trkpt lat="-37.0254250" lon="-70.6688290">
    <ele>1222.4</ele>
   </trkpt>
   <trkpt lat="-37.0253860" lon="-70.6688410">
    <ele>1222.8</ele>
   </trkpt>
   <trkpt lat="-37.0253660" lon="-70.6688430">
    <ele>1222.8</ele>
   </trkpt>
   <trkpt lat="-37.0253200" lon="-70.6688460">
    <ele>1222.8</ele>
   </trkpt>
   <trkpt lat="-37.0252980" lon="-70.6688520">
    <ele>1223.0</ele>
   </trkpt>
   <trkpt lat="-37.0252770" lon="-70.6688520">
    <ele>1223.0</ele>
   </trkpt>
   <trkpt lat="-37.0252280" lon="-70.6688570">
    <ele>1223.4</ele>
   </trkpt>
   <trkpt lat="-37.0252010" lon="-70.6688530">
    <ele>1223.4</ele>
   </trkpt>
   <trkpt lat="-37.0251200" lon="-70.6688520">
    <ele>1224.0</ele>
   </trkpt>
   <trkpt lat="-37.0250950" lon="-70.6688450">
    <ele>1224.0</ele>
   </trkpt>
   <trkpt lat="-37.0249720" lon="-70.6688170">
    <ele>1224.6</ele>
   </trkpt>
   <trkpt lat="-37.0249460" lon="-70.6688150">
    <ele>1224.8</ele>
   </trkpt>
   <trkpt lat="-37.0249210" lon="-70.6688100">
    <ele>1224.8</ele>
   </trkpt>
   <trkpt lat="-37.0247880" lon="-70.6688020">
    <ele>1226.2</ele>
   </trkpt>
   <trkpt lat="-37.0247620" lon="-70.6687980">
    <ele>1226.4</ele>
   </trkpt>
   <trkpt lat="-37.0244020" lon="-70.6687130">
    <ele>1228.2</ele>
   </trkpt>
   <trkpt lat="-37.0243590" lon="-70.6687080">
    <ele>1227.8</ele>
   </trkpt>
   <trkpt lat="-37.0243140" lon="-70.6687070">
    <ele>1227.4</ele>
   </trkpt>
   <trkpt lat="-37.0242630" lon="-70.6687150">
    <ele>1227.2</ele>
   </trkpt>
   <trkpt lat="-37.0242080" lon="-70.6687120">
    <ele>1227.0</ele>
   </trkpt>
   <trkpt lat="-37.0241060" lon="-70.6687040">
    <ele>1226.8</ele>
   </trkpt>
   <trkpt lat="-37.0240600" lon="-70.6686880">
    <ele>1226.8</ele>
   </trkpt>
   <trkpt lat="-37.0240120" lon="-70.6686670">
    <ele>1226.4</ele>
   </trkpt>
   <trkpt lat="-37.0239700" lon="-70.6686380">
    <ele>1226.2</ele>
   </trkpt>
   <trkpt lat="-37.0239320" lon="-70.6685970">
    <ele>1226.2</ele>
   </trkpt>
   <trkpt lat="-37.0238950" lon="-70.6685530">
    <ele>1225.6</ele>
   </trkpt>
   <trkpt lat="-37.0236650" lon="-70.6681660">
    <ele>1221.2</ele>
   </trkpt>
   <trkpt lat="-37.0233300" lon="-70.6678210">
    <ele>1216.4</ele>
   </trkpt>
   <trkpt lat="-37.0231260" lon="-70.6677210">
    <ele>1213.4</ele>
   </trkpt>
   <trkpt lat="-37.0230550" lon="-70.6677170">
    <ele>1212.8</ele>
   </trkpt>
   <trkpt lat="-37.0229860" lon="-70.6677390">
    <ele>1212.2</ele>
   </trkpt>
   <trkpt lat="-37.0229210" lon="-70.6677830">
    <ele>1211.8</ele>
   </trkpt>
   <trkpt lat="-37.0226630" lon="-70.6680950">
    <ele>1209.6</ele>
   </trkpt>
   <trkpt lat="-37.0224590" lon="-70.6684040">
    <ele>1209.6</ele>
   </trkpt>
   <trkpt lat="-37.0223530" lon="-70.6686220">
    <ele>1211.4</ele>
   </trkpt>
   <trkpt lat="-37.0222480" lon="-70.6687950">
    <ele>1212.0</ele>
   </trkpt>
   <trkpt lat="-37.0222130" lon="-70.6688220">
    <ele>1211.8</ele>
   </trkpt>
   <trkpt lat="-37.0221690" lon="-70.6688440">
    <ele>1211.6</ele>
   </trkpt>
   <trkpt lat="-37.0221120" lon="-70.6688550">
    <ele>1211.4</ele>
   </trkpt>
   <trkpt lat="-37.0220440" lon="-70.6688420">
    <ele>1211.0</ele>
   </trkpt>
   <trkpt lat="-37.0216460" lon="-70.6686650">
    <ele>1207.0</ele>
   </trkpt>
   <trkpt lat="-37.0212860" lon="-70.6684660">
    <ele>1204.0</ele>
   </trkpt>
   <trkpt lat="-37.0209850" lon="-70.6683680">
    <ele>1201.0</ele>
   </trkpt>
   <trkpt lat="-37.0209000" lon="-70.6683000">
    <ele>1200.0</ele>
   </trkpt>
   <trkpt lat="-37.0206890" lon="-70.6681340">
    <ele>1198.0</ele>
   </trkpt>
   <trkpt lat="-37.0206030" lon="-70.6681160">
    <ele>1197.4</ele>
   </trkpt>
   <trkpt lat="-37.0205150" lon="-70.6681150">
    <ele>1196.6</ele>
   </trkpt>
   <trkpt lat="-37.0202370" lon="-70.6681290">
    <ele>1195.6</ele>
   </trkpt>
   <trkpt lat="-37.0201420" lon="-70.6681750">
    <ele>1194.8</ele>
   </trkpt>
   <trkpt lat="-37.0197390" lon="-70.6682880">
    <ele>1190.4</ele>
   </trkpt>
   <trkpt lat="-37.0193690" lon="-70.6683130">
    <ele>1188.8</ele>
   </trkpt>
   <trkpt lat="-37.0189740" lon="-70.6683080">
    <ele>1187.2</ele>
   </trkpt>
   <trkpt lat="-37.0185680" lon="-70.6682590">
    <ele>1186.6</ele>
   </trkpt>
   <trkpt lat="-37.0184270" lon="-70.6682850">
    <ele>1186.6</ele>
   </trkpt>
   <trkpt lat="-37.0183670" lon="-70.6683130">
    <ele>1186.4</ele>
   </trkpt>
   <trkpt lat="-37.0180160" lon="-70.6684600">
    <ele>1185.2</ele>
   </trkpt>
   <trkpt lat="-37.0175800" lon="-70.6685330">
    <ele>1181.8</ele>
   </trkpt>
   <trkpt lat="-37.0172490" lon="-70.6684810">
    <ele>1179.8</ele>
   </trkpt>
   <trkpt lat="-37.0171870" lon="-70.6684400">
    <ele>1179.2</ele>
   </trkpt>
   <trkpt lat="-37.0171290" lon="-70.6683840">
    <ele>1178.6</ele>
   </trkpt>
   <trkpt lat="-37.0170820" lon="-70.6683100">
    <ele>1177.8</ele>
   </trkpt>
   <trkpt lat="-37.0170410" lon="-70.6682190">
    <ele>1177.4</ele>
   </trkpt>
   <trkpt lat="-37.0170220" lon="-70.6681210">
    <ele>1176.4</ele>
   </trkpt>
   <trkpt lat="-37.0170150" lon="-70.6680180">
    <ele>1175.6</ele>
   </trkpt>
   <trkpt lat="-37.0170210" lon="-70.6679140">
    <ele>1174.8</ele>
   </trkpt>
   <trkpt lat="-37.0170410" lon="-70.6678170">
    <ele>1174.2</ele>
   </trkpt>
   <trkpt lat="-37.0170610" lon="-70.6677210">
    <ele>1174.0</ele>
   </trkpt>
   <trkpt lat="-37.0170690" lon="-70.6676290">
    <ele>1174.0</ele>
   </trkpt>
   <trkpt lat="-37.0170610" lon="-70.6674560">
    <ele>1173.6</ele>
   </trkpt>
   <trkpt lat="-37.0170710" lon="-70.6673720">
    <ele>1173.4</ele>
   </trkpt>
   <trkpt lat="-37.0170960" lon="-70.6672870">
    <ele>1173.2</ele>
   </trkpt>
   <trkpt lat="-37.0171400" lon="-70.6672120">
    <ele>1172.8</ele>
   </trkpt>
   <trkpt lat="-37.0173240" lon="-70.6669450">
    <ele>1172.0</ele>
   </trkpt>
   <trkpt lat="-37.0173520" lon="-70.6668750">
    <ele>1172.0</ele>
   </trkpt>
   <trkpt lat="-37.0173840" lon="-70.6667110">
    <ele>1171.4</ele>
   </trkpt>
   <trkpt lat="-37.0173800" lon="-70.6666140">
    <ele>1171.2</ele>
   </trkpt>
   <trkpt lat="-37.0173630" lon="-70.6665100">
    <ele>1170.6</ele>
   </trkpt>
   <trkpt lat="-37.0173020" lon="-70.6663110">
    <ele>1169.0</ele>
   </trkpt>
   <trkpt lat="-37.0172620" lon="-70.6662380">
    <ele>1168.4</ele>
   </trkpt>
   <trkpt lat="-37.0172130" lon="-70.6661890">
    <ele>1167.6</ele>
   </trkpt>
   <trkpt lat="-37.0171570" lon="-70.6661860">
    <ele>1166.8</ele>
   </trkpt>
   <trkpt lat="-37.0171040" lon="-70.6662260">
    <ele>1166.2</ele>
   </trkpt>
   <trkpt lat="-37.0170610" lon="-70.6662810">
    <ele>1165.8</ele>
   </trkpt>
   <trkpt lat="-37.0169720" lon="-70.6663650">
    <ele>1165.0</ele>
   </trkpt>
   <trkpt lat="-37.0166670" lon="-70.6666070">
    <ele>1165.4</ele>
   </trkpt>
   <trkpt lat="-37.0165820" lon="-70.6666840">
    <ele>1166.2</ele>
   </trkpt>
   <trkpt lat="-37.0165610" lon="-70.6667100">
    <ele>1166.4</ele>
   </trkpt>
   <trkpt lat="-37.0165210" lon="-70.6667500">
    <ele>1166.8</ele>
   </trkpt>
   <trkpt lat="-37.0165060" lon="-70.6667720">
    <ele>1167.0</ele>
   </trkpt>
   <trkpt lat="-37.0164760" lon="-70.6668040">
    <ele>1167.4</ele>
   </trkpt>
   <trkpt lat="-37.0164620" lon="-70.6668170">
    <ele>1167.6</ele>
   </trkpt>
   <trkpt lat="-37.0164510" lon="-70.6668360">
    <ele>1168.0</ele>
   </trkpt>
   <trkpt lat="-37.0164400" lon="-70.6668570">
    <ele>1168.4</ele>
   </trkpt>
   <trkpt lat="-37.0164310" lon="-70.6668850">
    <ele>1169.0</ele>
   </trkpt>
   <trkpt lat="-37.0164170" lon="-70.6669130">
    <ele>1169.4</ele>
   </trkpt>
   <trkpt lat="-37.0163730" lon="-70.6669910">
    <ele>1170.4</ele>
   </trkpt>
   <trkpt lat="-37.0163370" lon="-70.6670990">
    <ele>1171.8</ele>
   </trkpt>
   <trkpt lat="-37.0163340" lon="-70.6671300">
    <ele>1172.4</ele>
   </trkpt>
   <trkpt lat="-37.0163320" lon="-70.6672150">
    <ele>1173.2</ele>
   </trkpt>
   <trkpt lat="-37.0163300" lon="-70.6672420">
    <ele>1173.4</ele>
   </trkpt>
   <trkpt lat="-37.0163320" lon="-70.6672670">
    <ele>1173.8</ele>
   </trkpt>
   <trkpt lat="-37.0163470" lon="-70.6673490">
    <ele>1174.8</ele>
   </trkpt>
   <trkpt lat="-37.0163560" lon="-70.6673730">
    <ele>1175.0</ele>
   </trkpt>
   <trkpt lat="-37.0163710" lon="-70.6674190">
    <ele>1175.8</ele>
   </trkpt>
   <trkpt lat="-37.0163720" lon="-70.6674520">
    <ele>1176.2</ele>
   </trkpt>
   <trkpt lat="-37.0163670" lon="-70.6674820">
    <ele>1176.4</ele>
   </trkpt>
   <trkpt lat="-37.0163570" lon="-70.6675100">
    <ele>1176.6</ele>
   </trkpt>
   <trkpt lat="-37.0163400" lon="-70.6675340">
    <ele>1176.8</ele>
   </trkpt>
   <trkpt lat="-37.0163090" lon="-70.6675750">
    <ele>1177.0</ele>
   </trkpt>
   <trkpt lat="-37.0162880" lon="-70.6675870">
    <ele>1177.0</ele>
   </trkpt>
   <trkpt lat="-37.0162720" lon="-70.6676020">
    <ele>1177.0</ele>
   </trkpt>
   <trkpt lat="-37.0162580" lon="-70.6676190">
    <ele>1177.0</ele>
   </trkpt>
   <trkpt lat="-37.0162400" lon="-70.6676340">
    <ele>1177.0</ele>
   </trkpt>
   <trkpt lat="-37.0162210" lon="-70.6676470">
    <ele>1177.2</ele>
   </trkpt>
   <trkpt lat="-37.0162020" lon="-70.6676670">
    <ele>1177.2</ele>
   </trkpt>
   <trkpt lat="-37.0161840" lon="-70.6676810">
    <ele>1177.4</ele>
   </trkpt>
   <trkpt lat="-37.0161160" lon="-70.6677460">
    <ele>1177.2</ele>
   </trkpt>
   <trkpt lat="-37.0159610" lon="-70.6679660">
    <ele>1177.2</ele>
   </trkpt>
   <trkpt lat="-37.0157760" lon="-70.6682120">
    <ele>1177.6</ele>
   </trkpt>
   <trkpt lat="-37.0157490" lon="-70.6682790">
    <ele>1177.8</ele>
   </trkpt>
   <trkpt lat="-37.0157440" lon="-70.6683120">
    <ele>1177.8</ele>
   </trkpt>
   <trkpt lat="-37.0157510" lon="-70.6683400">
    <ele>1178.0</ele>
   </trkpt>
   <trkpt lat="-37.0157630" lon="-70.6683720">
    <ele>1178.2</ele>
   </trkpt>
   <trkpt lat="-37.0157850" lon="-70.6684550">
    <ele>1178.4</ele>
   </trkpt>
   <trkpt lat="-37.0157950" lon="-70.6685190">
    <ele>1179.4</ele>
   </trkpt>
   <trkpt lat="-37.0158040" lon="-70.6685360">
    <ele>1179.6</ele>
   </trkpt>
   <trkpt lat="-37.0158060" lon="-70.6685520">
    <ele>1179.8</ele>
   </trkpt>
   <trkpt lat="-37.0158080" lon="-70.6685730">
    <ele>1180.0</ele>
   </trkpt>
   <trkpt lat="-37.0158080" lon="-70.6685870">
    <ele>1180.2</ele>
   </trkpt>
   <trkpt lat="-37.0158070" lon="-70.6686030">
    <ele>1180.4</ele>
   </trkpt>
   <trkpt lat="-37.0158020" lon="-70.6686210">
    <ele>1180.6</ele>
   </trkpt>
   <trkpt lat="-37.0158020" lon="-70.6686490">
    <ele>1180.6</ele>
   </trkpt>
   <trkpt lat="-37.0157880" lon="-70.6687470">
    <ele>1181.4</ele>
   </trkpt>
   <trkpt lat="-37.0157780" lon="-70.6687740">
    <ele>1181.6</ele>
   </trkpt>
   <trkpt lat="-37.0157740" lon="-70.6688020">
    <ele>1181.8</ele>
   </trkpt>
   <trkpt lat="-37.0157640" lon="-70.6688270">
    <ele>1182.0</ele>
   </trkpt>
   <trkpt lat="-37.0157440" lon="-70.6688960">
    <ele>1182.2</ele>
   </trkpt>
   <trkpt lat="-37.0157340" lon="-70.6689180">
    <ele>1182.4</ele>
   </trkpt>
   <trkpt lat="-37.0157200" lon="-70.6689700">
    <ele>1182.6</ele>
   </trkpt>
   <trkpt lat="-37.0157110" lon="-70.6690190">
    <ele>1182.8</ele>
   </trkpt>
   <trkpt lat="-37.0157130" lon="-70.6690470">
    <ele>1183.0</ele>
   </trkpt>
   <trkpt lat="-37.0157070" lon="-70.6690710">
    <ele>1183.2</ele>
   </trkpt>
   <trkpt lat="-37.0157010" lon="-70.6691160">
    <ele>1183.6</ele>
   </trkpt>
   <trkpt lat="-37.0157030" lon="-70.6691420">
    <ele>1183.8</ele>
   </trkpt>
   <trkpt lat="-37.0157040" lon="-70.6691660">
    <ele>1184.0</ele>
   </trkpt>
   <trkpt lat="-37.0157030" lon="-70.6691870">
    <ele>1184.2</ele>
   </trkpt>
   <trkpt lat="-37.0157080" lon="-70.6692080">
    <ele>1184.4</ele>
   </trkpt>
   <trkpt lat="-37.0157110" lon="-70.6692230">
    <ele>1184.6</ele>
   </trkpt>
   <trkpt lat="-37.0157100" lon="-70.6692360">
    <ele>1184.8</ele>
   </trkpt>
   <trkpt lat="-37.0157110" lon="-70.6692510">
    <ele>1185.0</ele>
   </trkpt>
   <trkpt lat="-37.0157120" lon="-70.6692670">
    <ele>1185.2</ele>
   </trkpt>
   <trkpt lat="-37.0157160" lon="-70.6692810">
    <ele>1185.4</ele>
   </trkpt>
   <trkpt lat="-37.0157250" lon="-70.6693000">
    <ele>1185.6</ele>
   </trkpt>
   <trkpt lat="-37.0157240" lon="-70.6693130">
    <ele>1185.8</ele>
   </trkpt>
   <trkpt lat="-37.0157280" lon="-70.6693310">
    <ele>1186.2</ele>
   </trkpt>
   <trkpt lat="-37.0157370" lon="-70.6693680">
    <ele>1186.6</ele>
   </trkpt>
   <trkpt lat="-37.0157400" lon="-70.6693850">
    <ele>1187.0</ele>
   </trkpt>
   <trkpt lat="-37.0157480" lon="-70.6694020">
    <ele>1187.0</ele>
   </trkpt>
   <trkpt lat="-37.0157760" lon="-70.6694760">
    <ele>1188.4</ele>
   </trkpt>
   <trkpt lat="-37.0157930" lon="-70.6695290">
    <ele>1189.4</ele>
   </trkpt>
   <trkpt lat="-37.0158050" lon="-70.6695660">
    <ele>1190.0</ele>
   </trkpt>
   <trkpt lat="-37.0158140" lon="-70.6695780">
    <ele>1190.2</ele>
   </trkpt>
   <trkpt lat="-37.0158200" lon="-70.6695920">
    <ele>1190.4</ele>
   </trkpt>
   <trkpt lat="-37.0158270" lon="-70.6696100">
    <ele>1190.6</ele>
   </trkpt>
   <trkpt lat="-37.0158360" lon="-70.6696260">
    <ele>1190.8</ele>
   </trkpt>
   <trkpt lat="-37.0158570" lon="-70.6696510">
    <ele>1191.2</ele>
   </trkpt>
   <trkpt lat="-37.0158650" lon="-70.6696670">
    <ele>1191.4</ele>
   </trkpt>
   <trkpt lat="-37.0158810" lon="-70.6697000">
    <ele>1191.6</ele>
   </trkpt>
   <trkpt lat="-37.0158930" lon="-70.6697140">
    <ele>1191.8</ele>
   </trkpt>
   <trkpt lat="-37.0159380" lon="-70.6697800">
    <ele>1192.6</ele>
   </trkpt>
   <trkpt lat="-37.0159520" lon="-70.6697940">
    <ele>1192.6</ele>
   </trkpt>
   <trkpt lat="-37.0160310" lon="-70.6699130">
    <ele>1194.4</ele>
   </trkpt>
   <trkpt lat="-37.0160400" lon="-70.6699250">
    <ele>1194.8</ele>
   </trkpt>
   <trkpt lat="-37.0160500" lon="-70.6699480">
    <ele>1195.0</ele>
   </trkpt>
   <trkpt lat="-37.0160620" lon="-70.6699710">
    <ele>1195.2</ele>
   </trkpt>
   <trkpt lat="-37.0160670" lon="-70.6700030">
    <ele>1195.4</ele>
   </trkpt>
   <trkpt lat="-37.0160800" lon="-70.6700310">
    <ele>1195.4</ele>
   </trkpt>
   <trkpt lat="-37.0160900" lon="-70.6700690">
    <ele>1195.4</ele>
   </trkpt>
   <trkpt lat="-37.0161650" lon="-70.6702820">
    <ele>1195.6</ele>
   </trkpt>
   <trkpt lat="-37.0161700" lon="-70.6703210">
    <ele>1195.8</ele>
   </trkpt>
   <trkpt lat="-37.0161970" lon="-70.6704870">
    <ele>1196.8</ele>
   </trkpt>
   <trkpt lat="-37.0161960" lon="-70.6706190">
    <ele>1196.4</ele>
   </trkpt>
   <trkpt lat="-37.0160690" lon="-70.6710810">
    <ele>1193.4</ele>
   </trkpt>
   <trkpt lat="-37.0158900" lon="-70.6715040">
    <ele>1190.4</ele>
   </trkpt>
   <trkpt lat="-37.0156830" lon="-70.6719050">
    <ele>1188.2</ele>
   </trkpt>
   <trkpt lat="-37.0154090" lon="-70.6722350">
    <ele>1184.6</ele>
   </trkpt>
   <trkpt lat="-37.0150580" lon="-70.6724690">
    <ele>1182.8</ele>
   </trkpt>
   <trkpt lat="-37.0146980" lon="-70.6726240">
    <ele>1181.2</ele>
   </trkpt>
   <trkpt lat="-37.0146210" lon="-70.6726970">
    <ele>1181.2</ele>
   </trkpt>
   <trkpt lat="-37.0145570" lon="-70.6727900">
    <ele>1180.8</ele>
   </trkpt>
   <trkpt lat="-37.0143600" lon="-70.6730810">
    <ele>1178.4</ele>
   </trkpt>
   <trkpt lat="-37.0142930" lon="-70.6731340">
    <ele>1178.0</ele>
   </trkpt>
   <trkpt lat="-37.0142230" lon="-70.6731700">
    <ele>1177.8</ele>
   </trkpt>
   <trkpt lat="-37.0140820" lon="-70.6732430">
    <ele>1177.0</ele>
   </trkpt>
   <trkpt lat="-37.0140270" lon="-70.6733150">
    <ele>1177.2</ele>
   </trkpt>
   <trkpt lat="-37.0139880" lon="-70.6733860">
    <ele>1177.2</ele>
   </trkpt>
   <trkpt lat="-37.0138460" lon="-70.6735910">
    <ele>1177.0</ele>
   </trkpt>
   <trkpt lat="-37.0138130" lon="-70.6736210">
    <ele>1177.0</ele>
   </trkpt>
   <trkpt lat="-37.0137910" lon="-70.6736570">
    <ele>1177.0</ele>
   </trkpt>
   <trkpt lat="-37.0137580" lon="-70.6736820">
    <ele>1177.0</ele>
   </trkpt>
   <trkpt lat="-37.0136620" lon="-70.6737790">
    <ele>1177.0</ele>
   </trkpt>
   <trkpt lat="-37.0135940" lon="-70.6738500">
    <ele>1177.0</ele>
   </trkpt>
   <trkpt lat="-37.0135110" lon="-70.6739230">
    <ele>1177.2</ele>
   </trkpt>
   <trkpt lat="-37.0134810" lon="-70.6739630">
    <ele>1177.0</ele>
   </trkpt>
   <trkpt lat="-37.0134470" lon="-70.6739990">
    <ele>1177.0</ele>
   </trkpt>
   <trkpt lat="-37.0131460" lon="-70.6742680">
    <ele>1177.6</ele>
   </trkpt>
   <trkpt lat="-37.0128360" lon="-70.6745100">
    <ele>1177.0</ele>
   </trkpt>
   <trkpt lat="-37.0124970" lon="-70.6747250">
    <ele>1176.2</ele>
   </trkpt>
   <trkpt lat="-37.0121000" lon="-70.6748440">
    <ele>1175.2</ele>
   </trkpt>
   <trkpt lat="-37.0116880" lon="-70.6748870">
    <ele>1174.2</ele>
   </trkpt>
   <trkpt lat="-37.0116150" lon="-70.6749050">
    <ele>1173.8</ele>
   </trkpt>
   <trkpt lat="-37.0115480" lon="-70.6749350">
    <ele>1173.4</ele>
   </trkpt>
   <trkpt lat="-37.0114860" lon="-70.6749820">
    <ele>1173.2</ele>
   </trkpt>
   <trkpt lat="-37.0111150" lon="-70.6752260">
    <ele>1172.0</ele>
   </trkpt>
   <trkpt lat="-37.0109390" lon="-70.6753190">
    <ele>1172.0</ele>
   </trkpt>
   <trkpt lat="-37.0108480" lon="-70.6753390">
    <ele>1172.4</ele>
   </trkpt>
   <trkpt lat="-37.0107970" lon="-70.6753530">
    <ele>1173.0</ele>
   </trkpt>
   <trkpt lat="-37.0107680" lon="-70.6753530">
    <ele>1173.2</ele>
   </trkpt>
   <trkpt lat="-37.0107420" lon="-70.6753610">
    <ele>1173.4</ele>
   </trkpt>
   <trkpt lat="-37.0107150" lon="-70.6753740">
    <ele>1173.2</ele>
   </trkpt>
   <trkpt lat="-37.0106850" lon="-70.6753950">
    <ele>1173.4</ele>
   </trkpt>
   <trkpt lat="-37.0106370" lon="-70.6754250">
    <ele>1173.8</ele>
   </trkpt>
   <trkpt lat="-37.0106170" lon="-70.6754400">
    <ele>1173.8</ele>
   </trkpt>
   <trkpt lat="-37.0105900" lon="-70.6754570">
    <ele>1174.2</ele>
   </trkpt>
   <trkpt lat="-37.0105680" lon="-70.6754880">
    <ele>1174.4</ele>
   </trkpt>
   <trkpt lat="-37.0105410" lon="-70.6755080">
    <ele>1174.6</ele>
   </trkpt>
   <trkpt lat="-37.0105180" lon="-70.6755300">
    <ele>1174.6</ele>
   </trkpt>
   <trkpt lat="-37.0104900" lon="-70.6755510">
    <ele>1174.8</ele>
   </trkpt>
   <trkpt lat="-37.0104660" lon="-70.6755770">
    <ele>1175.0</ele>
   </trkpt>
   <trkpt lat="-37.0104370" lon="-70.6755950">
    <ele>1175.0</ele>
   </trkpt>
   <trkpt lat="-37.0101660" lon="-70.6756970">
    <ele>1178.2</ele>
   </trkpt>
   <trkpt lat="-37.0097950" lon="-70.6757500">
    <ele>1179.6</ele>
   </trkpt>
   <trkpt lat="-37.0096690" lon="-70.6757860">
    <ele>1179.8</ele>
   </trkpt>
   <trkpt lat="-37.0096260" lon="-70.6758170">
    <ele>1179.6</ele>
   </trkpt>
   <trkpt lat="-37.0095890" lon="-70.6758550">
    <ele>1179.4</ele>
   </trkpt>
   <trkpt lat="-37.0095100" lon="-70.6759600">
    <ele>1179.2</ele>
   </trkpt>
   <trkpt lat="-37.0094740" lon="-70.6760400">
    <ele>1179.4</ele>
   </trkpt>
   <trkpt lat="-37.0092990" lon="-70.6764740">
    <ele>1178.2</ele>
   </trkpt>
   <trkpt lat="-37.0091500" lon="-70.6768970">
    <ele>1174.8</ele>
   </trkpt>
   <trkpt lat="-37.0089340" lon="-70.6773320">
    <ele>1172.4</ele>
   </trkpt>
   <trkpt lat="-37.0087330" lon="-70.6777350">
    <ele>1170.2</ele>
   </trkpt>
   <trkpt lat="-37.0086690" lon="-70.6778080">
    <ele>1169.8</ele>
   </trkpt>
   <trkpt lat="-37.0085990" lon="-70.6778500">
    <ele>1169.4</ele>
   </trkpt>
   <trkpt lat="-37.0085630" lon="-70.6778820">
    <ele>1169.4</ele>
   </trkpt>
   <trkpt lat="-37.0085270" lon="-70.6779130">
    <ele>1168.8</ele>
   </trkpt>
   <trkpt lat="-37.0081660" lon="-70.6782300">
    <ele>1164.8</ele>
   </trkpt>
   <trkpt lat="-37.0080990" lon="-70.6783310">
    <ele>1163.2</ele>
   </trkpt>
   <trkpt lat="-37.0080880" lon="-70.6783930">
    <ele>1162.4</ele>
   </trkpt>
   <trkpt lat="-37.0081000" lon="-70.6784460">
    <ele>1161.6</ele>
   </trkpt>
   <trkpt lat="-37.0081270" lon="-70.6784780">
    <ele>1161.2</ele>
   </trkpt>
   <trkpt lat="-37.0081620" lon="-70.6784910">
    <ele>1160.8</ele>
   </trkpt>
   <trkpt lat="-37.0082210" lon="-70.6785120">
    <ele>1160.2</ele>
   </trkpt>
   <trkpt lat="-37.0083210" lon="-70.6785480">
    <ele>1160.2</ele>
   </trkpt>
   <trkpt lat="-37.0083400" lon="-70.6785570">
    <ele>1160.4</ele>
   </trkpt>
   <trkpt lat="-37.0083530" lon="-70.6785630">
    <ele>1160.6</ele>
   </trkpt>
   <trkpt lat="-37.0083740" lon="-70.6785690">
    <ele>1160.8</ele>
   </trkpt>
   <trkpt lat="-37.0083970" lon="-70.6785900">
    <ele>1160.8</ele>
   </trkpt>
   <trkpt lat="-37.0084440" lon="-70.6786420">
    <ele>1161.0</ele>
   </trkpt>
   <trkpt lat="-37.0084600" lon="-70.6786710">
    <ele>1161.4</ele>
   </trkpt>
   <trkpt lat="-37.0085000" lon="-70.6787610">
    <ele>1162.8</ele>
   </trkpt>
   <trkpt lat="-37.0085100" lon="-70.6787920">
    <ele>1163.0</ele>
   </trkpt>
   <trkpt lat="-37.0085260" lon="-70.6788270">
    <ele>1163.2</ele>
   </trkpt>
   <trkpt lat="-37.0085350" lon="-70.6788600">
    <ele>1163.4</ele>
   </trkpt>
   <trkpt lat="-37.0085580" lon="-70.6789960">
    <ele>1164.8</ele>
   </trkpt>
   <trkpt lat="-37.0085560" lon="-70.6790260">
    <ele>1165.2</ele>
   </trkpt>
   <trkpt lat="-37.0085520" lon="-70.6790580">
    <ele>1165.8</ele>
   </trkpt>
   <trkpt lat="-37.0085530" lon="-70.6790870">
    <ele>1166.2</ele>
   </trkpt>
   <trkpt lat="-37.0085500" lon="-70.6791150">
    <ele>1166.6</ele>
   </trkpt>
   <trkpt lat="-37.0085460" lon="-70.6791640">
    <ele>1166.8</ele>
   </trkpt>
   <trkpt lat="-37.0085510" lon="-70.6791880">
    <ele>1167.0</ele>
   </trkpt>
   <trkpt lat="-37.0085490" lon="-70.6792140">
    <ele>1167.2</ele>
   </trkpt>
   <trkpt lat="-37.0085380" lon="-70.6792980">
    <ele>1168.0</ele>
   </trkpt>
   <trkpt lat="-37.0085310" lon="-70.6793260">
    <ele>1168.4</ele>
   </trkpt>
   <trkpt lat="-37.0085320" lon="-70.6793620">
    <ele>1168.6</ele>
   </trkpt>
   <trkpt lat="-37.0085290" lon="-70.6793950">
    <ele>1169.0</ele>
   </trkpt>
   <trkpt lat="-37.0085190" lon="-70.6794240">
    <ele>1169.0</ele>
   </trkpt>
   <trkpt lat="-37.0085100" lon="-70.6794560">
    <ele>1169.4</ele>
   </trkpt>
   <trkpt lat="-37.0085060" lon="-70.6794920">
    <ele>1169.6</ele>
   </trkpt>
   <trkpt lat="-37.0084940" lon="-70.6795210">
    <ele>1169.8</ele>
   </trkpt>
   <trkpt lat="-37.0084870" lon="-70.6795530">
    <ele>1169.8</ele>
   </trkpt>
   <trkpt lat="-37.0084490" lon="-70.6797450">
    <ele>1170.8</ele>
   </trkpt>
   <trkpt lat="-37.0084270" lon="-70.6798380">
    <ele>1171.0</ele>
   </trkpt>
   <trkpt lat="-37.0084220" lon="-70.6798680">
    <ele>1171.0</ele>
   </trkpt>
   <trkpt lat="-37.0084060" lon="-70.6799020">
    <ele>1171.0</ele>
   </trkpt>
   <trkpt lat="-37.0083960" lon="-70.6799370">
    <ele>1171.0</ele>
   </trkpt>
   <trkpt lat="-37.0083790" lon="-70.6800080">
    <ele>1171.2</ele>
   </trkpt>
   <trkpt lat="-37.0083610" lon="-70.6800770">
    <ele>1171.6</ele>
   </trkpt>
   <trkpt lat="-37.0083580" lon="-70.6801120">
    <ele>1171.8</ele>
   </trkpt>
   <trkpt lat="-37.0083490" lon="-70.6801430">
    <ele>1172.0</ele>
   </trkpt>
   <trkpt lat="-37.0083450" lon="-70.6801740">
    <ele>1172.2</ele>
   </trkpt>
   <trkpt lat="-37.0083370" lon="-70.6802050">
    <ele>1172.4</ele>
   </trkpt>
   <trkpt lat="-37.0082830" lon="-70.6803870">
    <ele>1173.8</ele>
   </trkpt>
   <trkpt lat="-37.0082780" lon="-70.6804140">
    <ele>1174.0</ele>
   </trkpt>
   <trkpt lat="-37.0082630" lon="-70.6804380">
    <ele>1174.0</ele>
   </trkpt>
   <trkpt lat="-37.0082130" lon="-70.6805160">
    <ele>1174.4</ele>
   </trkpt>
   <trkpt lat="-37.0081630" lon="-70.6805830">
    <ele>1174.6</ele>
   </trkpt>
   <trkpt lat="-37.0081480" lon="-70.6806050">
    <ele>1174.8</ele>
   </trkpt>
   <trkpt lat="-37.0081300" lon="-70.6806240">
    <ele>1175.2</ele>
   </trkpt>
   <trkpt lat="-37.0080840" lon="-70.6806870">
    <ele>1176.0</ele>
   </trkpt>
   <trkpt lat="-37.0080420" lon="-70.6807700">
    <ele>1176.6</ele>
   </trkpt>
   <trkpt lat="-37.0080430" lon="-70.6807960">
    <ele>1177.0</ele>
   </trkpt>
   <trkpt lat="-37.0080410" lon="-70.6808580">
    <ele>1177.6</ele>
   </trkpt>
   <trkpt lat="-37.0080510" lon="-70.6808830">
    <ele>1177.8</ele>
   </trkpt>
   <trkpt lat="-37.0080540" lon="-70.6809100">
    <ele>1178.0</ele>
   </trkpt>
   <trkpt lat="-37.0080570" lon="-70.6809430">
    <ele>1178.2</ele>
   </trkpt>
   <trkpt lat="-37.0080640" lon="-70.6809710">
    <ele>1178.2</ele>
   </trkpt>
   <trkpt lat="-37.0080760" lon="-70.6810200">
    <ele>1178.8</ele>
   </trkpt>
   <trkpt lat="-37.0080870" lon="-70.6810450">
    <ele>1179.0</ele>
   </trkpt>
   <trkpt lat="-37.0080850" lon="-70.6810690">
    <ele>1179.2</ele>
   </trkpt>
   <trkpt lat="-37.0080880" lon="-70.6810950">
    <ele>1179.2</ele>
   </trkpt>
   <trkpt lat="-37.0080900" lon="-70.6811370">
    <ele>1179.6</ele>
   </trkpt>
   <trkpt lat="-37.0080880" lon="-70.6811640">
    <ele>1179.8</ele>
   </trkpt>
   <trkpt lat="-37.0080890" lon="-70.6811890">
    <ele>1180.0</ele>
   </trkpt>
   <trkpt lat="-37.0080930" lon="-70.6812140">
    <ele>1180.2</ele>
   </trkpt>
   <trkpt lat="-37.0080910" lon="-70.6812410">
    <ele>1180.4</ele>
   </trkpt>
   <trkpt lat="-37.0080940" lon="-70.6812670">
    <ele>1180.6</ele>
   </trkpt>
   <trkpt lat="-37.0080950" lon="-70.6812920">
    <ele>1180.8</ele>
   </trkpt>
   <trkpt lat="-37.0080900" lon="-70.6813170">
    <ele>1181.0</ele>
   </trkpt>
   <trkpt lat="-37.0080960" lon="-70.6813430">
    <ele>1181.2</ele>
   </trkpt>
   <trkpt lat="-37.0080990" lon="-70.6813870">
    <ele>1181.8</ele>
   </trkpt>
   <trkpt lat="-37.0080920" lon="-70.6814080">
    <ele>1182.0</ele>
   </trkpt>
   <trkpt lat="-37.0080840" lon="-70.6814500">
    <ele>1182.6</ele>
   </trkpt>
   <trkpt lat="-37.0080850" lon="-70.6814720">
    <ele>1182.8</ele>
   </trkpt>
   <trkpt lat="-37.0080810" lon="-70.6814920">
    <ele>1183.0</ele>
   </trkpt>
   <trkpt lat="-37.0080810" lon="-70.6815120">
    <ele>1183.2</ele>
   </trkpt>
   <trkpt lat="-37.0080770" lon="-70.6815360">
    <ele>1183.4</ele>
   </trkpt>
   <trkpt lat="-37.0080770" lon="-70.6815550">
    <ele>1183.6</ele>
   </trkpt>
   <trkpt lat="-37.0080740" lon="-70.6815770">
    <ele>1184.0</ele>
   </trkpt>
   <trkpt lat="-37.0080740" lon="-70.6816020">
    <ele>1184.0</ele>
   </trkpt>
   <trkpt lat="-37.0080780" lon="-70.6816260">
    <ele>1184.2</ele>
   </trkpt>
   <trkpt lat="-37.0080750" lon="-70.6816470">
    <ele>1184.4</ele>
   </trkpt>
   <trkpt lat="-37.0080630" lon="-70.6817350">
    <ele>1185.4</ele>
   </trkpt>
   <trkpt lat="-37.0080640" lon="-70.6817580">
    <ele>1185.6</ele>
   </trkpt>
   <trkpt lat="-37.0080630" lon="-70.6817800">
    <ele>1185.6</ele>
   </trkpt>
   <trkpt lat="-37.0080660" lon="-70.6818000">
    <ele>1185.8</ele>
   </trkpt>
   <trkpt lat="-37.0080640" lon="-70.6818370">
    <ele>1186.2</ele>
   </trkpt>
   <trkpt lat="-37.0080670" lon="-70.6818560">
    <ele>1186.6</ele>
   </trkpt>
   <trkpt lat="-37.0080670" lon="-70.6818780">
    <ele>1187.0</ele>
   </trkpt>
   <trkpt lat="-37.0080630" lon="-70.6818970">
    <ele>1187.2</ele>
   </trkpt>
   <trkpt lat="-37.0080550" lon="-70.6819610">
    <ele>1188.0</ele>
   </trkpt>
   <trkpt lat="-37.0080530" lon="-70.6820060">
    <ele>1188.0</ele>
   </trkpt>
   <trkpt lat="-37.0080480" lon="-70.6820270">
    <ele>1188.4</ele>
   </trkpt>
   <trkpt lat="-37.0080360" lon="-70.6820920">
    <ele>1189.4</ele>
   </trkpt>
   <trkpt lat="-37.0080320" lon="-70.6821410">
    <ele>1189.8</ele>
   </trkpt>
   <trkpt lat="-37.0080280" lon="-70.6821620">
    <ele>1189.8</ele>
   </trkpt>
   <trkpt lat="-37.0080230" lon="-70.6822240">
    <ele>1190.6</ele>
   </trkpt>
   <trkpt lat="-37.0080230" lon="-70.6822620">
    <ele>1191.2</ele>
   </trkpt>
   <trkpt lat="-37.0080210" lon="-70.6823040">
    <ele>1191.6</ele>
   </trkpt>
   <trkpt lat="-37.0080130" lon="-70.6823270">
    <ele>1191.8</ele>
   </trkpt>
   <trkpt lat="-37.0080140" lon="-70.6823410">
    <ele>1192.0</ele>
   </trkpt>
   <trkpt lat="-37.0080110" lon="-70.6823590">
    <ele>1192.2</ele>
   </trkpt>
   <trkpt lat="-37.0080130" lon="-70.6823810">
    <ele>1192.4</ele>
   </trkpt>
   <trkpt lat="-37.0080140" lon="-70.6824070">
    <ele>1192.6</ele>
   </trkpt>
   <trkpt lat="-37.0080100" lon="-70.6824280">
    <ele>1192.8</ele>
   </trkpt>
   <trkpt lat="-37.0080040" lon="-70.6824720">
    <ele>1193.2</ele>
   </trkpt>
   <trkpt lat="-37.0080070" lon="-70.6824950">
    <ele>1193.2</ele>
   </trkpt>
   <trkpt lat="-37.0080070" lon="-70.6825160">
    <ele>1193.4</ele>
   </trkpt>
   <trkpt lat="-37.0080030" lon="-70.6825330">
    <ele>1193.6</ele>
   </trkpt>
   <trkpt lat="-37.0080000" lon="-70.6825490">
    <ele>1193.8</ele>
   </trkpt>
   <trkpt lat="-37.0080000" lon="-70.6825650">
    <ele>1193.8</ele>
   </trkpt>
   <trkpt lat="-37.0079970" lon="-70.6825830">
    <ele>1194.0</ele>
   </trkpt>
   <trkpt lat="-37.0079910" lon="-70.6826040">
    <ele>1194.0</ele>
   </trkpt>
   <trkpt lat="-37.0079840" lon="-70.6826240">
    <ele>1194.2</ele>
   </trkpt>
   <trkpt lat="-37.0079860" lon="-70.6826460">
    <ele>1194.2</ele>
   </trkpt>
   <trkpt lat="-37.0079850" lon="-70.6826660">
    <ele>1194.4</ele>
   </trkpt>
   <trkpt lat="-37.0079870" lon="-70.6826860">
    <ele>1194.6</ele>
   </trkpt>
   <trkpt lat="-37.0079810" lon="-70.6827060">
    <ele>1194.6</ele>
   </trkpt>
   <trkpt lat="-37.0079700" lon="-70.6827310">
    <ele>1194.8</ele>
   </trkpt>
   <trkpt lat="-37.0079640" lon="-70.6827570">
    <ele>1195.0</ele>
   </trkpt>
   <trkpt lat="-37.0079560" lon="-70.6827780">
    <ele>1195.2</ele>
   </trkpt>
   <trkpt lat="-37.0079410" lon="-70.6828230">
    <ele>1195.2</ele>
   </trkpt>
   <trkpt lat="-37.0079360" lon="-70.6828470">
    <ele>1195.4</ele>
   </trkpt>
   <trkpt lat="-37.0079260" lon="-70.6828610">
    <ele>1195.4</ele>
   </trkpt>
   <trkpt lat="-37.0079200" lon="-70.6828730">
    <ele>1195.6</ele>
   </trkpt>
   <trkpt lat="-37.0079160" lon="-70.6828870">
    <ele>1195.6</ele>
   </trkpt>
   <trkpt lat="-37.0079070" lon="-70.6828950">
    <ele>1195.8</ele>
   </trkpt>
   <trkpt lat="-37.0078990" lon="-70.6829070">
    <ele>1195.8</ele>
   </trkpt>
   <trkpt lat="-37.0078910" lon="-70.6829260">
    <ele>1195.8</ele>
   </trkpt>
   <trkpt lat="-37.0078800" lon="-70.6829460">
    <ele>1196.0</ele>
   </trkpt>
   <trkpt lat="-37.0078630" lon="-70.6829840">
    <ele>1196.2</ele>
   </trkpt>
   <trkpt lat="-37.0078450" lon="-70.6830000">
    <ele>1196.2</ele>
   </trkpt>
   <trkpt lat="-37.0078270" lon="-70.6830190">
    <ele>1196.2</ele>
   </trkpt>
   <trkpt lat="-37.0078160" lon="-70.6830350">
    <ele>1196.2</ele>
   </trkpt>
   <trkpt lat="-37.0078050" lon="-70.6830490">
    <ele>1196.4</ele>
   </trkpt>
   <trkpt lat="-37.0077910" lon="-70.6830610">
    <ele>1196.6</ele>
   </trkpt>
   <trkpt lat="-37.0076980" lon="-70.6831450">
    <ele>1197.6</ele>
   </trkpt>
   <trkpt lat="-37.0076860" lon="-70.6831540">
    <ele>1197.6</ele>
   </trkpt>
   <trkpt lat="-37.0076750" lon="-70.6831680">
    <ele>1197.8</ele>
   </trkpt>
   <trkpt lat="-37.0076330" lon="-70.6832080">
    <ele>1198.0</ele>
   </trkpt>
   <trkpt lat="-37.0076180" lon="-70.6832190">
    <ele>1198.0</ele>
   </trkpt>
   <trkpt lat="-37.0075680" lon="-70.6832610">
    <ele>1198.4</ele>
   </trkpt>
   <trkpt lat="-37.0075510" lon="-70.6832730">
    <ele>1198.4</ele>
   </trkpt>
   <trkpt lat="-37.0075350" lon="-70.6832900">
    <ele>1198.6</ele>
   </trkpt>
   <trkpt lat="-37.0075190" lon="-70.6833020">
    <ele>1198.6</ele>
   </trkpt>
   <trkpt lat="-37.0075050" lon="-70.6833110">
    <ele>1198.6</ele>
   </trkpt>
   <trkpt lat="-37.0074880" lon="-70.6833170">
    <ele>1198.6</ele>
   </trkpt>
   <trkpt lat="-37.0074650" lon="-70.6833300">
    <ele>1198.6</ele>
   </trkpt>
   <trkpt lat="-37.0074380" lon="-70.6833430">
    <ele>1198.6</ele>
   </trkpt>
   <trkpt lat="-37.0074120" lon="-70.6833620">
    <ele>1198.6</ele>
   </trkpt>
   <trkpt lat="-37.0072240" lon="-70.6835400">
    <ele>1199.2</ele>
   </trkpt>
   <trkpt lat="-37.0071960" lon="-70.6835620">
    <ele>1199.2</ele>
   </trkpt>
   <trkpt lat="-37.0071270" lon="-70.6836090">
    <ele>1199.2</ele>
   </trkpt>
   <trkpt lat="-37.0070990" lon="-70.6836220">
    <ele>1199.2</ele>
   </trkpt>
   <trkpt lat="-37.0070710" lon="-70.6836460">
    <ele>1199.2</ele>
   </trkpt>
   <trkpt lat="-37.0070190" lon="-70.6836960">
    <ele>1199.2</ele>
   </trkpt>
   <trkpt lat="-37.0068100" lon="-70.6839040">
    <ele>1199.6</ele>
   </trkpt>
   <trkpt lat="-37.0067930" lon="-70.6839290">
    <ele>1199.6</ele>
   </trkpt>
   <trkpt lat="-37.0067690" lon="-70.6839520">
    <ele>1199.6</ele>
   </trkpt>
   <trkpt lat="-37.0067010" lon="-70.6840080">
    <ele>1199.6</ele>
   </trkpt>
   <trkpt lat="-37.0065320" lon="-70.6841600">
    <ele>1200.2</ele>
   </trkpt>
   <trkpt lat="-37.0064620" lon="-70.6842160">
    <ele>1200.2</ele>
   </trkpt>
   <trkpt lat="-37.0064320" lon="-70.6842550">
    <ele>1200.4</ele>
   </trkpt>
   <trkpt lat="-37.0064060" lon="-70.6842890">
    <ele>1200.4</ele>
   </trkpt>
   <trkpt lat="-37.0063790" lon="-70.6842980">
    <ele>1200.4</ele>
   </trkpt>
   <trkpt lat="-37.0063620" lon="-70.6842890">
    <ele>1200.4</ele>
   </trkpt>
   <trkpt lat="-37.0063600" lon="-70.6842670">
    <ele>1200.2</ele>
   </trkpt>
   <trkpt lat="-37.0063710" lon="-70.6842500">
    <ele>1200.0</ele>
   </trkpt>
   <trkpt lat="-37.0063840" lon="-70.6842410">
    <ele>1199.8</ele>
   </trkpt>
   <trkpt lat="-37.0064080" lon="-70.6842310">
    <ele>1199.8</ele>
   </trkpt>
   <trkpt lat="-37.0064390" lon="-70.6842190">
    <ele>1199.8</ele>
   </trkpt>
   <trkpt lat="-37.0064690" lon="-70.6841940">
    <ele>1199.8</ele>
   </trkpt>
   <trkpt lat="-37.0065000" lon="-70.6841570">
    <ele>1200.0</ele>
   </trkpt>
   <trkpt lat="-37.0065920" lon="-70.6840590">
    <ele>1199.8</ele>
   </trkpt>
   <trkpt lat="-37.0066320" lon="-70.6840370">
    <ele>1199.6</ele>
   </trkpt>
   <trkpt lat="-37.0069430" lon="-70.6837640">
    <ele>1199.8</ele>
   </trkpt>
   <trkpt lat="-37.0071860" lon="-70.6835340">
    <ele>1199.8</ele>
   </trkpt>
   <trkpt lat="-37.0073620" lon="-70.6833850">
    <ele>1199.4</ele>
   </trkpt>
   <trkpt lat="-37.0074090" lon="-70.6833560">
    <ele>1199.2</ele>
   </trkpt>
   <trkpt lat="-37.0074420" lon="-70.6833260">
    <ele>1199.0</ele>
   </trkpt>
   <trkpt lat="-37.0074520" lon="-70.6833130">
    <ele>1199.0</ele>
   </trkpt>
   <trkpt lat="-37.0074120" lon="-70.6833720">
    <ele>1198.8</ele>
   </trkpt>
   <trkpt lat="-37.0073830" lon="-70.6833980">
    <ele>1198.8</ele>
   </trkpt>
   <trkpt lat="-37.0072370" lon="-70.6835160">
    <ele>1199.2</ele>
   </trkpt>
   <trkpt lat="-37.0071770" lon="-70.6835570">
    <ele>1199.4</ele>
   </trkpt>
   <trkpt lat="-37.0071200" lon="-70.6836170">
    <ele>1199.6</ele>
   </trkpt>
   <trkpt lat="-37.0070570" lon="-70.6836650">
    <ele>1200.2</ele>
   </trkpt>
   <trkpt lat="-37.0067560" lon="-70.6839380">
    <ele>1201.2</ele>
   </trkpt>
   <trkpt lat="-37.0066990" lon="-70.6840000">
    <ele>1201.2</ele>
   </trkpt>
   <trkpt lat="-37.0063870" lon="-70.6842830">
    <ele>1201.8</ele>
   </trkpt>
   <trkpt lat="-37.0060760" lon="-70.6845590">
    <ele>1202.4</ele>
   </trkpt>
   <trkpt lat="-37.0057730" lon="-70.6848400">
    <ele>1201.4</ele>
   </trkpt>
   <trkpt lat="-37.0054620" lon="-70.6851270">
    <ele>1202.0</ele>
   </trkpt>
   <trkpt lat="-37.0051480" lon="-70.6854230">
    <ele>1202.2</ele>
   </trkpt>
   <trkpt lat="-37.0048330" lon="-70.6857160">
    <ele>1202.2</ele>
   </trkpt>
   <trkpt lat="-37.0045010" lon="-70.6860230">
    <ele>1202.4</ele>
   </trkpt>
   <trkpt lat="-37.0041500" lon="-70.6863190">
    <ele>1201.8</ele>
   </trkpt>
   <trkpt lat="-37.0038520" lon="-70.6865890">
    <ele>1201.0</ele>
   </trkpt>
   <trkpt lat="-37.0035490" lon="-70.6869130">
    <ele>1196.6</ele>
   </trkpt>
   <trkpt lat="-37.0032250" lon="-70.6873080">
    <ele>1194.2</ele>
   </trkpt>
   <trkpt lat="-37.0028740" lon="-70.6877100">
    <ele>1189.2</ele>
   </trkpt>
   <trkpt lat="-37.0025650" lon="-70.6879710">
    <ele>1184.4</ele>
   </trkpt>
   <trkpt lat="-37.0021750" lon="-70.6882510">
    <ele>1178.2</ele>
   </trkpt>
   <trkpt lat="-37.0020820" lon="-70.6883030">
    <ele>1175.0</ele>
   </trkpt>
   <trkpt lat="-37.0019880" lon="-70.6883330">
    <ele>1172.4</ele>
   </trkpt>
   <trkpt lat="-37.0018960" lon="-70.6883330">
    <ele>1171.8</ele>
   </trkpt>
   <trkpt lat="-37.0018010" lon="-70.6882980">
    <ele>1171.6</ele>
   </trkpt>
   <trkpt lat="-37.0017070" lon="-70.6882450">
    <ele>1171.0</ele>
   </trkpt>
   <trkpt lat="-37.0016250" lon="-70.6881680">
    <ele>1170.6</ele>
   </trkpt>
   <trkpt lat="-37.0014760" lon="-70.6880190">
    <ele>1169.4</ele>
   </trkpt>
   <trkpt lat="-37.0014320" lon="-70.6879110">
    <ele>1168.6</ele>
   </trkpt>
   <trkpt lat="-37.0013980" lon="-70.6878060">
    <ele>1167.4</ele>
   </trkpt>
   <trkpt lat="-37.0013530" lon="-70.6877230">
    <ele>1166.6</ele>
   </trkpt>
   <trkpt lat="-37.0012900" lon="-70.6876710">
    <ele>1165.8</ele>
   </trkpt>
   <trkpt lat="-37.0012180" lon="-70.6876580">
    <ele>1165.4</ele>
   </trkpt>
   <trkpt lat="-37.0011550" lon="-70.6876910">
    <ele>1164.8</ele>
   </trkpt>
   <trkpt lat="-37.0011070" lon="-70.6877470">
    <ele>1164.2</ele>
   </trkpt>
   <trkpt lat="-37.0010700" lon="-70.6878040">
    <ele>1164.6</ele>
   </trkpt>
   <trkpt lat="-37.0010260" lon="-70.6878550">
    <ele>1164.2</ele>
   </trkpt>
   <trkpt lat="-37.0009050" lon="-70.6880250">
    <ele>1165.6</ele>
   </trkpt>
   <trkpt lat="-37.0008740" lon="-70.6880890">
    <ele>1166.0</ele>
   </trkpt>
   <trkpt lat="-37.0008290" lon="-70.6881930">
    <ele>1166.8</ele>
   </trkpt>
   <trkpt lat="-37.0008120" lon="-70.6882400">
    <ele>1167.4</ele>
   </trkpt>
   <trkpt lat="-37.0007570" lon="-70.6884610">
    <ele>1169.4</ele>
   </trkpt>
   <trkpt lat="-37.0007540" lon="-70.6885010">
    <ele>1169.8</ele>
   </trkpt>
   <trkpt lat="-37.0007490" lon="-70.6885380">
    <ele>1170.4</ele>
   </trkpt>
   <trkpt lat="-37.0007490" lon="-70.6885760">
    <ele>1171.0</ele>
   </trkpt>
   <trkpt lat="-37.0007440" lon="-70.6886120">
    <ele>1171.4</ele>
   </trkpt>
   <trkpt lat="-37.0007330" lon="-70.6887820">
    <ele>1172.6</ele>
   </trkpt>
   <trkpt lat="-37.0007170" lon="-70.6888720">
    <ele>1174.0</ele>
   </trkpt>
   <trkpt lat="-37.0007040" lon="-70.6889180">
    <ele>1174.0</ele>
   </trkpt>
   <trkpt lat="-37.0006990" lon="-70.6889660">
    <ele>1174.2</ele>
   </trkpt>
   <trkpt lat="-37.0006820" lon="-70.6890130">
    <ele>1174.6</ele>
   </trkpt>
   <trkpt lat="-37.0006040" lon="-70.6891610">
    <ele>1174.8</ele>
   </trkpt>
   <trkpt lat="-37.0004140" lon="-70.6893920">
    <ele>1174.0</ele>
   </trkpt>
   <trkpt lat="-37.0001210" lon="-70.6895730">
    <ele>1173.0</ele>
   </trkpt>
   <trkpt lat="-36.9999000" lon="-70.6895850">
    <ele>1172.8</ele>
   </trkpt>
   <trkpt lat="-36.9998550" lon="-70.6895820">
    <ele>1173.0</ele>
   </trkpt>
   <trkpt lat="-36.9996950" lon="-70.6895700">
    <ele>1173.2</ele>
   </trkpt>
   <trkpt lat="-36.9996210" lon="-70.6895710">
    <ele>1173.4</ele>
   </trkpt>
   <trkpt lat="-36.9995880" lon="-70.6895740">
    <ele>1173.4</ele>
   </trkpt>
   <trkpt lat="-36.9994650" lon="-70.6895680">
    <ele>1173.6</ele>
   </trkpt>
   <trkpt lat="-36.9994280" lon="-70.6895720">
    <ele>1173.8</ele>
   </trkpt>
   <trkpt lat="-36.9993920" lon="-70.6895670">
    <ele>1174.0</ele>
   </trkpt>
   <trkpt lat="-36.9993580" lon="-70.6895700">
    <ele>1174.2</ele>
   </trkpt>
   <trkpt lat="-36.9992690" lon="-70.6895650">
    <ele>1174.8</ele>
   </trkpt>
   <trkpt lat="-36.9992030" lon="-70.6895720">
    <ele>1174.8</ele>
   </trkpt>
   <trkpt lat="-36.9990180" lon="-70.6895560">
    <ele>1175.6</ele>
   </trkpt>
   <trkpt lat="-36.9989860" lon="-70.6895570">
    <ele>1175.8</ele>
   </trkpt>
   <trkpt lat="-36.9988790" lon="-70.6895580">
    <ele>1176.0</ele>
   </trkpt>
   <trkpt lat="-36.9988040" lon="-70.6895550">
    <ele>1175.8</ele>
   </trkpt>
   <trkpt lat="-36.9986540" lon="-70.6895550">
    <ele>1176.0</ele>
   </trkpt>
   <trkpt lat="-36.9985750" lon="-70.6895550">
    <ele>1176.2</ele>
   </trkpt>
   <trkpt lat="-36.9984260" lon="-70.6895550">
    <ele>1177.0</ele>
   </trkpt>
   <trkpt lat="-36.9980590" lon="-70.6895620">
    <ele>1178.0</ele>
   </trkpt>
   <trkpt lat="-36.9980210" lon="-70.6895590">
    <ele>1178.2</ele>
   </trkpt>
   <trkpt lat="-36.9977760" lon="-70.6895530">
    <ele>1178.8</ele>
   </trkpt>
   <trkpt lat="-36.9977310" lon="-70.6895600">
    <ele>1178.8</ele>
   </trkpt>
   <trkpt lat="-36.9973700" lon="-70.6895610">
    <ele>1179.8</ele>
   </trkpt>
   <trkpt lat="-36.9971730" lon="-70.6895610">
    <ele>1180.8</ele>
   </trkpt>
   <trkpt lat="-36.9971390" lon="-70.6895640">
    <ele>1180.6</ele>
   </trkpt>
   <trkpt lat="-36.9970650" lon="-70.6895650">
    <ele>1180.8</ele>
   </trkpt>
   <trkpt lat="-36.9968270" lon="-70.6895610">
    <ele>1181.6</ele>
   </trkpt>
   <trkpt lat="-36.9964570" lon="-70.6895490">
    <ele>1182.0</ele>
   </trkpt>
   <trkpt lat="-36.9964150" lon="-70.6895470">
    <ele>1182.4</ele>
   </trkpt>
   <trkpt lat="-36.9960400" lon="-70.6895660">
    <ele>1181.4</ele>
   </trkpt>
   <trkpt lat="-36.9957750" lon="-70.6895760">
    <ele>1179.4</ele>
   </trkpt>
   <trkpt lat="-36.9957150" lon="-70.6896020">
    <ele>1179.0</ele>
   </trkpt>
   <trkpt lat="-36.9953690" lon="-70.6897440">
    <ele>1179.2</ele>
   </trkpt>
   <trkpt lat="-36.9952060" lon="-70.6897780">
    <ele>1178.4</ele>
   </trkpt>
   <trkpt lat="-36.9951560" lon="-70.6897970">
    <ele>1178.2</ele>
   </trkpt>
   <trkpt lat="-36.9947690" lon="-70.6898440">
    <ele>1178.2</ele>
   </trkpt>
   <trkpt lat="-36.9945820" lon="-70.6898560">
    <ele>1178.0</ele>
   </trkpt>
   <trkpt lat="-36.9941990" lon="-70.6898690">
    <ele>1176.4</ele>
   </trkpt>
   <trkpt lat="-36.9937930" lon="-70.6898620">
    <ele>1175.4</ele>
   </trkpt>
   <trkpt lat="-36.9933710" lon="-70.6898910">
    <ele>1175.0</ele>
   </trkpt>
   <trkpt lat="-36.9929970" lon="-70.6899400">
    <ele>1175.0</ele>
   </trkpt>
   <trkpt lat="-36.9925910" lon="-70.6899720">
    <ele>1176.6</ele>
   </trkpt>
   <trkpt lat="-36.9922070" lon="-70.6900090">
    <ele>1176.0</ele>
   </trkpt>
   <trkpt lat="-36.9921730" lon="-70.6900110">
    <ele>1176.2</ele>
   </trkpt>
   <trkpt lat="-36.9918380" lon="-70.6900230">
    <ele>1176.8</ele>
   </trkpt>
   <trkpt lat="-36.9915870" lon="-70.6899940">
    <ele>1177.0</ele>
   </trkpt>
   <trkpt lat="-36.9915130" lon="-70.6899760">
    <ele>1177.0</ele>
   </trkpt>
   <trkpt lat="-36.9911510" lon="-70.6898350">
    <ele>1178.0</ele>
   </trkpt>
   <trkpt lat="-36.9910100" lon="-70.6897770">
    <ele>1177.4</ele>
   </trkpt>
   <trkpt lat="-36.9908620" lon="-70.6897480">
    <ele>1176.8</ele>
   </trkpt>
   <trkpt lat="-36.9904680" lon="-70.6897450">
    <ele>1176.8</ele>
   </trkpt>
   <trkpt lat="-36.9903370" lon="-70.6897610">
    <ele>1176.6</ele>
   </trkpt>
   <trkpt lat="-36.9902540" lon="-70.6897860">
    <ele>1176.8</ele>
   </trkpt>
   <trkpt lat="-36.9902150" lon="-70.6898010">
    <ele>1177.0</ele>
   </trkpt>
   <trkpt lat="-36.9901750" lon="-70.6898150">
    <ele>1177.2</ele>
   </trkpt>
   <trkpt lat="-36.9898220" lon="-70.6899260">
    <ele>1176.8</ele>
   </trkpt>
   <trkpt lat="-36.9894670" lon="-70.6900280">
    <ele>1175.6</ele>
   </trkpt>
   <trkpt lat="-36.9890950" lon="-70.6901280">
    <ele>1173.4</ele>
   </trkpt>
   <trkpt lat="-36.9887020" lon="-70.6902270">
    <ele>1169.2</ele>
   </trkpt>
   <trkpt lat="-36.9882840" lon="-70.6902710">
    <ele>1167.0</ele>
   </trkpt>
   <trkpt lat="-36.9881550" lon="-70.6902620">
    <ele>1167.0</ele>
   </trkpt>
   <trkpt lat="-36.9877740" lon="-70.6902960">
    <ele>1166.8</ele>
   </trkpt>
   <trkpt lat="-36.9873980" lon="-70.6903150">
    <ele>1167.4</ele>
   </trkpt>
   <trkpt lat="-36.9870430" lon="-70.6900880">
    <ele>1167.4</ele>
   </trkpt>
   <trkpt lat="-36.9868170" lon="-70.6897970">
    <ele>1164.8</ele>
   </trkpt>
   <trkpt lat="-36.9865060" lon="-70.6895290">
    <ele>1162.8</ele>
   </trkpt>
   <trkpt lat="-36.9864460" lon="-70.6895080">
    <ele>1163.0</ele>
   </trkpt>
   <trkpt lat="-36.9863830" lon="-70.6895020">
    <ele>1163.2</ele>
   </trkpt>
   <trkpt lat="-36.9863240" lon="-70.6895070">
    <ele>1163.6</ele>
   </trkpt>
   <trkpt lat="-36.9862620" lon="-70.6895210">
    <ele>1163.2</ele>
   </trkpt>
   <trkpt lat="-36.9862080" lon="-70.6895460">
    <ele>1163.0</ele>
   </trkpt>
   <trkpt lat="-36.9861650" lon="-70.6895850">
    <ele>1162.4</ele>
   </trkpt>
   <trkpt lat="-36.9861380" lon="-70.6896290">
    <ele>1162.2</ele>
   </trkpt>
   <trkpt lat="-36.9861040" lon="-70.6896690">
    <ele>1162.2</ele>
   </trkpt>
   <trkpt lat="-36.9859650" lon="-70.6897890">
    <ele>1163.4</ele>
   </trkpt>
   <trkpt lat="-36.9859390" lon="-70.6898150">
    <ele>1163.6</ele>
   </trkpt>
   <trkpt lat="-36.9859140" lon="-70.6898320">
    <ele>1164.0</ele>
   </trkpt>
   <trkpt lat="-36.9858560" lon="-70.6898720">
    <ele>1164.8</ele>
   </trkpt>
   <trkpt lat="-36.9858220" lon="-70.6898850">
    <ele>1165.0</ele>
   </trkpt>
   <trkpt lat="-36.9857350" lon="-70.6899390">
    <ele>1166.4</ele>
   </trkpt>
   <trkpt lat="-36.9855260" lon="-70.6900490">
    <ele>1166.0</ele>
   </trkpt>
   <trkpt lat="-36.9854820" lon="-70.6900670">
    <ele>1165.8</ele>
   </trkpt>
   <trkpt lat="-36.9854340" lon="-70.6900680">
    <ele>1166.0</ele>
   </trkpt>
   <trkpt lat="-36.9853880" lon="-70.6900560">
    <ele>1165.8</ele>
   </trkpt>
   <trkpt lat="-36.9853460" lon="-70.6900260">
    <ele>1166.0</ele>
   </trkpt>
   <trkpt lat="-36.9853100" lon="-70.6899970">
    <ele>1166.0</ele>
   </trkpt>
   <trkpt lat="-36.9852830" lon="-70.6899600">
    <ele>1166.2</ele>
   </trkpt>
   <trkpt lat="-36.9852240" lon="-70.6898730">
    <ele>1167.4</ele>
   </trkpt>
   <trkpt lat="-36.9852040" lon="-70.6898540">
    <ele>1167.4</ele>
   </trkpt>
   <trkpt lat="-36.9851670" lon="-70.6898150">
    <ele>1167.8</ele>
   </trkpt>
   <trkpt lat="-36.9851440" lon="-70.6898010">
    <ele>1168.0</ele>
   </trkpt>
   <trkpt lat="-36.9851220" lon="-70.6897810">
    <ele>1168.2</ele>
   </trkpt>
   <trkpt lat="-36.9851030" lon="-70.6897580">
    <ele>1168.4</ele>
   </trkpt>
   <trkpt lat="-36.9850850" lon="-70.6897380">
    <ele>1169.0</ele>
   </trkpt>
   <trkpt lat="-36.9850630" lon="-70.6897200">
    <ele>1169.4</ele>
   </trkpt>
   <trkpt lat="-36.9850450" lon="-70.6896950">
    <ele>1169.8</ele>
   </trkpt>
   <trkpt lat="-36.9850250" lon="-70.6896760">
    <ele>1170.2</ele>
   </trkpt>
   <trkpt lat="-36.9850030" lon="-70.6896550">
    <ele>1170.4</ele>
   </trkpt>
   <trkpt lat="-36.9849830" lon="-70.6896330">
    <ele>1170.6</ele>
   </trkpt>
   <trkpt lat="-36.9849600" lon="-70.6896140">
    <ele>1170.6</ele>
   </trkpt>
   <trkpt lat="-36.9846300" lon="-70.6894110">
    <ele>1171.4</ele>
   </trkpt>
   <trkpt lat="-36.9844800" lon="-70.6893030">
    <ele>1172.4</ele>
   </trkpt>
   <trkpt lat="-36.9844470" lon="-70.6892830">
    <ele>1172.6</ele>
   </trkpt>
   <trkpt lat="-36.9843640" lon="-70.6892170">
    <ele>1172.6</ele>
   </trkpt>
   <trkpt lat="-36.9843320" lon="-70.6891960">
    <ele>1173.0</ele>
   </trkpt>
   <trkpt lat="-36.9843000" lon="-70.6891860">
    <ele>1173.0</ele>
   </trkpt>
   <trkpt lat="-36.9842720" lon="-70.6891640">
    <ele>1173.0</ele>
   </trkpt>
   <trkpt lat="-36.9839270" lon="-70.6889370">
    <ele>1174.6</ele>
   </trkpt>
   <trkpt lat="-36.9835730" lon="-70.6887220">
    <ele>1173.4</ele>
   </trkpt>
   <trkpt lat="-36.9832240" lon="-70.6885750">
    <ele>1171.2</ele>
   </trkpt>
   <trkpt lat="-36.9828720" lon="-70.6884720">
    <ele>1170.4</ele>
   </trkpt>
   <trkpt lat="-36.9824540" lon="-70.6883410">
    <ele>1168.2</ele>
   </trkpt>
   <trkpt lat="-36.9820370" lon="-70.6882280">
    <ele>1165.6</ele>
   </trkpt>
   <trkpt lat="-36.9816040" lon="-70.6882010">
    <ele>1163.6</ele>
   </trkpt>
   <trkpt lat="-36.9812280" lon="-70.6880970">
    <ele>1160.6</ele>
   </trkpt>
   <trkpt lat="-36.9811430" lon="-70.6880420">
    <ele>1159.6</ele>
   </trkpt>
   <trkpt lat="-36.9807780" lon="-70.6878340">
    <ele>1155.2</ele>
   </trkpt>
   <trkpt lat="-36.9803970" lon="-70.6875930">
    <ele>1151.6</ele>
   </trkpt>
   <trkpt lat="-36.9800700" lon="-70.6873480">
    <ele>1150.0</ele>
   </trkpt>
   <trkpt lat="-36.9796910" lon="-70.6871850">
    <ele>1150.2</ele>
   </trkpt>
   <trkpt lat="-36.9793040" lon="-70.6871190">
    <ele>1146.8</ele>
   </trkpt>
   <trkpt lat="-36.9792250" lon="-70.6870900">
    <ele>1146.4</ele>
   </trkpt>
   <trkpt lat="-36.9788660" lon="-70.6869290">
    <ele>1144.0</ele>
   </trkpt>
   <trkpt lat="-36.9785410" lon="-70.6867070">
    <ele>1145.4</ele>
   </trkpt>
   <trkpt lat="-36.9782030" lon="-70.6864900">
    <ele>1146.8</ele>
   </trkpt>
   <trkpt lat="-36.9778780" lon="-70.6862830">
    <ele>1147.8</ele>
   </trkpt>
   <trkpt lat="-36.9775140" lon="-70.6861020">
    <ele>1147.2</ele>
   </trkpt>
   <trkpt lat="-36.9771840" lon="-70.6859170">
    <ele>1145.4</ele>
   </trkpt>
   <trkpt lat="-36.9770210" lon="-70.6857810">
    <ele>1145.8</ele>
   </trkpt>
   <trkpt lat="-36.9767150" lon="-70.6854890">
    <ele>1146.4</ele>
   </trkpt>
   <trkpt lat="-36.9764010" lon="-70.6852200">
    <ele>1147.6</ele>
   </trkpt>
   <trkpt lat="-36.9760440" lon="-70.6849710">
    <ele>1146.4</ele>
   </trkpt>
   <trkpt lat="-36.9757230" lon="-70.6847540">
    <ele>1145.8</ele>
   </trkpt>
   <trkpt lat="-36.9756030" lon="-70.6846850">
    <ele>1146.4</ele>
   </trkpt>
   <trkpt lat="-36.9755660" lon="-70.6846670">
    <ele>1146.6</ele>
   </trkpt>
   <trkpt lat="-36.9755310" lon="-70.6846380">
    <ele>1146.6</ele>
   </trkpt>
   <trkpt lat="-36.9755030" lon="-70.6846090">
    <ele>1146.6</ele>
   </trkpt>
   <trkpt lat="-36.9754630" lon="-70.6845890">
    <ele>1146.6</ele>
   </trkpt>
   <trkpt lat="-36.9754280" lon="-70.6845620">
    <ele>1146.6</ele>
   </trkpt>
   <trkpt lat="-36.9753180" lon="-70.6844730">
    <ele>1146.8</ele>
   </trkpt>
   <trkpt lat="-36.9752790" lon="-70.6844520">
    <ele>1146.8</ele>
   </trkpt>
   <trkpt lat="-36.9751170" lon="-70.6843430">
    <ele>1147.0</ele>
   </trkpt>
   <trkpt lat="-36.9750810" lon="-70.6843260">
    <ele>1147.4</ele>
   </trkpt>
   <trkpt lat="-36.9747230" lon="-70.6841090">
    <ele>1147.8</ele>
   </trkpt>
   <trkpt lat="-36.9744660" lon="-70.6839970">
    <ele>1147.6</ele>
   </trkpt>
   <trkpt lat="-36.9744230" lon="-70.6839690">
    <ele>1147.6</ele>
   </trkpt>
   <trkpt lat="-36.9741960" lon="-70.6838410">
    <ele>1147.8</ele>
   </trkpt>
   <trkpt lat="-36.9740270" lon="-70.6837590">
    <ele>1148.0</ele>
   </trkpt>
   <trkpt lat="-36.9738620" lon="-70.6836650">
    <ele>1147.8</ele>
   </trkpt>
   <trkpt lat="-36.9734960" lon="-70.6834510">
    <ele>1147.6</ele>
   </trkpt>
   <trkpt lat="-36.9732350" lon="-70.6832710">
    <ele>1148.4</ele>
   </trkpt>
   <trkpt lat="-36.9732070" lon="-70.6832610">
    <ele>1148.4</ele>
   </trkpt>
   <trkpt lat="-36.9731780" lon="-70.6832450">
    <ele>1148.4</ele>
   </trkpt>
   <trkpt lat="-36.9731450" lon="-70.6832340">
    <ele>1148.4</ele>
   </trkpt>
   <trkpt lat="-36.9731120" lon="-70.6832130">
    <ele>1148.6</ele>
   </trkpt>
   <trkpt lat="-36.9727420" lon="-70.6830860">
    <ele>1149.4</ele>
   </trkpt>
   <trkpt lat="-36.9726360" lon="-70.6830540">
    <ele>1150.0</ele>
   </trkpt>
   <trkpt lat="-36.9723560" lon="-70.6829610">
    <ele>1150.0</ele>
   </trkpt>
   <trkpt lat="-36.9723200" lon="-70.6829530">
    <ele>1150.0</ele>
   </trkpt>
   <trkpt lat="-36.9721640" lon="-70.6829040">
    <ele>1150.2</ele>
   </trkpt>
   <trkpt lat="-36.9721280" lon="-70.6828810">
    <ele>1150.2</ele>
   </trkpt>
   <trkpt lat="-36.9719910" lon="-70.6828170">
    <ele>1149.6</ele>
   </trkpt>
   <trkpt lat="-36.9719570" lon="-70.6827900">
    <ele>1149.6</ele>
   </trkpt>
   <trkpt lat="-36.9718870" lon="-70.6827500">
    <ele>1150.0</ele>
   </trkpt>
   <trkpt lat="-36.9718470" lon="-70.6827390">
    <ele>1150.2</ele>
   </trkpt>
   <trkpt lat="-36.9716350" lon="-70.6826600">
    <ele>1150.0</ele>
   </trkpt>
   <trkpt lat="-36.9716000" lon="-70.6826450">
    <ele>1150.0</ele>
   </trkpt>
   <trkpt lat="-36.9715630" lon="-70.6826420">
    <ele>1150.0</ele>
   </trkpt>
   <trkpt lat="-36.9714550" lon="-70.6826510">
    <ele>1150.0</ele>
   </trkpt>
   <trkpt lat="-36.9714260" lon="-70.6826640">
    <ele>1149.8</ele>
   </trkpt>
   <trkpt lat="-36.9713990" lon="-70.6826820">
    <ele>1149.6</ele>
   </trkpt>
   <trkpt lat="-36.9712080" lon="-70.6827990">
    <ele>1150.0</ele>
   </trkpt>
   <trkpt lat="-36.9711710" lon="-70.6828220">
    <ele>1150.0</ele>
   </trkpt>
   <trkpt lat="-36.9710980" lon="-70.6828460">
    <ele>1149.8</ele>
   </trkpt>
   <trkpt lat="-36.9710630" lon="-70.6828640">
    <ele>1149.8</ele>
   </trkpt>
   <trkpt lat="-36.9709640" lon="-70.6829300">
    <ele>1149.2</ele>
   </trkpt>
   <trkpt lat="-36.9709240" lon="-70.6829740">
    <ele>1149.2</ele>
   </trkpt>
   <trkpt lat="-36.9709070" lon="-70.6830060">
    <ele>1149.0</ele>
   </trkpt>
   <trkpt lat="-36.9709000" lon="-70.6830500">
    <ele>1149.0</ele>
   </trkpt>
   <trkpt lat="-36.9708810" lon="-70.6831050">
    <ele>1149.0</ele>
   </trkpt>
   <trkpt lat="-36.9708690" lon="-70.6831400">
    <ele>1149.0</ele>
   </trkpt>
   <trkpt lat="-36.9708630" lon="-70.6831730">
    <ele>1149.2</ele>
   </trkpt>
   <trkpt lat="-36.9708550" lon="-70.6832090">
    <ele>1149.4</ele>
   </trkpt>
   <trkpt lat="-36.9708380" lon="-70.6832420">
    <ele>1149.6</ele>
   </trkpt>
   <trkpt lat="-36.9708290" lon="-70.6832730">
    <ele>1149.6</ele>
   </trkpt>
   <trkpt lat="-36.9708160" lon="-70.6832890">
    <ele>1149.6</ele>
   </trkpt>
   <trkpt lat="-36.9708100" lon="-70.6833070">
    <ele>1149.6</ele>
   </trkpt>
   <trkpt lat="-36.9707340" lon="-70.6834620">
    <ele>1152.0</ele>
   </trkpt>
   <trkpt lat="-36.9707210" lon="-70.6834840">
    <ele>1152.4</ele>
   </trkpt>
   <trkpt lat="-36.9706780" lon="-70.6835500">
    <ele>1153.2</ele>
   </trkpt>
   <trkpt lat="-36.9706590" lon="-70.6835650">
    <ele>1153.6</ele>
   </trkpt>
   <trkpt lat="-36.9706250" lon="-70.6835910">
    <ele>1154.4</ele>
   </trkpt>
   <trkpt lat="-36.9705420" lon="-70.6836350">
    <ele>1155.2</ele>
   </trkpt>
   <trkpt lat="-36.9704940" lon="-70.6836580">
    <ele>1155.8</ele>
   </trkpt>
   <trkpt lat="-36.9703270" lon="-70.6837910">
    <ele>1157.4</ele>
   </trkpt>
   <trkpt lat="-36.9703160" lon="-70.6838130">
    <ele>1157.8</ele>
   </trkpt>
   <trkpt lat="-36.9702730" lon="-70.6838750">
    <ele>1158.6</ele>
   </trkpt>
   <trkpt lat="-36.9702620" lon="-70.6838930">
    <ele>1159.0</ele>
   </trkpt>
   <trkpt lat="-36.9702400" lon="-70.6839360">
    <ele>1159.4</ele>
   </trkpt>
   <trkpt lat="-36.9702160" lon="-70.6839780">
    <ele>1159.8</ele>
   </trkpt>
   <trkpt lat="-36.9701690" lon="-70.6840540">
    <ele>1161.0</ele>
   </trkpt>
   <trkpt lat="-36.9701560" lon="-70.6840750">
    <ele>1161.2</ele>
   </trkpt>
   <trkpt lat="-36.9701400" lon="-70.6840950">
    <ele>1161.6</ele>
   </trkpt>
   <trkpt lat="-36.9701300" lon="-70.6841140">
    <ele>1161.8</ele>
   </trkpt>
   <trkpt lat="-36.9701070" lon="-70.6841520">
    <ele>1162.2</ele>
   </trkpt>
   <trkpt lat="-36.9700930" lon="-70.6841710">
    <ele>1162.6</ele>
   </trkpt>
   <trkpt lat="-36.9700840" lon="-70.6841880">
    <ele>1162.8</ele>
   </trkpt>
   <trkpt lat="-36.9700720" lon="-70.6842030">
    <ele>1163.0</ele>
   </trkpt>
   <trkpt lat="-36.9700640" lon="-70.6842210">
    <ele>1163.2</ele>
   </trkpt>
   <trkpt lat="-36.9700560" lon="-70.6842400">
    <ele>1163.4</ele>
   </trkpt>
   <trkpt lat="-36.9700430" lon="-70.6842570">
    <ele>1163.8</ele>
   </trkpt>
   <trkpt lat="-36.9700290" lon="-70.6842760">
    <ele>1164.2</ele>
   </trkpt>
   <trkpt lat="-36.9700190" lon="-70.6842940">
    <ele>1164.4</ele>
   </trkpt>
   <trkpt lat="-36.9700100" lon="-70.6843100">
    <ele>1164.6</ele>
   </trkpt>
   <trkpt lat="-36.9699040" lon="-70.6844890">
    <ele>1166.6</ele>
   </trkpt>
   <trkpt lat="-36.9698900" lon="-70.6845030">
    <ele>1166.8</ele>
   </trkpt>
   <trkpt lat="-36.9698780" lon="-70.6845180">
    <ele>1167.2</ele>
   </trkpt>
   <trkpt lat="-36.9698690" lon="-70.6845360">
    <ele>1167.4</ele>
   </trkpt>
   <trkpt lat="-36.9698530" lon="-70.6845490">
    <ele>1167.6</ele>
   </trkpt>
   <trkpt lat="-36.9698440" lon="-70.6845590">
    <ele>1167.8</ele>
   </trkpt>
   <trkpt lat="-36.9698360" lon="-70.6845770">
    <ele>1168.0</ele>
   </trkpt>
   <trkpt lat="-36.9698100" lon="-70.6846160">
    <ele>1168.4</ele>
   </trkpt>
   <trkpt lat="-36.9697960" lon="-70.6846300">
    <ele>1168.6</ele>
   </trkpt>
   <trkpt lat="-36.9697530" lon="-70.6846750">
    <ele>1169.0</ele>
   </trkpt>
   <trkpt lat="-36.9697280" lon="-70.6847090">
    <ele>1169.4</ele>
   </trkpt>
   <trkpt lat="-36.9697140" lon="-70.6847220">
    <ele>1169.6</ele>
   </trkpt>
   <trkpt lat="-36.9697000" lon="-70.6847370">
    <ele>1169.8</ele>
   </trkpt>
   <trkpt lat="-36.9696840" lon="-70.6847460">
    <ele>1170.0</ele>
   </trkpt>
   <trkpt lat="-36.9696700" lon="-70.6847610">
    <ele>1170.0</ele>
   </trkpt>
   <trkpt lat="-36.9696390" lon="-70.6847860">
    <ele>1170.2</ele>
   </trkpt>
   <trkpt lat="-36.9696280" lon="-70.6848010">
    <ele>1170.4</ele>
   </trkpt>
   <trkpt lat="-36.9696130" lon="-70.6848140">
    <ele>1170.6</ele>
   </trkpt>
   <trkpt lat="-36.9695990" lon="-70.6848310">
    <ele>1170.6</ele>
   </trkpt>
   <trkpt lat="-36.9695860" lon="-70.6848410">
    <ele>1170.8</ele>
   </trkpt>
   <trkpt lat="-36.9695770" lon="-70.6848580">
    <ele>1170.8</ele>
   </trkpt>
   <trkpt lat="-36.9695660" lon="-70.6848700">
    <ele>1171.0</ele>
   </trkpt>
   <trkpt lat="-36.9695560" lon="-70.6848860">
    <ele>1171.2</ele>
   </trkpt>
   <trkpt lat="-36.9695410" lon="-70.6849010">
    <ele>1171.4</ele>
   </trkpt>
   <trkpt lat="-36.9693430" lon="-70.6850980">
    <ele>1172.6</ele>
   </trkpt>
   <trkpt lat="-36.9692490" lon="-70.6851920">
    <ele>1173.2</ele>
   </trkpt>
   <trkpt lat="-36.9692090" lon="-70.6852360">
    <ele>1173.2</ele>
   </trkpt>
   <trkpt lat="-36.9689300" lon="-70.6855160">
    <ele>1173.6</ele>
   </trkpt>
   <trkpt lat="-36.9689000" lon="-70.6855480">
    <ele>1173.6</ele>
   </trkpt>
   <trkpt lat="-36.9687730" lon="-70.6856630">
    <ele>1173.4</ele>
   </trkpt>
   <trkpt lat="-36.9687150" lon="-70.6857180">
    <ele>1173.4</ele>
   </trkpt>
   <trkpt lat="-36.9684010" lon="-70.6860190">
    <ele>1173.0</ele>
   </trkpt>
   <trkpt lat="-36.9680920" lon="-70.6863020">
    <ele>1172.8</ele>
   </trkpt>
   <trkpt lat="-36.9680360" lon="-70.6863420">
    <ele>1172.6</ele>
   </trkpt>
   <trkpt lat="-36.9680020" lon="-70.6863540">
    <ele>1172.6</ele>
   </trkpt>
   <trkpt lat="-36.9679700" lon="-70.6863630">
    <ele>1172.6</ele>
   </trkpt>
   <trkpt lat="-36.9679410" lon="-70.6863830">
    <ele>1172.6</ele>
   </trkpt>
   <trkpt lat="-36.9679180" lon="-70.6864060">
    <ele>1172.8</ele>
   </trkpt>
   <trkpt lat="-36.9678240" lon="-70.6864780">
    <ele>1173.4</ele>
   </trkpt>
   <trkpt lat="-36.9677600" lon="-70.6865000">
    <ele>1173.8</ele>
   </trkpt>
   <trkpt lat="-36.9677200" lon="-70.6864940">
    <ele>1173.8</ele>
   </trkpt>
   <trkpt lat="-36.9673600" lon="-70.6864380">
    <ele>1174.0</ele>
   </trkpt>
   <trkpt lat="-36.9669610" lon="-70.6864490">
    <ele>1171.6</ele>
   </trkpt>
   <trkpt lat="-36.9666080" lon="-70.6865560">
    <ele>1169.0</ele>
   </trkpt>
   <trkpt lat="-36.9665210" lon="-70.6866150">
    <ele>1168.2</ele>
   </trkpt>
   <trkpt lat="-36.9664440" lon="-70.6866940">
    <ele>1167.0</ele>
   </trkpt>
   <trkpt lat="-36.9663770" lon="-70.6867980">
    <ele>1166.4</ele>
   </trkpt>
   <trkpt lat="-36.9660860" lon="-70.6871740">
    <ele>1163.0</ele>
   </trkpt>
   <trkpt lat="-36.9657690" lon="-70.6874960">
    <ele>1161.0</ele>
   </trkpt>
   <trkpt lat="-36.9655600" lon="-70.6876680">
    <ele>1161.4</ele>
   </trkpt>
   <trkpt lat="-36.9654820" lon="-70.6876840">
    <ele>1161.8</ele>
   </trkpt>
   <trkpt lat="-36.9654140" lon="-70.6876850">
    <ele>1160.8</ele>
   </trkpt>
   <trkpt lat="-36.9650290" lon="-70.6877370">
    <ele>1158.6</ele>
   </trkpt>
   <trkpt lat="-36.9648730" lon="-70.6877560">
    <ele>1158.2</ele>
   </trkpt>
   <trkpt lat="-36.9645650" lon="-70.6877890">
    <ele>1158.6</ele>
   </trkpt>
   <trkpt lat="-36.9644590" lon="-70.6877620">
    <ele>1159.2</ele>
   </trkpt>
   <trkpt lat="-36.9644240" lon="-70.6877440">
    <ele>1159.2</ele>
   </trkpt>
   <trkpt lat="-36.9641520" lon="-70.6876510">
    <ele>1160.6</ele>
   </trkpt>
   <trkpt lat="-36.9641150" lon="-70.6876310">
    <ele>1160.8</ele>
   </trkpt>
   <trkpt lat="-36.9637470" lon="-70.6874410">
    <ele>1162.2</ele>
   </trkpt>
   <trkpt lat="-36.9635870" lon="-70.6873450">
    <ele>1161.8</ele>
   </trkpt>
   <trkpt lat="-36.9632690" lon="-70.6871340">
    <ele>1162.0</ele>
   </trkpt>
   <trkpt lat="-36.9631740" lon="-70.6870820">
    <ele>1162.8</ele>
   </trkpt>
   <trkpt lat="-36.9631430" lon="-70.6870780">
    <ele>1163.2</ele>
   </trkpt>
   <trkpt lat="-36.9631130" lon="-70.6870720">
    <ele>1163.4</ele>
   </trkpt>
   <trkpt lat="-36.9630820" lon="-70.6870740">
    <ele>1163.8</ele>
   </trkpt>
   <trkpt lat="-36.9630270" lon="-70.6870830">
    <ele>1164.2</ele>
   </trkpt>
   <trkpt lat="-36.9630000" lon="-70.6870960">
    <ele>1164.4</ele>
   </trkpt>
   <trkpt lat="-36.9629510" lon="-70.6871320">
    <ele>1164.8</ele>
   </trkpt>
   <trkpt lat="-36.9629350" lon="-70.6871510">
    <ele>1165.0</ele>
   </trkpt>
   <trkpt lat="-36.9629120" lon="-70.6871730">
    <ele>1165.2</ele>
   </trkpt>
   <trkpt lat="-36.9628980" lon="-70.6872100">
    <ele>1165.4</ele>
   </trkpt>
   <trkpt lat="-36.9628160" lon="-70.6874920">
    <ele>1166.6</ele>
   </trkpt>
   <trkpt lat="-36.9628160" lon="-70.6875200">
    <ele>1166.8</ele>
   </trkpt>
   <trkpt lat="-36.9628240" lon="-70.6875730">
    <ele>1167.0</ele>
   </trkpt>
   <trkpt lat="-36.9628350" lon="-70.6876120">
    <ele>1167.4</ele>
   </trkpt>
   <trkpt lat="-36.9628460" lon="-70.6876290">
    <ele>1167.8</ele>
   </trkpt>
   <trkpt lat="-36.9628610" lon="-70.6876550">
    <ele>1168.0</ele>
   </trkpt>
   <trkpt lat="-36.9628810" lon="-70.6876790">
    <ele>1168.0</ele>
   </trkpt>
   <trkpt lat="-36.9629000" lon="-70.6877090">
    <ele>1168.2</ele>
   </trkpt>
   <trkpt lat="-36.9629170" lon="-70.6877340">
    <ele>1168.4</ele>
   </trkpt>
   <trkpt lat="-36.9629360" lon="-70.6877520">
    <ele>1168.6</ele>
   </trkpt>
   <trkpt lat="-36.9629540" lon="-70.6877710">
    <ele>1168.6</ele>
   </trkpt>
   <trkpt lat="-36.9629710" lon="-70.6877960">
    <ele>1168.8</ele>
   </trkpt>
   <trkpt lat="-36.9629820" lon="-70.6878200">
    <ele>1168.8</ele>
   </trkpt>
   <trkpt lat="-36.9629900" lon="-70.6878460">
    <ele>1169.0</ele>
   </trkpt>
   <trkpt lat="-36.9629980" lon="-70.6878710">
    <ele>1169.2</ele>
   </trkpt>
   <trkpt lat="-36.9630120" lon="-70.6878950">
    <ele>1169.4</ele>
   </trkpt>
   <trkpt lat="-36.9630670" lon="-70.6879640">
    <ele>1169.4</ele>
   </trkpt>
   <trkpt lat="-36.9632670" lon="-70.6881740">
    <ele>1170.4</ele>
   </trkpt>
   <trkpt lat="-36.9632850" lon="-70.6881940">
    <ele>1170.4</ele>
   </trkpt>
   <trkpt lat="-36.9633510" lon="-70.6882580">
    <ele>1170.6</ele>
   </trkpt>
   <trkpt lat="-36.9634150" lon="-70.6883170">
    <ele>1171.2</ele>
   </trkpt>
   <trkpt lat="-36.9634400" lon="-70.6883330">
    <ele>1171.2</ele>
   </trkpt>
   <trkpt lat="-36.9634820" lon="-70.6883660">
    <ele>1171.6</ele>
   </trkpt>
   <trkpt lat="-36.9634940" lon="-70.6883920">
    <ele>1171.8</ele>
   </trkpt>
   <trkpt lat="-36.9635110" lon="-70.6884130">
    <ele>1172.2</ele>
   </trkpt>
   <trkpt lat="-36.9635420" lon="-70.6884560">
    <ele>1172.4</ele>
   </trkpt>
   <trkpt lat="-36.9635870" lon="-70.6884950">
    <ele>1172.8</ele>
   </trkpt>
   <trkpt lat="-36.9636330" lon="-70.6885330">
    <ele>1173.0</ele>
   </trkpt>
   <trkpt lat="-36.9636540" lon="-70.6885490">
    <ele>1173.2</ele>
   </trkpt>
   <trkpt lat="-36.9636760" lon="-70.6885710">
    <ele>1173.4</ele>
   </trkpt>
   <trkpt lat="-36.9636980" lon="-70.6885850">
    <ele>1173.4</ele>
   </trkpt>
   <trkpt lat="-36.9637200" lon="-70.6885990">
    <ele>1173.4</ele>
   </trkpt>
   <trkpt lat="-36.9637410" lon="-70.6886140">
    <ele>1173.6</ele>
   </trkpt>
   <trkpt lat="-36.9637620" lon="-70.6886200">
    <ele>1173.6</ele>
   </trkpt>
   <trkpt lat="-36.9637820" lon="-70.6886310">
    <ele>1174.0</ele>
   </trkpt>
   <trkpt lat="-36.9638000" lon="-70.6886510">
    <ele>1174.2</ele>
   </trkpt>
   <trkpt lat="-36.9638150" lon="-70.6886620">
    <ele>1174.6</ele>
   </trkpt>
   <trkpt lat="-36.9638370" lon="-70.6886710">
    <ele>1174.8</ele>
   </trkpt>
   <trkpt lat="-36.9639000" lon="-70.6886980">
    <ele>1175.4</ele>
   </trkpt>
   <trkpt lat="-36.9639600" lon="-70.6887140">
    <ele>1176.6</ele>
   </trkpt>
   <trkpt lat="-36.9640040" lon="-70.6887240">
    <ele>1176.6</ele>
   </trkpt>
   <trkpt lat="-36.9640310" lon="-70.6887180">
    <ele>1176.8</ele>
   </trkpt>
   <trkpt lat="-36.9640540" lon="-70.6887210">
    <ele>1176.8</ele>
   </trkpt>
   <trkpt lat="-36.9640790" lon="-70.6887150">
    <ele>1177.0</ele>
   </trkpt>
   <trkpt lat="-36.9641040" lon="-70.6887190">
    <ele>1177.2</ele>
   </trkpt>
   <trkpt lat="-36.9641590" lon="-70.6887180">
    <ele>1177.6</ele>
   </trkpt>
   <trkpt lat="-36.9642080" lon="-70.6887110">
    <ele>1177.6</ele>
   </trkpt>
   <trkpt lat="-36.9642340" lon="-70.6887130">
    <ele>1177.8</ele>
   </trkpt>
   <trkpt lat="-36.9642590" lon="-70.6887090">
    <ele>1177.8</ele>
   </trkpt>
   <trkpt lat="-36.9643120" lon="-70.6887000">
    <ele>1178.2</ele>
   </trkpt>
   <trkpt lat="-36.9643400" lon="-70.6886870">
    <ele>1178.2</ele>
   </trkpt>
   <trkpt lat="-36.9644290" lon="-70.6886700">
    <ele>1178.4</ele>
   </trkpt>
   <trkpt lat="-36.9645750" lon="-70.6886750">
    <ele>1178.6</ele>
   </trkpt>
   <trkpt lat="-36.9646050" lon="-70.6886910">
    <ele>1178.8</ele>
   </trkpt>
   <trkpt lat="-36.9647670" lon="-70.6887780">
    <ele>1179.4</ele>
   </trkpt>
   <trkpt lat="-36.9647930" lon="-70.6887850">
    <ele>1179.6</ele>
   </trkpt>
   <trkpt lat="-36.9648830" lon="-70.6888130">
    <ele>1179.8</ele>
   </trkpt>
   <trkpt lat="-36.9649100" lon="-70.6888170">
    <ele>1180.0</ele>
   </trkpt>
   <trkpt lat="-36.9649880" lon="-70.6888350">
    <ele>1180.6</ele>
   </trkpt>
   <trkpt lat="-36.9650170" lon="-70.6888340">
    <ele>1180.8</ele>
   </trkpt>
   <trkpt lat="-36.9650430" lon="-70.6888400">
    <ele>1180.8</ele>
   </trkpt>
   <trkpt lat="-36.9650750" lon="-70.6888370">
    <ele>1181.0</ele>
   </trkpt>
   <trkpt lat="-36.9651620" lon="-70.6888420">
    <ele>1181.6</ele>
   </trkpt>
   <trkpt lat="-36.9651890" lon="-70.6888450">
    <ele>1182.0</ele>
   </trkpt>
   <trkpt lat="-36.9652150" lon="-70.6888420">
    <ele>1182.4</ele>
   </trkpt>
   <trkpt lat="-36.9655690" lon="-70.6889050">
    <ele>1185.0</ele>
   </trkpt>
   <trkpt lat="-36.9657150" lon="-70.6890070">
    <ele>1185.6</ele>
   </trkpt>
   <trkpt lat="-36.9657530" lon="-70.6890620">
    <ele>1185.6</ele>
   </trkpt>
   <trkpt lat="-36.9657690" lon="-70.6890930">
    <ele>1185.8</ele>
   </trkpt>
   <trkpt lat="-36.9658240" lon="-70.6892620">
    <ele>1187.8</ele>
   </trkpt>
   <trkpt lat="-36.9658370" lon="-70.6893770">
    <ele>1189.0</ele>
   </trkpt>
   <trkpt lat="-36.9658320" lon="-70.6894520">
    <ele>1189.6</ele>
   </trkpt>
   <trkpt lat="-36.9658250" lon="-70.6894800">
    <ele>1189.8</ele>
   </trkpt>
   <trkpt lat="-36.9658140" lon="-70.6895360">
    <ele>1190.4</ele>
   </trkpt>
   <trkpt lat="-36.9658120" lon="-70.6895600">
    <ele>1190.6</ele>
   </trkpt>
   <trkpt lat="-36.9657900" lon="-70.6897050">
    <ele>1191.8</ele>
   </trkpt>
   <trkpt lat="-36.9657850" lon="-70.6897280">
    <ele>1192.0</ele>
   </trkpt>
   <trkpt lat="-36.9657570" lon="-70.6898800">
    <ele>1193.0</ele>
   </trkpt>
   <trkpt lat="-36.9657550" lon="-70.6899080">
    <ele>1193.2</ele>
   </trkpt>
   <trkpt lat="-36.9657510" lon="-70.6899640">
    <ele>1193.2</ele>
   </trkpt>
   <trkpt lat="-36.9657300" lon="-70.6901020">
    <ele>1194.6</ele>
   </trkpt>
   <trkpt lat="-36.9657310" lon="-70.6901290">
    <ele>1194.8</ele>
   </trkpt>
   <trkpt lat="-36.9657280" lon="-70.6901560">
    <ele>1195.0</ele>
   </trkpt>
   <trkpt lat="-36.9657230" lon="-70.6901840">
    <ele>1195.2</ele>
   </trkpt>
   <trkpt lat="-36.9657060" lon="-70.6903480">
    <ele>1196.2</ele>
   </trkpt>
   <trkpt lat="-36.9657020" lon="-70.6903730">
    <ele>1196.4</ele>
   </trkpt>
   <trkpt lat="-36.9656800" lon="-70.6904870">
    <ele>1197.0</ele>
   </trkpt>
   <trkpt lat="-36.9656610" lon="-70.6905760">
    <ele>1197.8</ele>
   </trkpt>
   <trkpt lat="-36.9656480" lon="-70.6906290">
    <ele>1198.0</ele>
   </trkpt>
   <trkpt lat="-36.9656500" lon="-70.6906540">
    <ele>1198.0</ele>
   </trkpt>
   <trkpt lat="-36.9656450" lon="-70.6906810">
    <ele>1198.0</ele>
   </trkpt>
   <trkpt lat="-36.9656450" lon="-70.6907040">
    <ele>1198.4</ele>
   </trkpt>
   <trkpt lat="-36.9656400" lon="-70.6907320">
    <ele>1198.6</ele>
   </trkpt>
   <trkpt lat="-36.9656220" lon="-70.6908180">
    <ele>1199.2</ele>
   </trkpt>
   <trkpt lat="-36.9656210" lon="-70.6908410">
    <ele>1199.4</ele>
   </trkpt>
   <trkpt lat="-36.9656150" lon="-70.6908600">
    <ele>1199.6</ele>
   </trkpt>
   <trkpt lat="-36.9656140" lon="-70.6908790">
    <ele>1199.6</ele>
   </trkpt>
   <trkpt lat="-36.9656150" lon="-70.6909010">
    <ele>1200.0</ele>
   </trkpt>
   <trkpt lat="-36.9656240" lon="-70.6909240">
    <ele>1200.2</ele>
   </trkpt>
   <trkpt lat="-36.9656220" lon="-70.6909490">
    <ele>1200.6</ele>
   </trkpt>
   <trkpt lat="-36.9656240" lon="-70.6909760">
    <ele>1200.8</ele>
   </trkpt>
   <trkpt lat="-36.9656170" lon="-70.6910000">
    <ele>1200.8</ele>
   </trkpt>
   <trkpt lat="-36.9656060" lon="-70.6910530">
    <ele>1201.4</ele>
   </trkpt>
   <trkpt lat="-36.9656080" lon="-70.6910790">
    <ele>1201.6</ele>
   </trkpt>
   <trkpt lat="-36.9656050" lon="-70.6911030">
    <ele>1202.0</ele>
   </trkpt>
   <trkpt lat="-36.9655900" lon="-70.6912040">
    <ele>1203.4</ele>
   </trkpt>
   <trkpt lat="-36.9655900" lon="-70.6912810">
    <ele>1204.2</ele>
   </trkpt>
   <trkpt lat="-36.9655860" lon="-70.6913060">
    <ele>1204.4</ele>
   </trkpt>
   <trkpt lat="-36.9655800" lon="-70.6913560">
    <ele>1204.6</ele>
   </trkpt>
   <trkpt lat="-36.9655790" lon="-70.6913810">
    <ele>1204.8</ele>
   </trkpt>
   <trkpt lat="-36.9655740" lon="-70.6914320">
    <ele>1205.2</ele>
   </trkpt>
   <trkpt lat="-36.9655740" lon="-70.6914610">
    <ele>1205.4</ele>
   </trkpt>
   <trkpt lat="-36.9655710" lon="-70.6914830">
    <ele>1205.6</ele>
   </trkpt>
   <trkpt lat="-36.9655610" lon="-70.6915520">
    <ele>1206.2</ele>
   </trkpt>
   <trkpt lat="-36.9655620" lon="-70.6915740">
    <ele>1206.4</ele>
   </trkpt>
   <trkpt lat="-36.9655620" lon="-70.6915940">
    <ele>1206.6</ele>
   </trkpt>
   <trkpt lat="-36.9655640" lon="-70.6916150">
    <ele>1207.0</ele>
   </trkpt>
   <trkpt lat="-36.9655600" lon="-70.6916380">
    <ele>1207.2</ele>
   </trkpt>
   <trkpt lat="-36.9655490" lon="-70.6917510">
    <ele>1208.4</ele>
   </trkpt>
   <trkpt lat="-36.9655540" lon="-70.6918340">
    <ele>1209.2</ele>
   </trkpt>
   <trkpt lat="-36.9655580" lon="-70.6918540">
    <ele>1209.4</ele>
   </trkpt>
   <trkpt lat="-36.9655570" lon="-70.6918730">
    <ele>1209.4</ele>
   </trkpt>
   <trkpt lat="-36.9655560" lon="-70.6919130">
    <ele>1209.6</ele>
   </trkpt>
   <trkpt lat="-36.9655530" lon="-70.6919370">
    <ele>1209.8</ele>
   </trkpt>
   <trkpt lat="-36.9655490" lon="-70.6919870">
    <ele>1209.8</ele>
   </trkpt>
   <trkpt lat="-36.9655500" lon="-70.6920080">
    <ele>1210.0</ele>
   </trkpt>
   <trkpt lat="-36.9655490" lon="-70.6920880">
    <ele>1210.6</ele>
   </trkpt>
   <trkpt lat="-36.9655310" lon="-70.6921730">
    <ele>1211.6</ele>
   </trkpt>
   <trkpt lat="-36.9655220" lon="-70.6921940">
    <ele>1211.6</ele>
   </trkpt>
   <trkpt lat="-36.9655170" lon="-70.6922160">
    <ele>1211.6</ele>
   </trkpt>
   <trkpt lat="-36.9655120" lon="-70.6922390">
    <ele>1211.6</ele>
   </trkpt>
   <trkpt lat="-36.9655080" lon="-70.6922760">
    <ele>1212.0</ele>
   </trkpt>
   <trkpt lat="-36.9655060" lon="-70.6922920">
    <ele>1212.2</ele>
   </trkpt>
   <trkpt lat="-36.9654970" lon="-70.6923100">
    <ele>1212.2</ele>
   </trkpt>
   <trkpt lat="-36.9654930" lon="-70.6923250">
    <ele>1212.4</ele>
   </trkpt>
   <trkpt lat="-36.9654890" lon="-70.6923460">
    <ele>1212.6</ele>
   </trkpt>
   <trkpt lat="-36.9654810" lon="-70.6923650">
    <ele>1212.8</ele>
   </trkpt>
   <trkpt lat="-36.9654710" lon="-70.6923840">
    <ele>1213.0</ele>
   </trkpt>
   <trkpt lat="-36.9654680" lon="-70.6924050">
    <ele>1213.0</ele>
   </trkpt>
   <trkpt lat="-36.9654660" lon="-70.6924230">
    <ele>1213.2</ele>
   </trkpt>
   <trkpt lat="-36.9654580" lon="-70.6924310">
    <ele>1213.4</ele>
   </trkpt>
   <trkpt lat="-36.9654450" lon="-70.6924480">
    <ele>1213.4</ele>
   </trkpt>
   <trkpt lat="-36.9654380" lon="-70.6924660">
    <ele>1213.6</ele>
   </trkpt>
   <trkpt lat="-36.9654370" lon="-70.6924840">
    <ele>1213.8</ele>
   </trkpt>
   <trkpt lat="-36.9654360" lon="-70.6925030">
    <ele>1214.0</ele>
   </trkpt>
   <trkpt lat="-36.9654300" lon="-70.6925210">
    <ele>1214.2</ele>
   </trkpt>
   <trkpt lat="-36.9654210" lon="-70.6925360">
    <ele>1214.4</ele>
   </trkpt>
   <trkpt lat="-36.9654050" lon="-70.6925830">
    <ele>1214.8</ele>
   </trkpt>
   <trkpt lat="-36.9654030" lon="-70.6926000">
    <ele>1215.0</ele>
   </trkpt>
   <trkpt lat="-36.9654050" lon="-70.6926190">
    <ele>1215.4</ele>
   </trkpt>
   <trkpt lat="-36.9653960" lon="-70.6926330">
    <ele>1215.6</ele>
   </trkpt>
   <trkpt lat="-36.9653930" lon="-70.6926510">
    <ele>1215.8</ele>
   </trkpt>
   <trkpt lat="-36.9653850" lon="-70.6926640">
    <ele>1215.8</ele>
   </trkpt>
   <trkpt lat="-36.9653730" lon="-70.6926810">
    <ele>1216.0</ele>
   </trkpt>
   <trkpt lat="-36.9653650" lon="-70.6927010">
    <ele>1216.0</ele>
   </trkpt>
   <trkpt lat="-36.9653520" lon="-70.6927110">
    <ele>1216.2</ele>
   </trkpt>
   <trkpt lat="-36.9653400" lon="-70.6927240">
    <ele>1216.4</ele>
   </trkpt>
   <trkpt lat="-36.9653310" lon="-70.6927440">
    <ele>1216.6</ele>
   </trkpt>
   <trkpt lat="-36.9653130" lon="-70.6927770">
    <ele>1216.8</ele>
   </trkpt>
   <trkpt lat="-36.9653070" lon="-70.6927960">
    <ele>1217.0</ele>
   </trkpt>
   <trkpt lat="-36.9652960" lon="-70.6928170">
    <ele>1217.4</ele>
   </trkpt>
   <trkpt lat="-36.9652650" lon="-70.6928820">
    <ele>1218.2</ele>
   </trkpt>
   <trkpt lat="-36.9652260" lon="-70.6929570">
    <ele>1218.8</ele>
   </trkpt>
   <trkpt lat="-36.9652160" lon="-70.6929770">
    <ele>1219.0</ele>
   </trkpt>
   <trkpt lat="-36.9652020" lon="-70.6929960">
    <ele>1219.0</ele>
   </trkpt>
   <trkpt lat="-36.9651430" lon="-70.6930830">
    <ele>1219.6</ele>
   </trkpt>
   <trkpt lat="-36.9651380" lon="-70.6931020">
    <ele>1219.6</ele>
   </trkpt>
   <trkpt lat="-36.9651240" lon="-70.6931210">
    <ele>1219.8</ele>
   </trkpt>
   <trkpt lat="-36.9651150" lon="-70.6931340">
    <ele>1219.8</ele>
   </trkpt>
   <trkpt lat="-36.9651030" lon="-70.6931470">
    <ele>1220.0</ele>
   </trkpt>
   <trkpt lat="-36.9650980" lon="-70.6931710">
    <ele>1220.0</ele>
   </trkpt>
   <trkpt lat="-36.9650880" lon="-70.6931970">
    <ele>1220.2</ele>
   </trkpt>
   <trkpt lat="-36.9650710" lon="-70.6932230">
    <ele>1220.4</ele>
   </trkpt>
   <trkpt lat="-36.9650560" lon="-70.6932480">
    <ele>1220.6</ele>
   </trkpt>
   <trkpt lat="-36.9650330" lon="-70.6932660">
    <ele>1220.8</ele>
   </trkpt>
   <trkpt lat="-36.9650120" lon="-70.6932810">
    <ele>1221.0</ele>
   </trkpt>
   <trkpt lat="-36.9649950" lon="-70.6932980">
    <ele>1221.2</ele>
   </trkpt>
   <trkpt lat="-36.9649630" lon="-70.6933290">
    <ele>1221.6</ele>
   </trkpt>
   <trkpt lat="-36.9649140" lon="-70.6933840">
    <ele>1222.4</ele>
   </trkpt>
   <trkpt lat="-36.9648950" lon="-70.6933980">
    <ele>1222.4</ele>
   </trkpt>
   <trkpt lat="-36.9648820" lon="-70.6934160">
    <ele>1222.8</ele>
   </trkpt>
   <trkpt lat="-36.9648690" lon="-70.6934280">
    <ele>1223.0</ele>
   </trkpt>
   <trkpt lat="-36.9648490" lon="-70.6934440">
    <ele>1223.2</ele>
   </trkpt>
   <trkpt lat="-36.9648340" lon="-70.6934590">
    <ele>1223.2</ele>
   </trkpt>
   <trkpt lat="-36.9647740" lon="-70.6935090">
    <ele>1223.4</ele>
   </trkpt>
   <trkpt lat="-36.9647220" lon="-70.6935470">
    <ele>1224.2</ele>
   </trkpt>
   <trkpt lat="-36.9647050" lon="-70.6935630">
    <ele>1224.4</ele>
   </trkpt>
   <trkpt lat="-36.9646820" lon="-70.6935750">
    <ele>1224.4</ele>
   </trkpt>
   <trkpt lat="-36.9646620" lon="-70.6935930">
    <ele>1224.8</ele>
   </trkpt>
   <trkpt lat="-36.9645190" lon="-70.6937070">
    <ele>1225.8</ele>
   </trkpt>
   <trkpt lat="-36.9644950" lon="-70.6937230">
    <ele>1226.0</ele>
   </trkpt>
   <trkpt lat="-36.9644760" lon="-70.6937400">
    <ele>1226.2</ele>
   </trkpt>
   <trkpt lat="-36.9643800" lon="-70.6938070">
    <ele>1227.0</ele>
   </trkpt>
   <trkpt lat="-36.9643630" lon="-70.6938310">
    <ele>1227.0</ele>
   </trkpt>
   <trkpt lat="-36.9643450" lon="-70.6938530">
    <ele>1227.2</ele>
   </trkpt>
   <trkpt lat="-36.9643230" lon="-70.6938710">
    <ele>1227.2</ele>
   </trkpt>
   <trkpt lat="-36.9642980" lon="-70.6938860">
    <ele>1227.2</ele>
   </trkpt>
   <trkpt lat="-36.9642770" lon="-70.6939070">
    <ele>1227.2</ele>
   </trkpt>
   <trkpt lat="-36.9642310" lon="-70.6939550">
    <ele>1227.6</ele>
   </trkpt>
   <trkpt lat="-36.9641850" lon="-70.6939830">
    <ele>1227.8</ele>
   </trkpt>
   <trkpt lat="-36.9641210" lon="-70.6940260">
    <ele>1227.8</ele>
   </trkpt>
   <trkpt lat="-36.9640990" lon="-70.6940330">
    <ele>1228.0</ele>
   </trkpt>
   <trkpt lat="-36.9640590" lon="-70.6940490">
    <ele>1228.0</ele>
   </trkpt>
   <trkpt lat="-36.9640400" lon="-70.6940650">
    <ele>1228.2</ele>
   </trkpt>
   <trkpt lat="-36.9639010" lon="-70.6941400">
    <ele>1228.8</ele>
   </trkpt>
   <trkpt lat="-36.9638750" lon="-70.6941460">
    <ele>1228.8</ele>
   </trkpt>
   <trkpt lat="-36.9638340" lon="-70.6941650">
    <ele>1229.0</ele>
   </trkpt>
   <trkpt lat="-36.9637970" lon="-70.6941900">
    <ele>1229.4</ele>
   </trkpt>
   <trkpt lat="-36.9637210" lon="-70.6942260">
    <ele>1229.6</ele>
   </trkpt>
   <trkpt lat="-36.9636980" lon="-70.6942360">
    <ele>1229.8</ele>
   </trkpt>
   <trkpt lat="-36.9636750" lon="-70.6942450">
    <ele>1229.8</ele>
   </trkpt>
   <trkpt lat="-36.9636500" lon="-70.6942580">
    <ele>1230.0</ele>
   </trkpt>
   <trkpt lat="-36.9636240" lon="-70.6942700">
    <ele>1230.2</ele>
   </trkpt>
   <trkpt lat="-36.9636010" lon="-70.6942840">
    <ele>1230.4</ele>
   </trkpt>
   <trkpt lat="-36.9635770" lon="-70.6942970">
    <ele>1230.6</ele>
   </trkpt>
   <trkpt lat="-36.9635530" lon="-70.6943050">
    <ele>1230.6</ele>
   </trkpt>
   <trkpt lat="-36.9635090" lon="-70.6943240">
    <ele>1230.8</ele>
   </trkpt>
   <trkpt lat="-36.9634050" lon="-70.6943820">
    <ele>1231.0</ele>
   </trkpt>
   <trkpt lat="-36.9633820" lon="-70.6943850">
    <ele>1231.0</ele>
   </trkpt>
   <trkpt lat="-36.9633590" lon="-70.6943980">
    <ele>1231.0</ele>
   </trkpt>
   <trkpt lat="-36.9633400" lon="-70.6944040">
    <ele>1231.0</ele>
   </trkpt>
   <trkpt lat="-36.9633190" lon="-70.6944110">
    <ele>1231.2</ele>
   </trkpt>
   <trkpt lat="-36.9632970" lon="-70.6944120">
    <ele>1231.4</ele>
   </trkpt>
   <trkpt lat="-36.9632730" lon="-70.6944190">
    <ele>1231.6</ele>
   </trkpt>
   <trkpt lat="-36.9632520" lon="-70.6944320">
    <ele>1231.8</ele>
   </trkpt>
   <trkpt lat="-36.9631980" lon="-70.6944600">
    <ele>1231.8</ele>
   </trkpt>
   <trkpt lat="-36.9631140" lon="-70.6945080">
    <ele>1232.2</ele>
   </trkpt>
   <trkpt lat="-36.9630890" lon="-70.6945140">
    <ele>1232.4</ele>
   </trkpt>
   <trkpt lat="-36.9630570" lon="-70.6945300">
    <ele>1232.2</ele>
   </trkpt>
   <trkpt lat="-36.9630300" lon="-70.6945380">
    <ele>1232.2</ele>
   </trkpt>
   <trkpt lat="-36.9630000" lon="-70.6945450">
    <ele>1232.2</ele>
   </trkpt>
   <trkpt lat="-36.9628360" lon="-70.6946080">
    <ele>1232.6</ele>
   </trkpt>
   <trkpt lat="-36.9624810" lon="-70.6947300">
    <ele>1233.0</ele>
   </trkpt>
   <trkpt lat="-36.9621130" lon="-70.6948670">
    <ele>1234.2</ele>
   </trkpt>
   <trkpt lat="-36.9620420" lon="-70.6948980">
    <ele>1234.6</ele>
   </trkpt>
   <trkpt lat="-36.9616890" lon="-70.6950490">
    <ele>1235.2</ele>
   </trkpt>
   <trkpt lat="-36.9616490" lon="-70.6950590">
    <ele>1235.6</ele>
   </trkpt>
   <trkpt lat="-36.9612660" lon="-70.6951520">
    <ele>1235.4</ele>
   </trkpt>
   <trkpt lat="-36.9611540" lon="-70.6951830">
    <ele>1235.8</ele>
   </trkpt>
   <trkpt lat="-36.9611100" lon="-70.6951820">
    <ele>1235.8</ele>
   </trkpt>
   <trkpt lat="-36.9610710" lon="-70.6951900">
    <ele>1235.6</ele>
   </trkpt>
   <trkpt lat="-36.9609880" lon="-70.6952070">
    <ele>1236.0</ele>
   </trkpt>
   <trkpt lat="-36.9607750" lon="-70.6952600">
    <ele>1236.0</ele>
   </trkpt>
   <trkpt lat="-36.9607330" lon="-70.6952730">
    <ele>1236.0</ele>
   </trkpt>
   <trkpt lat="-36.9603630" lon="-70.6953550">
    <ele>1236.4</ele>
   </trkpt>
   <trkpt lat="-36.9599930" lon="-70.6954650">
    <ele>1236.4</ele>
   </trkpt>
   <trkpt lat="-36.9599500" lon="-70.6954670">
    <ele>1236.4</ele>
   </trkpt>
   <trkpt lat="-36.9595680" lon="-70.6955360">
    <ele>1235.6</ele>
   </trkpt>
   <trkpt lat="-36.9595270" lon="-70.6955510">
    <ele>1235.8</ele>
   </trkpt>
   <trkpt lat="-36.9591540" lon="-70.6956440">
    <ele>1236.0</ele>
   </trkpt>
   <trkpt lat="-36.9590030" lon="-70.6956700">
    <ele>1236.0</ele>
   </trkpt>
   <trkpt lat="-36.9589660" lon="-70.6956680">
    <ele>1236.2</ele>
   </trkpt>
   <trkpt lat="-36.9585950" lon="-70.6956600">
    <ele>1237.0</ele>
   </trkpt>
   <trkpt lat="-36.9582150" lon="-70.6956090">
    <ele>1237.2</ele>
   </trkpt>
   <trkpt lat="-36.9578380" lon="-70.6955190">
    <ele>1237.6</ele>
   </trkpt>
   <trkpt lat="-36.9574610" lon="-70.6954310">
    <ele>1239.0</ele>
   </trkpt>
   <trkpt lat="-36.9574290" lon="-70.6954220">
    <ele>1239.4</ele>
   </trkpt>
   <trkpt lat="-36.9573930" lon="-70.6954250">
    <ele>1239.6</ele>
   </trkpt>
   <trkpt lat="-36.9573530" lon="-70.6954170">
    <ele>1239.6</ele>
   </trkpt>
   <trkpt lat="-36.9573070" lon="-70.6954060">
    <ele>1239.8</ele>
   </trkpt>
   <trkpt lat="-36.9572690" lon="-70.6954050">
    <ele>1239.8</ele>
   </trkpt>
   <trkpt lat="-36.9572300" lon="-70.6953940">
    <ele>1239.6</ele>
   </trkpt>
   <trkpt lat="-36.9568380" lon="-70.6953100">
    <ele>1240.0</ele>
   </trkpt>
   <trkpt lat="-36.9564760" lon="-70.6952100">
    <ele>1240.0</ele>
   </trkpt>
   <trkpt lat="-36.9561220" lon="-70.6951270">
    <ele>1240.4</ele>
   </trkpt>
   <trkpt lat="-36.9557390" lon="-70.6950450">
    <ele>1240.6</ele>
   </trkpt>
   <trkpt lat="-36.9553840" lon="-70.6949780">
    <ele>1241.2</ele>
   </trkpt>
   <trkpt lat="-36.9551950" lon="-70.6949400">
    <ele>1242.4</ele>
   </trkpt>
   <trkpt lat="-36.9551460" lon="-70.6949260">
    <ele>1242.8</ele>
   </trkpt>
   <trkpt lat="-36.9551180" lon="-70.6949240">
    <ele>1242.8</ele>
   </trkpt>
   <trkpt lat="-36.9550910" lon="-70.6949120">
    <ele>1242.8</ele>
   </trkpt>
   <trkpt lat="-36.9550320" lon="-70.6948910">
    <ele>1243.2</ele>
   </trkpt>
   <trkpt lat="-36.9550030" lon="-70.6948760">
    <ele>1243.4</ele>
   </trkpt>
   <trkpt lat="-36.9549770" lon="-70.6948680">
    <ele>1243.4</ele>
   </trkpt>
   <trkpt lat="-36.9549260" lon="-70.6948440">
    <ele>1243.4</ele>
   </trkpt>
   <trkpt lat="-36.9548690" lon="-70.6948140">
    <ele>1243.6</ele>
   </trkpt>
   <trkpt lat="-36.9545510" lon="-70.6946700">
    <ele>1245.4</ele>
   </trkpt>
   <trkpt lat="-36.9545190" lon="-70.6946500">
    <ele>1245.6</ele>
   </trkpt>
   <trkpt lat="-36.9541950" lon="-70.6944510">
    <ele>1246.8</ele>
   </trkpt>
   <trkpt lat="-36.9541640" lon="-70.6944340">
    <ele>1247.0</ele>
   </trkpt>
   <trkpt lat="-36.9538940" lon="-70.6942310">
    <ele>1247.2</ele>
   </trkpt>
   <trkpt lat="-36.9538740" lon="-70.6942060">
    <ele>1247.2</ele>
   </trkpt>
   <trkpt lat="-36.9538530" lon="-70.6941830">
    <ele>1247.2</ele>
   </trkpt>
   <trkpt lat="-36.9537320" lon="-70.6940460">
    <ele>1247.4</ele>
   </trkpt>
   <trkpt lat="-36.9537010" lon="-70.6940190">
    <ele>1247.4</ele>
   </trkpt>
   <trkpt lat="-36.9536660" lon="-70.6939850">
    <ele>1247.4</ele>
   </trkpt>
   <trkpt lat="-36.9533910" lon="-70.6936910">
    <ele>1247.2</ele>
   </trkpt>
   <trkpt lat="-36.9531000" lon="-70.6934270">
    <ele>1246.0</ele>
   </trkpt>
   <trkpt lat="-36.9528060" lon="-70.6931570">
    <ele>1246.0</ele>
   </trkpt>
   <trkpt lat="-36.9524870" lon="-70.6928780">
    <ele>1246.2</ele>
   </trkpt>
   <trkpt lat="-36.9521770" lon="-70.6925820">
    <ele>1247.4</ele>
   </trkpt>
   <trkpt lat="-36.9519970" lon="-70.6923970">
    <ele>1248.2</ele>
   </trkpt>
   <trkpt lat="-36.9516910" lon="-70.6920980">
    <ele>1248.6</ele>
   </trkpt>
   <trkpt lat="-36.9514000" lon="-70.6918030">
    <ele>1248.2</ele>
   </trkpt>
   <trkpt lat="-36.9513730" lon="-70.6917730">
    <ele>1248.2</ele>
   </trkpt>
   <trkpt lat="-36.9511490" lon="-70.6915780">
    <ele>1248.2</ele>
   </trkpt>
   <trkpt lat="-36.9511200" lon="-70.6915640">
    <ele>1248.4</ele>
   </trkpt>
   <trkpt lat="-36.9510930" lon="-70.6915450">
    <ele>1248.4</ele>
   </trkpt>
   <trkpt lat="-36.9510040" lon="-70.6914730">
    <ele>1248.8</ele>
   </trkpt>
   <trkpt lat="-36.9509830" lon="-70.6914400">
    <ele>1248.8</ele>
   </trkpt>
   <trkpt lat="-36.9509580" lon="-70.6914180">
    <ele>1249.0</ele>
   </trkpt>
   <trkpt lat="-36.9509390" lon="-70.6913930">
    <ele>1249.2</ele>
   </trkpt>
   <trkpt lat="-36.9508720" lon="-70.6913200">
    <ele>1249.8</ele>
   </trkpt>
   <trkpt lat="-36.9508440" lon="-70.6912950">
    <ele>1250.2</ele>
   </trkpt>
   <trkpt lat="-36.9507110" lon="-70.6911580">
    <ele>1251.0</ele>
   </trkpt>
   <trkpt lat="-36.9504150" lon="-70.6908480">
    <ele>1252.6</ele>
   </trkpt>
   <trkpt lat="-36.9501400" lon="-70.6905910">
    <ele>1253.6</ele>
   </trkpt>
   <trkpt lat="-36.9498350" lon="-70.6902900">
    <ele>1256.4</ele>
   </trkpt>
   <trkpt lat="-36.9495490" lon="-70.6900040">
    <ele>1258.2</ele>
   </trkpt>
   <trkpt lat="-36.9494920" lon="-70.6899500">
    <ele>1258.4</ele>
   </trkpt>
   <trkpt lat="-36.9494150" lon="-70.6898690">
    <ele>1258.8</ele>
   </trkpt>
   <trkpt lat="-36.9491500" lon="-70.6896090">
    <ele>1260.4</ele>
   </trkpt>
   <trkpt lat="-36.9491310" lon="-70.6895860">
    <ele>1260.6</ele>
   </trkpt>
   <trkpt lat="-36.9491040" lon="-70.6895670">
    <ele>1260.8</ele>
   </trkpt>
   <trkpt lat="-36.9489090" lon="-70.6893970">
    <ele>1262.6</ele>
   </trkpt>
   <trkpt lat="-36.9488340" lon="-70.6893230">
    <ele>1263.0</ele>
   </trkpt>
   <trkpt lat="-36.9488140" lon="-70.6892970">
    <ele>1263.2</ele>
   </trkpt>
   <trkpt lat="-36.9487890" lon="-70.6892750">
    <ele>1263.4</ele>
   </trkpt>
   <trkpt lat="-36.9487680" lon="-70.6892550">
    <ele>1263.6</ele>
   </trkpt>
   <trkpt lat="-36.9484640" lon="-70.6889770">
    <ele>1266.6</ele>
   </trkpt>
   <trkpt lat="-36.9484370" lon="-70.6889590">
    <ele>1266.8</ele>
   </trkpt>
   <trkpt lat="-36.9483800" lon="-70.6889240">
    <ele>1267.2</ele>
   </trkpt>
   <trkpt lat="-36.9481740" lon="-70.6888260">
    <ele>1268.0</ele>
   </trkpt>
   <trkpt lat="-36.9479110" lon="-70.6887420">
    <ele>1268.6</ele>
   </trkpt>
   <trkpt lat="-36.9475110" lon="-70.6886420">
    <ele>1266.2</ele>
   </trkpt>
   <trkpt lat="-36.9473740" lon="-70.6885710">
    <ele>1264.8</ele>
   </trkpt>
   <trkpt lat="-36.9472450" lon="-70.6884500">
    <ele>1264.4</ele>
   </trkpt>
   <trkpt lat="-36.9471920" lon="-70.6883720">
    <ele>1263.8</ele>
   </trkpt>
   <trkpt lat="-36.9470120" lon="-70.6879730">
    <ele>1262.0</ele>
   </trkpt>
   <trkpt lat="-36.9468000" lon="-70.6875160">
    <ele>1260.2</ele>
   </trkpt>
   <trkpt lat="-36.9465920" lon="-70.6870740">
    <ele>1255.6</ele>
   </trkpt>
   <trkpt lat="-36.9463910" lon="-70.6866630">
    <ele>1253.0</ele>
   </trkpt>
   <trkpt lat="-36.9462000" lon="-70.6862300">
    <ele>1249.8</ele>
   </trkpt>
   <trkpt lat="-36.9460790" lon="-70.6860570">
    <ele>1249.2</ele>
   </trkpt>
   <trkpt lat="-36.9459940" lon="-70.6859970">
    <ele>1249.2</ele>
   </trkpt>
   <trkpt lat="-36.9457540" lon="-70.6858380">
    <ele>1247.4</ele>
   </trkpt>
   <trkpt lat="-36.9456910" lon="-70.6857680">
    <ele>1246.2</ele>
   </trkpt>
   <trkpt lat="-36.9456400" lon="-70.6856820">
    <ele>1246.2</ele>
   </trkpt>
   <trkpt lat="-36.9455220" lon="-70.6855000">
    <ele>1246.0</ele>
   </trkpt>
   <trkpt lat="-36.9452330" lon="-70.6851780">
    <ele>1249.0</ele>
   </trkpt>
   <trkpt lat="-36.9452040" lon="-70.6851510">
    <ele>1249.8</ele>
   </trkpt>
   <trkpt lat="-36.9451750" lon="-70.6851330">
    <ele>1250.4</ele>
   </trkpt>
   <trkpt lat="-36.9450750" lon="-70.6850980">
    <ele>1250.6</ele>
   </trkpt>
   <trkpt lat="-36.9450360" lon="-70.6851100">
    <ele>1250.4</ele>
   </trkpt>
   <trkpt lat="-36.9450070" lon="-70.6851520">
    <ele>1250.4</ele>
   </trkpt>
   <trkpt lat="-36.9449870" lon="-70.6851960">
    <ele>1250.6</ele>
   </trkpt>
   <trkpt lat="-36.9449760" lon="-70.6852390">
    <ele>1250.8</ele>
   </trkpt>
   <trkpt lat="-36.9449650" lon="-70.6852800">
    <ele>1251.2</ele>
   </trkpt>
   <trkpt lat="-36.9449610" lon="-70.6853200">
    <ele>1251.6</ele>
   </trkpt>
   <trkpt lat="-36.9449590" lon="-70.6853960">
    <ele>1252.2</ele>
   </trkpt>
   <trkpt lat="-36.9449540" lon="-70.6854310">
    <ele>1252.6</ele>
   </trkpt>
   <trkpt lat="-36.9449500" lon="-70.6854670">
    <ele>1252.8</ele>
   </trkpt>
   <trkpt lat="-36.9449560" lon="-70.6855020">
    <ele>1253.2</ele>
   </trkpt>
   <trkpt lat="-36.9449620" lon="-70.6855390">
    <ele>1253.2</ele>
   </trkpt>
   <trkpt lat="-36.9449640" lon="-70.6856080">
    <ele>1253.6</ele>
   </trkpt>
   <trkpt lat="-36.9449500" lon="-70.6857380">
    <ele>1254.6</ele>
   </trkpt>
   <trkpt lat="-36.9449520" lon="-70.6858400">
    <ele>1255.2</ele>
   </trkpt>
   <trkpt lat="-36.9449690" lon="-70.6859380">
    <ele>1256.0</ele>
   </trkpt>
   <trkpt lat="-36.9449720" lon="-70.6859690">
    <ele>1256.0</ele>
   </trkpt>
   <trkpt lat="-36.9449770" lon="-70.6859990">
    <ele>1256.2</ele>
   </trkpt>
   <trkpt lat="-36.9449860" lon="-70.6860290">
    <ele>1256.6</ele>
   </trkpt>
   <trkpt lat="-36.9449900" lon="-70.6860600">
    <ele>1257.0</ele>
   </trkpt>
   <trkpt lat="-36.9450140" lon="-70.6861990">
    <ele>1258.0</ele>
   </trkpt>
   <trkpt lat="-36.9450170" lon="-70.6862530">
    <ele>1258.8</ele>
   </trkpt>
   <trkpt lat="-36.9450230" lon="-70.6862780">
    <ele>1259.0</ele>
   </trkpt>
   <trkpt lat="-36.9450280" lon="-70.6863050">
    <ele>1259.2</ele>
   </trkpt>
   <trkpt lat="-36.9450750" lon="-70.6865060">
    <ele>1260.8</ele>
   </trkpt>
   <trkpt lat="-36.9450770" lon="-70.6865380">
    <ele>1260.8</ele>
   </trkpt>
   <trkpt lat="-36.9450830" lon="-70.6865630">
    <ele>1261.0</ele>
   </trkpt>
   <trkpt lat="-36.9451050" lon="-70.6867010">
    <ele>1262.4</ele>
   </trkpt>
   <trkpt lat="-36.9451100" lon="-70.6867560">
    <ele>1263.0</ele>
   </trkpt>
   <trkpt lat="-36.9451130" lon="-70.6867850">
    <ele>1263.2</ele>
   </trkpt>
   <trkpt lat="-36.9451090" lon="-70.6868140">
    <ele>1263.4</ele>
   </trkpt>
   <trkpt lat="-36.9450990" lon="-70.6868440">
    <ele>1263.6</ele>
   </trkpt>
   <trkpt lat="-36.9450860" lon="-70.6868720">
    <ele>1263.6</ele>
   </trkpt>
   <trkpt lat="-36.9450760" lon="-70.6869010">
    <ele>1263.6</ele>
   </trkpt>
   <trkpt lat="-36.9450630" lon="-70.6869290">
    <ele>1263.6</ele>
   </trkpt>
   <trkpt lat="-36.9450460" lon="-70.6869490">
    <ele>1263.6</ele>
   </trkpt>
   <trkpt lat="-36.9448560" lon="-70.6871070">
    <ele>1264.4</ele>
   </trkpt>
   <trkpt lat="-36.9448360" lon="-70.6871190">
    <ele>1264.6</ele>
   </trkpt>
   <trkpt lat="-36.9448170" lon="-70.6871350">
    <ele>1264.6</ele>
   </trkpt>
   <trkpt lat="-36.9447640" lon="-70.6871910">
    <ele>1265.2</ele>
   </trkpt>
   <trkpt lat="-36.9447520" lon="-70.6872100">
    <ele>1265.4</ele>
   </trkpt>
   <trkpt lat="-36.9447410" lon="-70.6872370">
    <ele>1265.6</ele>
   </trkpt>
   <trkpt lat="-36.9447320" lon="-70.6872640">
    <ele>1265.8</ele>
   </trkpt>
   <trkpt lat="-36.9447290" lon="-70.6872980">
    <ele>1266.2</ele>
   </trkpt>
   <trkpt lat="-36.9447320" lon="-70.6873750">
    <ele>1266.8</ele>
   </trkpt>
   <trkpt lat="-36.9447120" lon="-70.6877320">
    <ele>1267.4</ele>
   </trkpt>
   <trkpt lat="-36.9446960" lon="-70.6877690">
    <ele>1267.4</ele>
   </trkpt>
   <trkpt lat="-36.9446670" lon="-70.6878320">
    <ele>1267.2</ele>
   </trkpt>
   <trkpt lat="-36.9446490" lon="-70.6878590">
    <ele>1267.2</ele>
   </trkpt>
   <trkpt lat="-36.9445240" lon="-70.6880240">
    <ele>1267.6</ele>
   </trkpt>
   <trkpt lat="-36.9445120" lon="-70.6880540">
    <ele>1267.6</ele>
   </trkpt>
   <trkpt lat="-36.9444660" lon="-70.6882340">
    <ele>1268.4</ele>
   </trkpt>
   <trkpt lat="-36.9444660" lon="-70.6882690">
    <ele>1268.8</ele>
   </trkpt>
   <trkpt lat="-36.9444610" lon="-70.6883710">
    <ele>1269.6</ele>
   </trkpt>
   <trkpt lat="-36.9444540" lon="-70.6883980">
    <ele>1269.6</ele>
   </trkpt>
   <trkpt lat="-36.9444370" lon="-70.6884710">
    <ele>1269.8</ele>
   </trkpt>
   <trkpt lat="-36.9444290" lon="-70.6885020">
    <ele>1269.8</ele>
   </trkpt>
   <trkpt lat="-36.9444150" lon="-70.6885320">
    <ele>1269.8</ele>
   </trkpt>
   <trkpt lat="-36.9443700" lon="-70.6886280">
    <ele>1270.2</ele>
   </trkpt>
   <trkpt lat="-36.9443600" lon="-70.6886620">
    <ele>1270.2</ele>
   </trkpt>
   <trkpt lat="-36.9442500" lon="-70.6889600">
    <ele>1271.0</ele>
   </trkpt>
   <trkpt lat="-36.9442290" lon="-70.6889860">
    <ele>1271.2</ele>
   </trkpt>
   <trkpt lat="-36.9441570" lon="-70.6890560">
    <ele>1271.4</ele>
   </trkpt>
   <trkpt lat="-36.9440920" lon="-70.6891060">
    <ele>1271.8</ele>
   </trkpt>
   <trkpt lat="-36.9440600" lon="-70.6891180">
    <ele>1272.0</ele>
   </trkpt>
   <trkpt lat="-36.9440270" lon="-70.6891380">
    <ele>1272.2</ele>
   </trkpt>
   <trkpt lat="-36.9438660" lon="-70.6892150">
    <ele>1272.6</ele>
   </trkpt>
   <trkpt lat="-36.9438310" lon="-70.6892220">
    <ele>1272.8</ele>
   </trkpt>
   <trkpt lat="-36.9437700" lon="-70.6892350">
    <ele>1273.2</ele>
   </trkpt>
   <trkpt lat="-36.9437360" lon="-70.6892440">
    <ele>1273.4</ele>
   </trkpt>
   <trkpt lat="-36.9437010" lon="-70.6892430">
    <ele>1273.4</ele>
   </trkpt>
   <trkpt lat="-36.9433910" lon="-70.6892340">
    <ele>1274.8</ele>
   </trkpt>
   <trkpt lat="-36.9433530" lon="-70.6892300">
    <ele>1275.0</ele>
   </trkpt>
   <trkpt lat="-36.9429960" lon="-70.6891720">
    <ele>1276.2</ele>
   </trkpt>
   <trkpt lat="-36.9426420" lon="-70.6890680">
    <ele>1276.2</ele>
   </trkpt>
   <trkpt lat="-36.9423770" lon="-70.6890050">
    <ele>1277.0</ele>
   </trkpt>
   <trkpt lat="-36.9419950" lon="-70.6889120">
    <ele>1278.8</ele>
   </trkpt>
   <trkpt lat="-36.9417200" lon="-70.6888330">
    <ele>1279.8</ele>
   </trkpt>
   <trkpt lat="-36.9416840" lon="-70.6888260">
    <ele>1279.8</ele>
   </trkpt>
   <trkpt lat="-36.9416520" lon="-70.6888100">
    <ele>1280.0</ele>
   </trkpt>
   <trkpt lat="-36.9415180" lon="-70.6887650">
    <ele>1280.4</ele>
   </trkpt>
   <trkpt lat="-36.9414490" lon="-70.6887380">
    <ele>1280.8</ele>
   </trkpt>
   <trkpt lat="-36.9414130" lon="-70.6887310">
    <ele>1280.8</ele>
   </trkpt>
   <trkpt lat="-36.9412460" lon="-70.6886840">
    <ele>1281.6</ele>
   </trkpt>
   <trkpt lat="-36.9410820" lon="-70.6886330">
    <ele>1282.8</ele>
   </trkpt>
   <trkpt lat="-36.9410520" lon="-70.6886150">
    <ele>1283.0</ele>
   </trkpt>
   <trkpt lat="-36.9410180" lon="-70.6886030">
    <ele>1283.0</ele>
   </trkpt>
   <trkpt lat="-36.9409840" lon="-70.6885930">
    <ele>1283.0</ele>
   </trkpt>
   <trkpt lat="-36.9409530" lon="-70.6885770">
    <ele>1283.0</ele>
   </trkpt>
   <trkpt lat="-36.9409170" lon="-70.6885670">
    <ele>1283.4</ele>
   </trkpt>
   <trkpt lat="-36.9407360" lon="-70.6885030">
    <ele>1283.6</ele>
   </trkpt>
   <trkpt lat="-36.9403760" lon="-70.6883740">
    <ele>1284.0</ele>
   </trkpt>
   <trkpt lat="-36.9403340" lon="-70.6883540">
    <ele>1283.6</ele>
   </trkpt>
   <trkpt lat="-36.9402880" lon="-70.6883410">
    <ele>1283.4</ele>
   </trkpt>
   <trkpt lat="-36.9402050" lon="-70.6883090">
    <ele>1283.6</ele>
   </trkpt>
   <trkpt lat="-36.9398190" lon="-70.6881790">
    <ele>1284.0</ele>
   </trkpt>
   <trkpt lat="-36.9396400" lon="-70.6881280">
    <ele>1283.6</ele>
   </trkpt>
   <trkpt lat="-36.9393460" lon="-70.6880600">
    <ele>1284.6</ele>
   </trkpt>
   <trkpt lat="-36.9390510" lon="-70.6879870">
    <ele>1285.4</ele>
   </trkpt>
   <trkpt lat="-36.9389550" lon="-70.6879590">
    <ele>1285.2</ele>
   </trkpt>
   <trkpt lat="-36.9385690" lon="-70.6878190">
    <ele>1284.2</ele>
   </trkpt>
   <trkpt lat="-36.9382860" lon="-70.6876700">
    <ele>1284.0</ele>
   </trkpt>
   <trkpt lat="-36.9382370" lon="-70.6876280">
    <ele>1284.0</ele>
   </trkpt>
   <trkpt lat="-36.9379310" lon="-70.6874090">
    <ele>1283.4</ele>
   </trkpt>
   <trkpt lat="-36.9375830" lon="-70.6872090">
    <ele>1283.4</ele>
   </trkpt>
   <trkpt lat="-36.9372410" lon="-70.6869850">
    <ele>1282.4</ele>
   </trkpt>
   <trkpt lat="-36.9371890" lon="-70.6869680">
    <ele>1282.4</ele>
   </trkpt>
   <trkpt lat="-36.9368330" lon="-70.6869500">
    <ele>1282.0</ele>
   </trkpt>
   <trkpt lat="-36.9367860" lon="-70.6869650">
    <ele>1282.0</ele>
   </trkpt>
   <trkpt lat="-36.9365350" lon="-70.6870290">
    <ele>1283.0</ele>
   </trkpt>
   <trkpt lat="-36.9365060" lon="-70.6870410">
    <ele>1283.2</ele>
   </trkpt>
   <trkpt lat="-36.9364780" lon="-70.6870450">
    <ele>1283.4</ele>
   </trkpt>
   <trkpt lat="-36.9364280" lon="-70.6870510">
    <ele>1284.2</ele>
   </trkpt>
   <trkpt lat="-36.9364050" lon="-70.6870620">
    <ele>1284.6</ele>
   </trkpt>
   <trkpt lat="-36.9363790" lon="-70.6870600">
    <ele>1284.8</ele>
   </trkpt>
   <trkpt lat="-36.9363550" lon="-70.6870660">
    <ele>1285.0</ele>
   </trkpt>
   <trkpt lat="-36.9363320" lon="-70.6870650">
    <ele>1285.6</ele>
   </trkpt>
   <trkpt lat="-36.9362590" lon="-70.6870720">
    <ele>1286.8</ele>
   </trkpt>
   <trkpt lat="-36.9361250" lon="-70.6870890">
    <ele>1287.6</ele>
   </trkpt>
   <trkpt lat="-36.9360990" lon="-70.6870920">
    <ele>1287.8</ele>
   </trkpt>
   <trkpt lat="-36.9360690" lon="-70.6870870">
    <ele>1288.0</ele>
   </trkpt>
   <trkpt lat="-36.9360430" lon="-70.6870890">
    <ele>1288.2</ele>
   </trkpt>
   <trkpt lat="-36.9360180" lon="-70.6870870">
    <ele>1288.4</ele>
   </trkpt>
   <trkpt lat="-36.9359910" lon="-70.6870800">
    <ele>1288.4</ele>
   </trkpt>
   <trkpt lat="-36.9359630" lon="-70.6870860">
    <ele>1288.6</ele>
   </trkpt>
   <trkpt lat="-36.9359310" lon="-70.6870830">
    <ele>1288.8</ele>
   </trkpt>
   <trkpt lat="-36.9357380" lon="-70.6870550">
    <ele>1289.8</ele>
   </trkpt>
   <trkpt lat="-36.9357070" lon="-70.6870380">
    <ele>1289.8</ele>
   </trkpt>
   <trkpt lat="-36.9353390" lon="-70.6869150">
    <ele>1290.2</ele>
   </trkpt>
   <trkpt lat="-36.9349730" lon="-70.6868160">
    <ele>1290.2</ele>
   </trkpt>
   <trkpt lat="-36.9346110" lon="-70.6867670">
    <ele>1290.2</ele>
   </trkpt>
   <trkpt lat="-36.9345500" lon="-70.6867450">
    <ele>1290.6</ele>
   </trkpt>
   <trkpt lat="-36.9345220" lon="-70.6867310">
    <ele>1290.8</ele>
   </trkpt>
   <trkpt lat="-36.9344930" lon="-70.6867280">
    <ele>1291.0</ele>
   </trkpt>
   <trkpt lat="-36.9344640" lon="-70.6867190">
    <ele>1291.0</ele>
   </trkpt>
   <trkpt lat="-36.9342560" lon="-70.6866680">
    <ele>1292.2</ele>
   </trkpt>
   <trkpt lat="-36.9339120" lon="-70.6865110">
    <ele>1293.2</ele>
   </trkpt>
   <trkpt lat="-36.9338530" lon="-70.6864820">
    <ele>1293.6</ele>
   </trkpt>
   <trkpt lat="-36.9337910" lon="-70.6864530">
    <ele>1293.6</ele>
   </trkpt>
   <trkpt lat="-36.9335880" lon="-70.6863490">
    <ele>1293.6</ele>
   </trkpt>
   <trkpt lat="-36.9334920" lon="-70.6862680">
    <ele>1294.2</ele>
   </trkpt>
   <trkpt lat="-36.9334720" lon="-70.6862460">
    <ele>1294.2</ele>
   </trkpt>
   <trkpt lat="-36.9333800" lon="-70.6861330">
    <ele>1295.0</ele>
   </trkpt>
   <trkpt lat="-36.9332790" lon="-70.6859510">
    <ele>1296.8</ele>
   </trkpt>
   <trkpt lat="-36.9332550" lon="-70.6859150">
    <ele>1297.0</ele>
   </trkpt>
   <trkpt lat="-36.9332420" lon="-70.6858990">
    <ele>1297.2</ele>
   </trkpt>
   <trkpt lat="-36.9332290" lon="-70.6858780">
    <ele>1297.4</ele>
   </trkpt>
   <trkpt lat="-36.9332140" lon="-70.6858610">
    <ele>1297.4</ele>
   </trkpt>
   <trkpt lat="-36.9332040" lon="-70.6858400">
    <ele>1297.6</ele>
   </trkpt>
   <trkpt lat="-36.9331960" lon="-70.6858200">
    <ele>1297.8</ele>
   </trkpt>
   <trkpt lat="-36.9331900" lon="-70.6857990">
    <ele>1298.0</ele>
   </trkpt>
   <trkpt lat="-36.9331830" lon="-70.6857780">
    <ele>1298.4</ele>
   </trkpt>
   <trkpt lat="-36.9331710" lon="-70.6857570">
    <ele>1298.4</ele>
   </trkpt>
   <trkpt lat="-36.9331590" lon="-70.6857350">
    <ele>1298.4</ele>
   </trkpt>
   <trkpt lat="-36.9331520" lon="-70.6857130">
    <ele>1298.8</ele>
   </trkpt>
   <trkpt lat="-36.9331310" lon="-70.6856660">
    <ele>1298.8</ele>
   </trkpt>
   <trkpt lat="-36.9331240" lon="-70.6856410">
    <ele>1299.0</ele>
   </trkpt>
   <trkpt lat="-36.9331130" lon="-70.6856140">
    <ele>1299.2</ele>
   </trkpt>
   <trkpt lat="-36.9331040" lon="-70.6855890">
    <ele>1299.6</ele>
   </trkpt>
   <trkpt lat="-36.9331020" lon="-70.6855670">
    <ele>1299.8</ele>
   </trkpt>
   <trkpt lat="-36.9331000" lon="-70.6855500">
    <ele>1300.2</ele>
   </trkpt>
   <trkpt lat="-36.9330980" lon="-70.6855270">
    <ele>1300.2</ele>
   </trkpt>
   <trkpt lat="-36.9331000" lon="-70.6855070">
    <ele>1300.4</ele>
   </trkpt>
   <trkpt lat="-36.9330930" lon="-70.6854840">
    <ele>1300.4</ele>
   </trkpt>
   <trkpt lat="-36.9330860" lon="-70.6854380">
    <ele>1301.0</ele>
   </trkpt>
   <trkpt lat="-36.9330890" lon="-70.6854120">
    <ele>1301.2</ele>
   </trkpt>
   <trkpt lat="-36.9330940" lon="-70.6853870">
    <ele>1301.4</ele>
   </trkpt>
   <trkpt lat="-36.9330920" lon="-70.6853660">
    <ele>1301.4</ele>
   </trkpt>
   <trkpt lat="-36.9330940" lon="-70.6853440">
    <ele>1301.6</ele>
   </trkpt>
   <trkpt lat="-36.9330940" lon="-70.6853270">
    <ele>1301.8</ele>
   </trkpt>
   <trkpt lat="-36.9330960" lon="-70.6852990">
    <ele>1302.2</ele>
   </trkpt>
   <trkpt lat="-36.9331020" lon="-70.6852850">
    <ele>1302.4</ele>
   </trkpt>
   <trkpt lat="-36.9331070" lon="-70.6852690">
    <ele>1302.4</ele>
   </trkpt>
   <trkpt lat="-36.9331140" lon="-70.6852510">
    <ele>1302.4</ele>
   </trkpt>
   <trkpt lat="-36.9331260" lon="-70.6851860">
    <ele>1302.6</ele>
   </trkpt>
   <trkpt lat="-36.9331330" lon="-70.6851540">
    <ele>1302.8</ele>
   </trkpt>
   <trkpt lat="-36.9331330" lon="-70.6851390">
    <ele>1303.0</ele>
   </trkpt>
   <trkpt lat="-36.9331400" lon="-70.6851200">
    <ele>1303.0</ele>
   </trkpt>
   <trkpt lat="-36.9331420" lon="-70.6850960">
    <ele>1303.2</ele>
   </trkpt>
   <trkpt lat="-36.9331430" lon="-70.6850760">
    <ele>1303.2</ele>
   </trkpt>
   <trkpt lat="-36.9331410" lon="-70.6850520">
    <ele>1303.4</ele>
   </trkpt>
   <trkpt lat="-36.9331410" lon="-70.6850250">
    <ele>1303.4</ele>
   </trkpt>
   <trkpt lat="-36.9331380" lon="-70.6849960">
    <ele>1303.4</ele>
   </trkpt>
   <trkpt lat="-36.9331310" lon="-70.6849400">
    <ele>1303.8</ele>
   </trkpt>
   <trkpt lat="-36.9331320" lon="-70.6849150">
    <ele>1303.8</ele>
   </trkpt>
   <trkpt lat="-36.9331340" lon="-70.6848900">
    <ele>1303.8</ele>
   </trkpt>
   <trkpt lat="-36.9331290" lon="-70.6848650">
    <ele>1303.8</ele>
   </trkpt>
   <trkpt lat="-36.9331250" lon="-70.6848410">
    <ele>1303.6</ele>
   </trkpt>
   <trkpt lat="-36.9331130" lon="-70.6848080">
    <ele>1303.4</ele>
   </trkpt>
   <trkpt lat="-36.9331090" lon="-70.6847700">
    <ele>1303.2</ele>
   </trkpt>
   <trkpt lat="-36.9330960" lon="-70.6846760">
    <ele>1302.8</ele>
   </trkpt>
   <trkpt lat="-36.9330840" lon="-70.6846180">
    <ele>1302.6</ele>
   </trkpt>
   <trkpt lat="-36.9330790" lon="-70.6845650">
    <ele>1302.4</ele>
   </trkpt>
   <trkpt lat="-36.9330630" lon="-70.6844500">
    <ele>1302.2</ele>
   </trkpt>
   <trkpt lat="-36.9329510" lon="-70.6840370">
    <ele>1302.6</ele>
   </trkpt>
   <trkpt lat="-36.9328050" lon="-70.6836170">
    <ele>1302.8</ele>
   </trkpt>
   <trkpt lat="-36.9327260" lon="-70.6834440">
    <ele>1302.6</ele>
   </trkpt>
   <trkpt lat="-36.9325970" lon="-70.6832310">
    <ele>1301.6</ele>
   </trkpt>
   <trkpt lat="-36.9325400" lon="-70.6831720">
    <ele>1302.0</ele>
   </trkpt>
   <trkpt lat="-36.9325250" lon="-70.6831480">
    <ele>1302.0</ele>
   </trkpt>
   <trkpt lat="-36.9325070" lon="-70.6831300">
    <ele>1302.4</ele>
   </trkpt>
   <trkpt lat="-36.9324860" lon="-70.6830960">
    <ele>1302.6</ele>
   </trkpt>
   <trkpt lat="-36.9324750" lon="-70.6830790">
    <ele>1302.6</ele>
   </trkpt>
   <trkpt lat="-36.9324040" lon="-70.6829720">
    <ele>1303.2</ele>
   </trkpt>
   <trkpt lat="-36.9323900" lon="-70.6829460">
    <ele>1303.4</ele>
   </trkpt>
   <trkpt lat="-36.9323730" lon="-70.6829210">
    <ele>1303.6</ele>
   </trkpt>
   <trkpt lat="-36.9322880" lon="-70.6827900">
    <ele>1304.2</ele>
   </trkpt>
   <trkpt lat="-36.9322500" lon="-70.6827360">
    <ele>1304.6</ele>
   </trkpt>
   <trkpt lat="-36.9321020" lon="-70.6826010">
    <ele>1305.8</ele>
   </trkpt>
   <trkpt lat="-36.9319140" lon="-70.6824330">
    <ele>1306.8</ele>
   </trkpt>
   <trkpt lat="-36.9318930" lon="-70.6824100">
    <ele>1307.0</ele>
   </trkpt>
   <trkpt lat="-36.9318710" lon="-70.6823880">
    <ele>1307.4</ele>
   </trkpt>
   <trkpt lat="-36.9316810" lon="-70.6821830">
    <ele>1308.8</ele>
   </trkpt>
   <trkpt lat="-36.9316560" lon="-70.6821580">
    <ele>1308.8</ele>
   </trkpt>
   <trkpt lat="-36.9315780" lon="-70.6820840">
    <ele>1309.4</ele>
   </trkpt>
   <trkpt lat="-36.9315500" lon="-70.6820630">
    <ele>1309.6</ele>
   </trkpt>
   <trkpt lat="-36.9315260" lon="-70.6820330">
    <ele>1309.8</ele>
   </trkpt>
   <trkpt lat="-36.9315080" lon="-70.6820040">
    <ele>1310.0</ele>
   </trkpt>
   <trkpt lat="-36.9314880" lon="-70.6819830">
    <ele>1310.4</ele>
   </trkpt>
   <trkpt lat="-36.9314350" lon="-70.6819300">
    <ele>1310.4</ele>
   </trkpt>
   <trkpt lat="-36.9314100" lon="-70.6818990">
    <ele>1310.6</ele>
   </trkpt>
   <trkpt lat="-36.9311590" lon="-70.6816000">
    <ele>1311.8</ele>
   </trkpt>
   <trkpt lat="-36.9310150" lon="-70.6814130">
    <ele>1311.8</ele>
   </trkpt>
   <trkpt lat="-36.9309750" lon="-70.6813550">
    <ele>1312.0</ele>
   </trkpt>
   <trkpt lat="-36.9309100" lon="-70.6812670">
    <ele>1312.4</ele>
   </trkpt>
   <trkpt lat="-36.9308930" lon="-70.6812380">
    <ele>1312.4</ele>
   </trkpt>
   <trkpt lat="-36.9308670" lon="-70.6812100">
    <ele>1312.6</ele>
   </trkpt>
   <trkpt lat="-36.9307830" lon="-70.6811070">
    <ele>1313.0</ele>
   </trkpt>
   <trkpt lat="-36.9307690" lon="-70.6810840">
    <ele>1313.2</ele>
   </trkpt>
   <trkpt lat="-36.9307490" lon="-70.6810630">
    <ele>1313.4</ele>
   </trkpt>
   <trkpt lat="-36.9307350" lon="-70.6810340">
    <ele>1313.4</ele>
   </trkpt>
   <trkpt lat="-36.9307040" lon="-70.6809840">
    <ele>1313.8</ele>
   </trkpt>
   <trkpt lat="-36.9306080" lon="-70.6806960">
    <ele>1315.6</ele>
   </trkpt>
   <trkpt lat="-36.9305970" lon="-70.6806610">
    <ele>1316.0</ele>
   </trkpt>
   <trkpt lat="-36.9305940" lon="-70.6806270">
    <ele>1316.2</ele>
   </trkpt>
   <trkpt lat="-36.9305830" lon="-70.6805800">
    <ele>1316.2</ele>
   </trkpt>
   <trkpt lat="-36.9305690" lon="-70.6805360">
    <ele>1316.4</ele>
   </trkpt>
   <trkpt lat="-36.9304460" lon="-70.6800780">
    <ele>1315.6</ele>
   </trkpt>
   <trkpt lat="-36.9303100" lon="-70.6796160">
    <ele>1314.8</ele>
   </trkpt>
   <trkpt lat="-36.9302320" lon="-70.6794340">
    <ele>1314.8</ele>
   </trkpt>
   <trkpt lat="-36.9302230" lon="-70.6794070">
    <ele>1315.0</ele>
   </trkpt>
   <trkpt lat="-36.9301820" lon="-70.6793180">
    <ele>1315.6</ele>
   </trkpt>
   <trkpt lat="-36.9301700" lon="-70.6792990">
    <ele>1315.6</ele>
   </trkpt>
   <trkpt lat="-36.9301580" lon="-70.6792860">
    <ele>1315.8</ele>
   </trkpt>
   <trkpt lat="-36.9301490" lon="-70.6792540">
    <ele>1316.0</ele>
   </trkpt>
   <trkpt lat="-36.9301460" lon="-70.6792250">
    <ele>1316.2</ele>
   </trkpt>
   <trkpt lat="-36.9301380" lon="-70.6792050">
    <ele>1316.4</ele>
   </trkpt>
   <trkpt lat="-36.9301300" lon="-70.6791860">
    <ele>1316.6</ele>
   </trkpt>
   <trkpt lat="-36.9301250" lon="-70.6791680">
    <ele>1317.0</ele>
   </trkpt>
   <trkpt lat="-36.9301130" lon="-70.6791440">
    <ele>1317.2</ele>
   </trkpt>
   <trkpt lat="-36.9301010" lon="-70.6791200">
    <ele>1317.6</ele>
   </trkpt>
   <trkpt lat="-36.9300870" lon="-70.6790980">
    <ele>1317.8</ele>
   </trkpt>
   <trkpt lat="-36.9300850" lon="-70.6790690">
    <ele>1318.2</ele>
   </trkpt>
   <trkpt lat="-36.9300760" lon="-70.6790470">
    <ele>1318.4</ele>
   </trkpt>
   <trkpt lat="-36.9300490" lon="-70.6789700">
    <ele>1319.2</ele>
   </trkpt>
   <trkpt lat="-36.9300240" lon="-70.6788570">
    <ele>1320.6</ele>
   </trkpt>
   <trkpt lat="-36.9300120" lon="-70.6787830">
    <ele>1321.2</ele>
   </trkpt>
   <trkpt lat="-36.9300110" lon="-70.6787210">
    <ele>1321.8</ele>
   </trkpt>
   <trkpt lat="-36.9300050" lon="-70.6787000">
    <ele>1322.0</ele>
   </trkpt>
   <trkpt lat="-36.9300080" lon="-70.6786860">
    <ele>1322.2</ele>
   </trkpt>
   <trkpt lat="-36.9300080" lon="-70.6786680">
    <ele>1322.6</ele>
   </trkpt>
   <trkpt lat="-36.9300060" lon="-70.6786480">
    <ele>1322.8</ele>
   </trkpt>
   <trkpt lat="-36.9300070" lon="-70.6786330">
    <ele>1323.0</ele>
   </trkpt>
   <trkpt lat="-36.9300030" lon="-70.6786110">
    <ele>1323.0</ele>
   </trkpt>
   <trkpt lat="-36.9299960" lon="-70.6785890">
    <ele>1323.2</ele>
   </trkpt>
   <trkpt lat="-36.9299730" lon="-70.6785170">
    <ele>1323.8</ele>
   </trkpt>
   <trkpt lat="-36.9299720" lon="-70.6784980">
    <ele>1324.0</ele>
   </trkpt>
   <trkpt lat="-36.9299660" lon="-70.6784740">
    <ele>1324.4</ele>
   </trkpt>
   <trkpt lat="-36.9299610" lon="-70.6784480">
    <ele>1324.6</ele>
   </trkpt>
   <trkpt lat="-36.9299610" lon="-70.6784220">
    <ele>1324.8</ele>
   </trkpt>
   <trkpt lat="-36.9299590" lon="-70.6783470">
    <ele>1324.8</ele>
   </trkpt>
   <trkpt lat="-36.9299600" lon="-70.6783160">
    <ele>1325.0</ele>
   </trkpt>
   <trkpt lat="-36.9299610" lon="-70.6782840">
    <ele>1325.0</ele>
   </trkpt>
   <trkpt lat="-36.9299620" lon="-70.6782560">
    <ele>1325.2</ele>
   </trkpt>
   <trkpt lat="-36.9299690" lon="-70.6782260">
    <ele>1325.2</ele>
   </trkpt>
   <trkpt lat="-36.9299750" lon="-70.6777010">
    <ele>1324.0</ele>
   </trkpt>
   <trkpt lat="-36.9297880" lon="-70.6772550">
    <ele>1320.0</ele>
   </trkpt>
   <trkpt lat="-36.9297630" lon="-70.6771680">
    <ele>1317.2</ele>
   </trkpt>
   <trkpt lat="-36.9297200" lon="-70.6769640">
    <ele>1314.6</ele>
   </trkpt>
   <trkpt lat="-36.9296710" lon="-70.6768820">
    <ele>1314.2</ele>
   </trkpt>
   <trkpt lat="-36.9296120" lon="-70.6768340">
    <ele>1314.2</ele>
   </trkpt>
   <trkpt lat="-36.9295060" lon="-70.6767530">
    <ele>1314.2</ele>
   </trkpt>
   <trkpt lat="-36.9294900" lon="-70.6767290">
    <ele>1314.4</ele>
   </trkpt>
   <trkpt lat="-36.9294760" lon="-70.6767040">
    <ele>1314.4</ele>
   </trkpt>
   <trkpt lat="-36.9294570" lon="-70.6766580">
    <ele>1315.0</ele>
   </trkpt>
   <trkpt lat="-36.9294470" lon="-70.6766450">
    <ele>1315.2</ele>
   </trkpt>
   <trkpt lat="-36.9294330" lon="-70.6766300">
    <ele>1315.4</ele>
   </trkpt>
   <trkpt lat="-36.9294190" lon="-70.6766060">
    <ele>1315.4</ele>
   </trkpt>
   <trkpt lat="-36.9294050" lon="-70.6765880">
    <ele>1315.6</ele>
   </trkpt>
   <trkpt lat="-36.9293780" lon="-70.6765500">
    <ele>1316.0</ele>
   </trkpt>
   <trkpt lat="-36.9293700" lon="-70.6765230">
    <ele>1316.2</ele>
   </trkpt>
   <trkpt lat="-36.9293570" lon="-70.6765010">
    <ele>1316.4</ele>
   </trkpt>
   <trkpt lat="-36.9293400" lon="-70.6764820">
    <ele>1316.4</ele>
   </trkpt>
   <trkpt lat="-36.9293280" lon="-70.6764650">
    <ele>1316.6</ele>
   </trkpt>
   <trkpt lat="-36.9292830" lon="-70.6763850">
    <ele>1317.0</ele>
   </trkpt>
   <trkpt lat="-36.9292720" lon="-70.6763520">
    <ele>1317.2</ele>
   </trkpt>
   <trkpt lat="-36.9292550" lon="-70.6763220">
    <ele>1317.2</ele>
   </trkpt>
   <trkpt lat="-36.9292010" lon="-70.6762220">
    <ele>1317.4</ele>
   </trkpt>
   <trkpt lat="-36.9291880" lon="-70.6761820">
    <ele>1317.4</ele>
   </trkpt>
   <trkpt lat="-36.9290640" lon="-70.6757280">
    <ele>1315.8</ele>
   </trkpt>
   <trkpt lat="-36.9289690" lon="-70.6752130">
    <ele>1312.8</ele>
   </trkpt>
   <trkpt lat="-36.9288880" lon="-70.6747550">
    <ele>1310.4</ele>
   </trkpt>
   <trkpt lat="-36.9287940" lon="-70.6742560">
    <ele>1306.6</ele>
   </trkpt>
   <trkpt lat="-36.9287810" lon="-70.6741330">
    <ele>1305.6</ele>
   </trkpt>
   <trkpt lat="-36.9287850" lon="-70.6740170">
    <ele>1305.0</ele>
   </trkpt>
   <trkpt lat="-36.9288280" lon="-70.6735390">
    <ele>1301.0</ele>
   </trkpt>
   <trkpt lat="-36.9289140" lon="-70.6732000">
    <ele>1299.4</ele>
   </trkpt>
   <trkpt lat="-36.9289170" lon="-70.6731050">
    <ele>1298.2</ele>
   </trkpt>
   <trkpt lat="-36.9289070" lon="-70.6730050">
    <ele>1296.8</ele>
   </trkpt>
   <trkpt lat="-36.9288920" lon="-70.6724990">
    <ele>1294.4</ele>
   </trkpt>
   <trkpt lat="-36.9290570" lon="-70.6720180">
    <ele>1291.8</ele>
   </trkpt>
   <trkpt lat="-36.9292260" lon="-70.6715250">
    <ele>1288.4</ele>
   </trkpt>
   <trkpt lat="-36.9293940" lon="-70.6710930">
    <ele>1287.0</ele>
   </trkpt>
   <trkpt lat="-36.9294990" lon="-70.6707560">
    <ele>1284.4</ele>
   </trkpt>
   <trkpt lat="-36.9295090" lon="-70.6705760">
    <ele>1284.0</ele>
   </trkpt>
   <trkpt lat="-36.9295180" lon="-70.6703960">
    <ele>1283.4</ele>
   </trkpt>
   <trkpt lat="-36.9295170" lon="-70.6702880">
    <ele>1283.2</ele>
   </trkpt>
   <trkpt lat="-36.9295420" lon="-70.6701840">
    <ele>1282.6</ele>
   </trkpt>
   <trkpt lat="-36.9295910" lon="-70.6700920">
    <ele>1282.2</ele>
   </trkpt>
   <trkpt lat="-36.9296540" lon="-70.6700080">
    <ele>1281.8</ele>
   </trkpt>
   <trkpt lat="-36.9299480" lon="-70.6697330">
    <ele>1280.2</ele>
   </trkpt>
   <trkpt lat="-36.9301140" lon="-70.6695690">
    <ele>1279.2</ele>
   </trkpt>
   <trkpt lat="-36.9301390" lon="-70.6695020">
    <ele>1279.2</ele>
   </trkpt>
   <trkpt lat="-36.9301440" lon="-70.6694280">
    <ele>1279.4</ele>
   </trkpt>
   <trkpt lat="-36.9301330" lon="-70.6693620">
    <ele>1279.4</ele>
   </trkpt>
   <trkpt lat="-36.9301040" lon="-70.6693050">
    <ele>1279.6</ele>
   </trkpt>
   <trkpt lat="-36.9300670" lon="-70.6692590">
    <ele>1279.8</ele>
   </trkpt>
   <trkpt lat="-36.9299430" lon="-70.6690500">
    <ele>1280.6</ele>
   </trkpt>
   <trkpt lat="-36.9299340" lon="-70.6690060">
    <ele>1280.8</ele>
   </trkpt>
   <trkpt lat="-36.9299200" lon="-70.6689040">
    <ele>1281.0</ele>
   </trkpt>
   <trkpt lat="-36.9299220" lon="-70.6688520">
    <ele>1281.0</ele>
   </trkpt>
   <trkpt lat="-36.9299250" lon="-70.6688090">
    <ele>1281.4</ele>
   </trkpt>
   <trkpt lat="-36.9299350" lon="-70.6687660">
    <ele>1281.6</ele>
   </trkpt>
   <trkpt lat="-36.9300890" lon="-70.6683210">
    <ele>1281.8</ele>
   </trkpt>
   <trkpt lat="-36.9300850" lon="-70.6682880">
    <ele>1281.8</ele>
   </trkpt>
   <trkpt lat="-36.9300690" lon="-70.6682550">
    <ele>1282.0</ele>
   </trkpt>
   <trkpt lat="-36.9300470" lon="-70.6682130">
    <ele>1282.2</ele>
   </trkpt>
   <trkpt lat="-36.9300280" lon="-70.6681990">
    <ele>1282.2</ele>
   </trkpt>
   <trkpt lat="-36.9300030" lon="-70.6681890">
    <ele>1282.2</ele>
   </trkpt>
   <trkpt lat="-36.9299730" lon="-70.6681860">
    <ele>1282.2</ele>
   </trkpt>
   <trkpt lat="-36.9299440" lon="-70.6681890">
    <ele>1282.2</ele>
   </trkpt>
   <trkpt lat="-36.9299160" lon="-70.6681880">
    <ele>1282.2</ele>
   </trkpt>
   <trkpt lat="-36.9298940" lon="-70.6682020">
    <ele>1282.2</ele>
   </trkpt>
   <trkpt lat="-36.9298810" lon="-70.6682130">
    <ele>1282.4</ele>
   </trkpt>
   <trkpt lat="-36.9298740" lon="-70.6682340">
    <ele>1282.4</ele>
   </trkpt>
   <trkpt lat="-36.9298610" lon="-70.6682520">
    <ele>1282.4</ele>
   </trkpt>
   <trkpt lat="-36.9298510" lon="-70.6682710">
    <ele>1282.6</ele>
   </trkpt>
   <trkpt lat="-36.9298440" lon="-70.6682920">
    <ele>1282.8</ele>
   </trkpt>
   <trkpt lat="-36.9298340" lon="-70.6683100">
    <ele>1283.0</ele>
   </trkpt>
   <trkpt lat="-36.9297750" lon="-70.6684110">
    <ele>1284.2</ele>
   </trkpt>
   <trkpt lat="-36.9297610" lon="-70.6684310">
    <ele>1284.6</ele>
   </trkpt>
   <trkpt lat="-36.9297470" lon="-70.6684520">
    <ele>1284.8</ele>
   </trkpt>
   <trkpt lat="-36.9297380" lon="-70.6684740">
    <ele>1285.0</ele>
   </trkpt>
   <trkpt lat="-36.9296720" lon="-70.6686090">
    <ele>1285.8</ele>
   </trkpt>
   <trkpt lat="-36.9296470" lon="-70.6686810">
    <ele>1286.0</ele>
   </trkpt>
   <trkpt lat="-36.9296370" lon="-70.6687190">
    <ele>1286.2</ele>
   </trkpt>
   <trkpt lat="-36.9296180" lon="-70.6688110">
    <ele>1286.4</ele>
   </trkpt>
   <trkpt lat="-36.9296050" lon="-70.6688550">
    <ele>1286.4</ele>
   </trkpt>
   <trkpt lat="-36.9295370" lon="-70.6690740">
    <ele>1286.6</ele>
   </trkpt>
   <trkpt lat="-36.9295050" lon="-70.6691230">
    <ele>1286.6</ele>
   </trkpt>
   <trkpt lat="-36.9294320" lon="-70.6692100">
    <ele>1286.0</ele>
   </trkpt>
   <trkpt lat="-36.9293590" lon="-70.6693060">
    <ele>1285.4</ele>
   </trkpt>
   <trkpt lat="-36.9293090" lon="-70.6693430">
    <ele>1285.2</ele>
   </trkpt>
   <trkpt lat="-36.9292700" lon="-70.6693700">
    <ele>1285.2</ele>
   </trkpt>
   <trkpt lat="-36.9290790" lon="-70.6694820">
    <ele>1285.2</ele>
   </trkpt>
   <trkpt lat="-36.9290010" lon="-70.6695410">
    <ele>1285.8</ele>
   </trkpt>
   <trkpt lat="-36.9289840" lon="-70.6695630">
    <ele>1286.0</ele>
   </trkpt>
   <trkpt lat="-36.9289660" lon="-70.6695820">
    <ele>1286.2</ele>
   </trkpt>
   <trkpt lat="-36.9289480" lon="-70.6695920">
    <ele>1286.4</ele>
   </trkpt>
   <trkpt lat="-36.9289280" lon="-70.6696090">
    <ele>1286.8</ele>
   </trkpt>
   <trkpt lat="-36.9289130" lon="-70.6696230">
    <ele>1287.0</ele>
   </trkpt>
   <trkpt lat="-36.9289030" lon="-70.6696420">
    <ele>1287.2</ele>
   </trkpt>
   <trkpt lat="-36.9288870" lon="-70.6696590">
    <ele>1287.4</ele>
   </trkpt>
   <trkpt lat="-36.9288680" lon="-70.6696770">
    <ele>1287.6</ele>
   </trkpt>
   <trkpt lat="-36.9288560" lon="-70.6697020">
    <ele>1287.6</ele>
   </trkpt>
   <trkpt lat="-36.9288400" lon="-70.6697230">
    <ele>1287.8</ele>
   </trkpt>
   <trkpt lat="-36.9288210" lon="-70.6697350">
    <ele>1288.0</ele>
   </trkpt>
   <trkpt lat="-36.9288090" lon="-70.6697540">
    <ele>1288.2</ele>
   </trkpt>
   <trkpt lat="-36.9287940" lon="-70.6697740">
    <ele>1288.6</ele>
   </trkpt>
   <trkpt lat="-36.9287820" lon="-70.6698020">
    <ele>1289.0</ele>
   </trkpt>
   <trkpt lat="-36.9287590" lon="-70.6698480">
    <ele>1289.4</ele>
   </trkpt>
   <trkpt lat="-36.9287510" lon="-70.6698790">
    <ele>1289.4</ele>
   </trkpt>
   <trkpt lat="-36.9287400" lon="-70.6699050">
    <ele>1289.8</ele>
   </trkpt>
   <trkpt lat="-36.9287310" lon="-70.6699330">
    <ele>1290.0</ele>
   </trkpt>
   <trkpt lat="-36.9287240" lon="-70.6699660">
    <ele>1290.2</ele>
   </trkpt>
   <trkpt lat="-36.9287230" lon="-70.6700020">
    <ele>1290.4</ele>
   </trkpt>
   <trkpt lat="-36.9287320" lon="-70.6701690">
    <ele>1291.2</ele>
   </trkpt>
   <trkpt lat="-36.9287260" lon="-70.6702160">
    <ele>1291.2</ele>
   </trkpt>
   <trkpt lat="-36.9287100" lon="-70.6703280">
    <ele>1291.4</ele>
   </trkpt>
   <trkpt lat="-36.9286890" lon="-70.6703880">
    <ele>1291.2</ele>
   </trkpt>
   <trkpt lat="-36.9284390" lon="-70.6707740">
    <ele>1289.8</ele>
   </trkpt>
   <trkpt lat="-36.9283970" lon="-70.6707980">
    <ele>1289.8</ele>
   </trkpt>
   <trkpt lat="-36.9282800" lon="-70.6708540">
    <ele>1290.0</ele>
   </trkpt>
   <trkpt lat="-36.9282280" lon="-70.6708640">
    <ele>1290.4</ele>
   </trkpt>
   <trkpt lat="-36.9282050" lon="-70.6708790">
    <ele>1290.6</ele>
   </trkpt>
   <trkpt lat="-36.9281890" lon="-70.6709000">
    <ele>1290.8</ele>
   </trkpt>
   <trkpt lat="-36.9280830" lon="-70.6710150">
    <ele>1291.2</ele>
   </trkpt>
   <trkpt lat="-36.9280620" lon="-70.6710340">
    <ele>1291.2</ele>
   </trkpt>
   <trkpt lat="-36.9279830" lon="-70.6711110">
    <ele>1291.6</ele>
   </trkpt>
   <trkpt lat="-36.9279300" lon="-70.6711540">
    <ele>1292.4</ele>
   </trkpt>
   <trkpt lat="-36.9279140" lon="-70.6711630">
    <ele>1292.6</ele>
   </trkpt>
   <trkpt lat="-36.9279010" lon="-70.6711760">
    <ele>1292.6</ele>
   </trkpt>
   <trkpt lat="-36.9277490" lon="-70.6713120">
    <ele>1295.0</ele>
   </trkpt>
   <trkpt lat="-36.9277050" lon="-70.6713350">
    <ele>1295.6</ele>
   </trkpt>
   <trkpt lat="-36.9276570" lon="-70.6713670">
    <ele>1296.0</ele>
   </trkpt>
   <trkpt lat="-36.9276420" lon="-70.6713780">
    <ele>1296.4</ele>
   </trkpt>
   <trkpt lat="-36.9276250" lon="-70.6713830">
    <ele>1296.6</ele>
   </trkpt>
   <trkpt lat="-36.9276110" lon="-70.6713860">
    <ele>1296.8</ele>
   </trkpt>
   <trkpt lat="-36.9276000" lon="-70.6713910">
    <ele>1297.0</ele>
   </trkpt>
   <trkpt lat="-36.9275840" lon="-70.6714000">
    <ele>1297.2</ele>
   </trkpt>
   <trkpt lat="-36.9275700" lon="-70.6714090">
    <ele>1297.4</ele>
   </trkpt>
   <trkpt lat="-36.9275530" lon="-70.6714140">
    <ele>1297.6</ele>
   </trkpt>
   <trkpt lat="-36.9274990" lon="-70.6714440">
    <ele>1298.4</ele>
   </trkpt>
   <trkpt lat="-36.9274790" lon="-70.6714500">
    <ele>1298.6</ele>
   </trkpt>
   <trkpt lat="-36.9274560" lon="-70.6714590">
    <ele>1298.6</ele>
   </trkpt>
   <trkpt lat="-36.9274350" lon="-70.6714650">
    <ele>1298.8</ele>
   </trkpt>
   <trkpt lat="-36.9274180" lon="-70.6714730">
    <ele>1299.0</ele>
   </trkpt>
   <trkpt lat="-36.9274000" lon="-70.6714870">
    <ele>1299.2</ele>
   </trkpt>
   <trkpt lat="-36.9273840" lon="-70.6714940">
    <ele>1299.2</ele>
   </trkpt>
   <trkpt lat="-36.9273660" lon="-70.6714980">
    <ele>1299.4</ele>
   </trkpt>
   <trkpt lat="-36.9273490" lon="-70.6715060">
    <ele>1299.4</ele>
   </trkpt>
   <trkpt lat="-36.9273380" lon="-70.6715120">
    <ele>1299.6</ele>
   </trkpt>
   <trkpt lat="-36.9273280" lon="-70.6715110">
    <ele>1299.8</ele>
   </trkpt>
   <trkpt lat="-36.9273100" lon="-70.6715130">
    <ele>1300.0</ele>
   </trkpt>
   <trkpt lat="-36.9272920" lon="-70.6715160">
    <ele>1300.0</ele>
   </trkpt>
   <trkpt lat="-36.9272770" lon="-70.6715290">
    <ele>1300.2</ele>
   </trkpt>
   <trkpt lat="-36.9272600" lon="-70.6715370">
    <ele>1300.4</ele>
   </trkpt>
   <trkpt lat="-36.9272260" lon="-70.6715490">
    <ele>1300.8</ele>
   </trkpt>
   <trkpt lat="-36.9272160" lon="-70.6715580">
    <ele>1301.2</ele>
   </trkpt>
   <trkpt lat="-36.9272020" lon="-70.6715620">
    <ele>1301.4</ele>
   </trkpt>
   <trkpt lat="-36.9271850" lon="-70.6715720">
    <ele>1301.8</ele>
   </trkpt>
   <trkpt lat="-36.9271680" lon="-70.6715770">
    <ele>1302.0</ele>
   </trkpt>
   <trkpt lat="-36.9271220" lon="-70.6715950">
    <ele>1302.8</ele>
   </trkpt>
   <trkpt lat="-36.9271070" lon="-70.6716030">
    <ele>1303.0</ele>
   </trkpt>
   <trkpt lat="-36.9270910" lon="-70.6716070">
    <ele>1303.2</ele>
   </trkpt>
   <trkpt lat="-36.9270200" lon="-70.6716300">
    <ele>1304.2</ele>
   </trkpt>
   <trkpt lat="-36.9270070" lon="-70.6716340">
    <ele>1304.4</ele>
   </trkpt>
   <trkpt lat="-36.9269940" lon="-70.6716420">
    <ele>1304.6</ele>
   </trkpt>
   <trkpt lat="-36.9269810" lon="-70.6716470">
    <ele>1304.8</ele>
   </trkpt>
   <trkpt lat="-36.9269680" lon="-70.6716480">
    <ele>1305.2</ele>
   </trkpt>
   <trkpt lat="-36.9269510" lon="-70.6716480">
    <ele>1305.2</ele>
   </trkpt>
   <trkpt lat="-36.9269340" lon="-70.6716450">
    <ele>1305.6</ele>
   </trkpt>
   <trkpt lat="-36.9269180" lon="-70.6716430">
    <ele>1305.8</ele>
   </trkpt>
   <trkpt lat="-36.9269030" lon="-70.6716470">
    <ele>1306.0</ele>
   </trkpt>
   <trkpt lat="-36.9268860" lon="-70.6716480">
    <ele>1306.2</ele>
   </trkpt>
   <trkpt lat="-36.9268710" lon="-70.6716500">
    <ele>1306.4</ele>
   </trkpt>
   <trkpt lat="-36.9268550" lon="-70.6716490">
    <ele>1306.6</ele>
   </trkpt>
   <trkpt lat="-36.9268420" lon="-70.6716530">
    <ele>1306.8</ele>
   </trkpt>
   <trkpt lat="-36.9268280" lon="-70.6716520">
    <ele>1307.0</ele>
   </trkpt>
   <trkpt lat="-36.9268050" lon="-70.6716510">
    <ele>1307.4</ele>
   </trkpt>
   <trkpt lat="-36.9267920" lon="-70.6716560">
    <ele>1307.6</ele>
   </trkpt>
   <trkpt lat="-36.9267800" lon="-70.6716570">
    <ele>1307.8</ele>
   </trkpt>
   <trkpt lat="-36.9267670" lon="-70.6716580">
    <ele>1307.8</ele>
   </trkpt>
   <trkpt lat="-36.9267380" lon="-70.6716600">
    <ele>1308.4</ele>
   </trkpt>
   <trkpt lat="-36.9267230" lon="-70.6716570">
    <ele>1308.6</ele>
   </trkpt>
   <trkpt lat="-36.9267090" lon="-70.6716560">
    <ele>1308.8</ele>
   </trkpt>
   <trkpt lat="-36.9266670" lon="-70.6716510">
    <ele>1309.8</ele>
   </trkpt>
   <trkpt lat="-36.9266520" lon="-70.6716450">
    <ele>1310.0</ele>
   </trkpt>
   <trkpt lat="-36.9266380" lon="-70.6716450">
    <ele>1310.2</ele>
   </trkpt>
   <trkpt lat="-36.9266240" lon="-70.6716440">
    <ele>1310.4</ele>
   </trkpt>
   <trkpt lat="-36.9266090" lon="-70.6716470">
    <ele>1310.4</ele>
   </trkpt>
   <trkpt lat="-36.9265960" lon="-70.6716440">
    <ele>1310.6</ele>
   </trkpt>
   <trkpt lat="-36.9265820" lon="-70.6716440">
    <ele>1310.8</ele>
   </trkpt>
   <trkpt lat="-36.9265440" lon="-70.6716440">
    <ele>1311.4</ele>
   </trkpt>
   <trkpt lat="-36.9265330" lon="-70.6716430">
    <ele>1311.6</ele>
   </trkpt>
   <trkpt lat="-36.9265190" lon="-70.6716390">
    <ele>1311.8</ele>
   </trkpt>
   <trkpt lat="-36.9264370" lon="-70.6716110">
    <ele>1313.0</ele>
   </trkpt>
   <trkpt lat="-36.9264250" lon="-70.6716040">
    <ele>1313.0</ele>
   </trkpt>
   <trkpt lat="-36.9264130" lon="-70.6715960">
    <ele>1313.2</ele>
   </trkpt>
   <trkpt lat="-36.9264010" lon="-70.6715940">
    <ele>1313.4</ele>
   </trkpt>
   <trkpt lat="-36.9263770" lon="-70.6715910">
    <ele>1314.0</ele>
   </trkpt>
   <trkpt lat="-36.9263680" lon="-70.6715900">
    <ele>1314.0</ele>
   </trkpt>
   <trkpt lat="-36.9263570" lon="-70.6715920">
    <ele>1314.2</ele>
   </trkpt>
   <trkpt lat="-36.9263410" lon="-70.6715900">
    <ele>1314.4</ele>
   </trkpt>
   <trkpt lat="-36.9263340" lon="-70.6715850">
    <ele>1314.6</ele>
   </trkpt>
   <trkpt lat="-36.9263250" lon="-70.6715870">
    <ele>1314.8</ele>
   </trkpt>
   <trkpt lat="-36.9263170" lon="-70.6715880">
    <ele>1315.0</ele>
   </trkpt>
   <trkpt lat="-36.9263090" lon="-70.6715870">
    <ele>1315.2</ele>
   </trkpt>
   <trkpt lat="-36.9262980" lon="-70.6715830">
    <ele>1315.2</ele>
   </trkpt>
   <trkpt lat="-36.9262860" lon="-70.6715810">
    <ele>1315.4</ele>
   </trkpt>
   <trkpt lat="-36.9262770" lon="-70.6715760">
    <ele>1315.4</ele>
   </trkpt>
   <trkpt lat="-36.9262630" lon="-70.6715710">
    <ele>1315.4</ele>
   </trkpt>
   <trkpt lat="-36.9262510" lon="-70.6715640">
    <ele>1315.6</ele>
   </trkpt>
   <trkpt lat="-36.9262310" lon="-70.6715530">
    <ele>1316.0</ele>
   </trkpt>
   <trkpt lat="-36.9262210" lon="-70.6715510">
    <ele>1316.2</ele>
   </trkpt>
   <trkpt lat="-36.9262090" lon="-70.6715500">
    <ele>1316.2</ele>
   </trkpt>
   <trkpt lat="-36.9261980" lon="-70.6715450">
    <ele>1316.4</ele>
   </trkpt>
   <trkpt lat="-36.9261900" lon="-70.6715410">
    <ele>1316.6</ele>
   </trkpt>
   <trkpt lat="-36.9261830" lon="-70.6715400">
    <ele>1316.6</ele>
   </trkpt>
   <trkpt lat="-36.9261730" lon="-70.6715330">
    <ele>1316.6</ele>
   </trkpt>
   <trkpt lat="-36.9261630" lon="-70.6715290">
    <ele>1316.8</ele>
   </trkpt>
   <trkpt lat="-36.9261540" lon="-70.6715320">
    <ele>1316.8</ele>
   </trkpt>
   <trkpt lat="-36.9261480" lon="-70.6715250">
    <ele>1317.0</ele>
   </trkpt>
   <trkpt lat="-36.9261070" lon="-70.6715100">
    <ele>1317.4</ele>
   </trkpt>
   <trkpt lat="-36.9260920" lon="-70.6715090">
    <ele>1317.4</ele>
   </trkpt>
   <trkpt lat="-36.9260780" lon="-70.6715030">
    <ele>1317.6</ele>
   </trkpt>
   <trkpt lat="-36.9260380" lon="-70.6714930">
    <ele>1318.0</ele>
   </trkpt>
   <trkpt lat="-36.9260290" lon="-70.6714930">
    <ele>1318.2</ele>
   </trkpt>
   <trkpt lat="-36.9260230" lon="-70.6714890">
    <ele>1318.4</ele>
   </trkpt>
   <trkpt lat="-36.9259450" lon="-70.6714740">
    <ele>1319.2</ele>
   </trkpt>
   <trkpt lat="-36.9259230" lon="-70.6714660">
    <ele>1319.4</ele>
   </trkpt>
   <trkpt lat="-36.9258440" lon="-70.6714330">
    <ele>1320.4</ele>
   </trkpt>
   <trkpt lat="-36.9258180" lon="-70.6714250">
    <ele>1320.8</ele>
   </trkpt>
   <trkpt lat="-36.9257920" lon="-70.6714170">
    <ele>1321.2</ele>
   </trkpt>
   <trkpt lat="-36.9257680" lon="-70.6714040">
    <ele>1321.6</ele>
   </trkpt>
   <trkpt lat="-36.9257420" lon="-70.6713920">
    <ele>1322.0</ele>
   </trkpt>
   <trkpt lat="-36.9257160" lon="-70.6713830">
    <ele>1322.4</ele>
   </trkpt>
   <trkpt lat="-36.9256910" lon="-70.6713660">
    <ele>1322.8</ele>
   </trkpt>
   <trkpt lat="-36.9256670" lon="-70.6713590">
    <ele>1323.2</ele>
   </trkpt>
   <trkpt lat="-36.9256460" lon="-70.6713470">
    <ele>1323.6</ele>
   </trkpt>
   <trkpt lat="-36.9256210" lon="-70.6713430">
    <ele>1324.2</ele>
   </trkpt>
   <trkpt lat="-36.9256010" lon="-70.6713380">
    <ele>1324.8</ele>
   </trkpt>
   <trkpt lat="-36.9255830" lon="-70.6713300">
    <ele>1325.2</ele>
   </trkpt>
   <trkpt lat="-36.9255710" lon="-70.6713220">
    <ele>1325.4</ele>
   </trkpt>
   <trkpt lat="-36.9255500" lon="-70.6713110">
    <ele>1325.8</ele>
   </trkpt>
   <trkpt lat="-36.9254910" lon="-70.6712780">
    <ele>1326.6</ele>
   </trkpt>
   <trkpt lat="-36.9254360" lon="-70.6712410">
    <ele>1327.8</ele>
   </trkpt>
   <trkpt lat="-36.9253970" lon="-70.6712340">
    <ele>1328.4</ele>
   </trkpt>
   <trkpt lat="-36.9253860" lon="-70.6712270">
    <ele>1328.8</ele>
   </trkpt>
   <trkpt lat="-36.9253720" lon="-70.6712260">
    <ele>1329.2</ele>
   </trkpt>
   <trkpt lat="-36.9253600" lon="-70.6712200">
    <ele>1329.6</ele>
   </trkpt>
   <trkpt lat="-36.9253220" lon="-70.6712030">
    <ele>1330.0</ele>
   </trkpt>
   <trkpt lat="-36.9253110" lon="-70.6711940">
    <ele>1330.0</ele>
   </trkpt>
   <trkpt lat="-36.9252960" lon="-70.6711930">
    <ele>1330.2</ele>
   </trkpt>
   <trkpt lat="-36.9252840" lon="-70.6711850">
    <ele>1330.4</ele>
   </trkpt>
   <trkpt lat="-36.9252280" lon="-70.6711540">
    <ele>1331.4</ele>
   </trkpt>
   <trkpt lat="-36.9252170" lon="-70.6711450">
    <ele>1331.8</ele>
   </trkpt>
   <trkpt lat="-36.9252030" lon="-70.6711420">
    <ele>1331.8</ele>
   </trkpt>
   <trkpt lat="-36.9251890" lon="-70.6711350">
    <ele>1332.0</ele>
   </trkpt>
   <trkpt lat="-36.9251770" lon="-70.6711300">
    <ele>1332.2</ele>
   </trkpt>
   <trkpt lat="-36.9251520" lon="-70.6711210">
    <ele>1332.6</ele>
   </trkpt>
   <trkpt lat="-36.9251410" lon="-70.6711120">
    <ele>1332.8</ele>
   </trkpt>
   <trkpt lat="-36.9250700" lon="-70.6710800">
    <ele>1333.8</ele>
   </trkpt>
   <trkpt lat="-36.9250550" lon="-70.6710720">
    <ele>1333.8</ele>
   </trkpt>
   <trkpt lat="-36.9250400" lon="-70.6710690">
    <ele>1334.0</ele>
   </trkpt>
   <trkpt lat="-36.9250250" lon="-70.6710700">
    <ele>1334.0</ele>
   </trkpt>
   <trkpt lat="-36.9250100" lon="-70.6710680">
    <ele>1334.2</ele>
   </trkpt>
   <trkpt lat="-36.9249830" lon="-70.6710590">
    <ele>1334.8</ele>
   </trkpt>
   <trkpt lat="-36.9249670" lon="-70.6710570">
    <ele>1335.0</ele>
   </trkpt>
   <trkpt lat="-36.9249540" lon="-70.6710500">
    <ele>1335.2</ele>
   </trkpt>
   <trkpt lat="-36.9249070" lon="-70.6710300">
    <ele>1335.6</ele>
   </trkpt>
   <trkpt lat="-36.9248840" lon="-70.6710310">
    <ele>1335.8</ele>
   </trkpt>
   <trkpt lat="-36.9248720" lon="-70.6710260">
    <ele>1336.0</ele>
   </trkpt>
   <trkpt lat="-36.9248280" lon="-70.6710090">
    <ele>1336.6</ele>
   </trkpt>
   <trkpt lat="-36.9248150" lon="-70.6710010">
    <ele>1336.8</ele>
   </trkpt>
   <trkpt lat="-36.9248080" lon="-70.6709940">
    <ele>1337.0</ele>
   </trkpt>
   <trkpt lat="-36.9248000" lon="-70.6709900">
    <ele>1337.0</ele>
   </trkpt>
   <trkpt lat="-36.9247900" lon="-70.6709870">
    <ele>1337.2</ele>
   </trkpt>
   <trkpt lat="-36.9247820" lon="-70.6709750">
    <ele>1337.2</ele>
   </trkpt>
   <trkpt lat="-36.9247680" lon="-70.6709650">
    <ele>1337.4</ele>
   </trkpt>
   <trkpt lat="-36.9247530" lon="-70.6709540">
    <ele>1337.6</ele>
   </trkpt>
   <trkpt lat="-36.9247380" lon="-70.6709460">
    <ele>1337.6</ele>
   </trkpt>
   <trkpt lat="-36.9246580" lon="-70.6709070">
    <ele>1339.0</ele>
   </trkpt>
   <trkpt lat="-36.9246460" lon="-70.6708970">
    <ele>1339.2</ele>
   </trkpt>
   <trkpt lat="-36.9246310" lon="-70.6708900">
    <ele>1339.4</ele>
   </trkpt>
   <trkpt lat="-36.9246180" lon="-70.6708860">
    <ele>1339.6</ele>
   </trkpt>
   <trkpt lat="-36.9246030" lon="-70.6708750">
    <ele>1339.6</ele>
   </trkpt>
   <trkpt lat="-36.9245750" lon="-70.6708560">
    <ele>1340.2</ele>
   </trkpt>
   <trkpt lat="-36.9245450" lon="-70.6708410">
    <ele>1340.8</ele>
   </trkpt>
   <trkpt lat="-36.9245300" lon="-70.6708310">
    <ele>1341.0</ele>
   </trkpt>
   <trkpt lat="-36.9245150" lon="-70.6708220">
    <ele>1341.2</ele>
   </trkpt>
   <trkpt lat="-36.9245000" lon="-70.6708060">
    <ele>1341.4</ele>
   </trkpt>
   <trkpt lat="-36.9244840" lon="-70.6707870">
    <ele>1341.6</ele>
   </trkpt>
   <trkpt lat="-36.9244660" lon="-70.6707760">
    <ele>1342.0</ele>
   </trkpt>
   <trkpt lat="-36.9244450" lon="-70.6707670">
    <ele>1342.4</ele>
   </trkpt>
   <trkpt lat="-36.9244280" lon="-70.6707560">
    <ele>1342.6</ele>
   </trkpt>
   <trkpt lat="-36.9244080" lon="-70.6707410">
    <ele>1342.8</ele>
   </trkpt>
   <trkpt lat="-36.9243880" lon="-70.6707360">
    <ele>1342.8</ele>
   </trkpt>
   <trkpt lat="-36.9243730" lon="-70.6707290">
    <ele>1343.0</ele>
   </trkpt>
   <trkpt lat="-36.9243580" lon="-70.6707190">
    <ele>1343.2</ele>
   </trkpt>
   <trkpt lat="-36.9243390" lon="-70.6707080">
    <ele>1343.4</ele>
   </trkpt>
   <trkpt lat="-36.9243060" lon="-70.6706800">
    <ele>1343.6</ele>
   </trkpt>
   <trkpt lat="-36.9242790" lon="-70.6706560">
    <ele>1344.2</ele>
   </trkpt>
   <trkpt lat="-36.9242540" lon="-70.6706340">
    <ele>1344.4</ele>
   </trkpt>
   <trkpt lat="-36.9242390" lon="-70.6706240">
    <ele>1344.6</ele>
   </trkpt>
   <trkpt lat="-36.9241580" lon="-70.6705520">
    <ele>1345.4</ele>
   </trkpt>
   <trkpt lat="-36.9241420" lon="-70.6705310">
    <ele>1345.6</ele>
   </trkpt>
   <trkpt lat="-36.9241260" lon="-70.6705170">
    <ele>1345.8</ele>
   </trkpt>
   <trkpt lat="-36.9241080" lon="-70.6705080">
    <ele>1346.0</ele>
   </trkpt>
   <trkpt lat="-36.9240720" lon="-70.6704890">
    <ele>1346.4</ele>
   </trkpt>
   <trkpt lat="-36.9240430" lon="-70.6704710">
    <ele>1346.6</ele>
   </trkpt>
   <trkpt lat="-36.9240250" lon="-70.6704670">
    <ele>1346.8</ele>
   </trkpt>
   <trkpt lat="-36.9240090" lon="-70.6704610">
    <ele>1347.0</ele>
   </trkpt>
   <trkpt lat="-36.9239900" lon="-70.6704510">
    <ele>1347.0</ele>
   </trkpt>
   <trkpt lat="-36.9239680" lon="-70.6704510">
    <ele>1347.0</ele>
   </trkpt>
   <trkpt lat="-36.9239470" lon="-70.6704490">
    <ele>1347.0</ele>
   </trkpt>
   <trkpt lat="-36.9238780" lon="-70.6704530">
    <ele>1347.2</ele>
   </trkpt>
   <trkpt lat="-36.9238540" lon="-70.6704640">
    <ele>1347.2</ele>
   </trkpt>
   <trkpt lat="-36.9238280" lon="-70.6704810">
    <ele>1347.2</ele>
   </trkpt>
   <trkpt lat="-36.9235260" lon="-70.6707490">
    <ele>1345.8</ele>
   </trkpt>
   <trkpt lat="-36.9233890" lon="-70.6708230">
    <ele>1346.6</ele>
   </trkpt>
   <trkpt lat="-36.9233560" lon="-70.6708220">
    <ele>1346.8</ele>
   </trkpt>
   <trkpt lat="-36.9233250" lon="-70.6708270">
    <ele>1347.0</ele>
   </trkpt>
   <trkpt lat="-36.9231900" lon="-70.6708340">
    <ele>1348.2</ele>
   </trkpt>
   <trkpt lat="-36.9230830" lon="-70.6708320">
    <ele>1348.8</ele>
   </trkpt>
   <trkpt lat="-36.9230530" lon="-70.6708240">
    <ele>1348.8</ele>
   </trkpt>
   <trkpt lat="-36.9230270" lon="-70.6708220">
    <ele>1349.0</ele>
   </trkpt>
   <trkpt lat="-36.9229670" lon="-70.6708220">
    <ele>1349.2</ele>
   </trkpt>
   <trkpt lat="-36.9228310" lon="-70.6708310">
    <ele>1349.6</ele>
   </trkpt>
   <trkpt lat="-36.9224700" lon="-70.6708660">
    <ele>1350.8</ele>
   </trkpt>
   <trkpt lat="-36.9220780" lon="-70.6708880">
    <ele>1351.4</ele>
   </trkpt>
   <trkpt lat="-36.9220410" lon="-70.6708940">
    <ele>1351.4</ele>
   </trkpt>
   <trkpt lat="-36.9219020" lon="-70.6709100">
    <ele>1352.2</ele>
   </trkpt>
   <trkpt lat="-36.9216510" lon="-70.6709060">
    <ele>1352.6</ele>
   </trkpt>
   <trkpt lat="-36.9216220" lon="-70.6709030">
    <ele>1352.8</ele>
   </trkpt>
   <trkpt lat="-36.9213560" lon="-70.6708920">
    <ele>1354.6</ele>
   </trkpt>
   <trkpt lat="-36.9213290" lon="-70.6708930">
    <ele>1354.8</ele>
   </trkpt>
   <trkpt lat="-36.9213060" lon="-70.6708850">
    <ele>1355.0</ele>
   </trkpt>
   <trkpt lat="-36.9212860" lon="-70.6708770">
    <ele>1355.0</ele>
   </trkpt>
   <trkpt lat="-36.9212580" lon="-70.6708750">
    <ele>1355.0</ele>
   </trkpt>
   <trkpt lat="-36.9210640" lon="-70.6708300">
    <ele>1355.4</ele>
   </trkpt>
   <trkpt lat="-36.9210240" lon="-70.6708220">
    <ele>1355.2</ele>
   </trkpt>
   <trkpt lat="-36.9206300" lon="-70.6706900">
    <ele>1354.0</ele>
   </trkpt>
   <trkpt lat="-36.9205790" lon="-70.6706830">
    <ele>1353.6</ele>
   </trkpt>
   <trkpt lat="-36.9202050" lon="-70.6705920">
    <ele>1352.8</ele>
   </trkpt>
   <trkpt lat="-36.9198340" lon="-70.6704880">
    <ele>1352.6</ele>
   </trkpt>
   <trkpt lat="-36.9194620" lon="-70.6703780">
    <ele>1352.6</ele>
   </trkpt>
   <trkpt lat="-36.9190930" lon="-70.6702910">
    <ele>1352.6</ele>
   </trkpt>
   <trkpt lat="-36.9190000" lon="-70.6702650">
    <ele>1352.4</ele>
   </trkpt>
   <trkpt lat="-36.9185970" lon="-70.6702340">
    <ele>1351.8</ele>
   </trkpt>
   <trkpt lat="-36.9185420" lon="-70.6702460">
    <ele>1351.6</ele>
   </trkpt>
   <trkpt lat="-36.9184350" lon="-70.6702830">
    <ele>1351.0</ele>
   </trkpt>
   <trkpt lat="-36.9183340" lon="-70.6703170">
    <ele>1350.4</ele>
   </trkpt>
   <trkpt lat="-36.9182870" lon="-70.6703440">
    <ele>1350.4</ele>
   </trkpt>
   <trkpt lat="-36.9179130" lon="-70.6705880">
    <ele>1347.6</ele>
   </trkpt>
   <trkpt lat="-36.9175420" lon="-70.6708270">
    <ele>1345.8</ele>
   </trkpt>
   <trkpt lat="-36.9171800" lon="-70.6710760">
    <ele>1344.8</ele>
   </trkpt>
   <trkpt lat="-36.9171080" lon="-70.6711110">
    <ele>1344.4</ele>
   </trkpt>
   <trkpt lat="-36.9170420" lon="-70.6711600">
    <ele>1343.8</ele>
   </trkpt>
   <trkpt lat="-36.9167180" lon="-70.6713650">
    <ele>1342.4</ele>
   </trkpt>
   <trkpt lat="-36.9163660" lon="-70.6716290">
    <ele>1341.4</ele>
   </trkpt>
   <trkpt lat="-36.9160540" lon="-70.6718610">
    <ele>1340.0</ele>
   </trkpt>
   <trkpt lat="-36.9158660" lon="-70.6719850">
    <ele>1339.2</ele>
   </trkpt>
   <trkpt lat="-36.9158110" lon="-70.6720270">
    <ele>1339.0</ele>
   </trkpt>
   <trkpt lat="-36.9155530" lon="-70.6722010">
    <ele>1338.2</ele>
   </trkpt>
   <trkpt lat="-36.9153610" lon="-70.6723240">
    <ele>1337.6</ele>
   </trkpt>
   <trkpt lat="-36.9152950" lon="-70.6723440">
    <ele>1337.2</ele>
   </trkpt>
   <trkpt lat="-36.9149040" lon="-70.6724840">
    <ele>1335.8</ele>
   </trkpt>
   <trkpt lat="-36.9145560" lon="-70.6726260">
    <ele>1334.2</ele>
   </trkpt>
   <trkpt lat="-36.9141520" lon="-70.6727700">
    <ele>1331.4</ele>
   </trkpt>
   <trkpt lat="-36.9137400" lon="-70.6729700">
    <ele>1328.0</ele>
   </trkpt>
   <trkpt lat="-36.9134000" lon="-70.6732100">
    <ele>1321.6</ele>
   </trkpt>
   <trkpt lat="-36.9130560" lon="-70.6735510">
    <ele>1320.8</ele>
   </trkpt>
   <trkpt lat="-36.9127000" lon="-70.6738900">
    <ele>1316.6</ele>
   </trkpt>
   <trkpt lat="-36.9123430" lon="-70.6742450">
    <ele>1311.2</ele>
   </trkpt>
   <trkpt lat="-36.9120360" lon="-70.6746570">
    <ele>1305.2</ele>
   </trkpt>
   <trkpt lat="-36.9118930" lon="-70.6751770">
    <ele>1302.0</ele>
   </trkpt>
   <trkpt lat="-36.9119060" lon="-70.6756420">
    <ele>1297.2</ele>
   </trkpt>
   <trkpt lat="-36.9120260" lon="-70.6761450">
    <ele>1292.8</ele>
   </trkpt>
   <trkpt lat="-36.9121510" lon="-70.6766800">
    <ele>1288.2</ele>
   </trkpt>
   <trkpt lat="-36.9122320" lon="-70.6771900">
    <ele>1283.8</ele>
   </trkpt>
   <trkpt lat="-36.9122730" lon="-70.6776810">
    <ele>1278.2</ele>
   </trkpt>
   <trkpt lat="-36.9123000" lon="-70.6781590">
    <ele>1272.2</ele>
   </trkpt>
   <trkpt lat="-36.9122630" lon="-70.6787000">
    <ele>1267.2</ele>
   </trkpt>
   <trkpt lat="-36.9122280" lon="-70.6788300">
    <ele>1265.4</ele>
   </trkpt>
   <trkpt lat="-36.9120010" lon="-70.6792430">
    <ele>1259.6</ele>
   </trkpt>
   <trkpt lat="-36.9119300" lon="-70.6793180">
    <ele>1258.0</ele>
   </trkpt>
   <trkpt lat="-36.9115510" lon="-70.6796050">
    <ele>1253.2</ele>
   </trkpt>
   <trkpt lat="-36.9112210" lon="-70.6797270">
    <ele>1250.6</ele>
   </trkpt>
   <trkpt lat="-36.9111170" lon="-70.6797230">
    <ele>1249.8</ele>
   </trkpt>
   <trkpt lat="-36.9107130" lon="-70.6796150">
    <ele>1245.8</ele>
   </trkpt>
   <trkpt lat="-36.9103280" lon="-70.6794430">
    <ele>1242.6</ele>
   </trkpt>
   <trkpt lat="-36.9100930" lon="-70.6792720">
    <ele>1240.2</ele>
   </trkpt>
   <trkpt lat="-36.9100110" lon="-70.6792520">
    <ele>1240.2</ele>
   </trkpt>
   <trkpt lat="-36.9098550" lon="-70.6792240">
    <ele>1240.6</ele>
   </trkpt>
   <trkpt lat="-36.9097810" lon="-70.6792360">
    <ele>1240.6</ele>
   </trkpt>
   <trkpt lat="-36.9097110" lon="-70.6792640">
    <ele>1240.6</ele>
   </trkpt>
   <trkpt lat="-36.9096530" lon="-70.6793130">
    <ele>1240.0</ele>
   </trkpt>
   <trkpt lat="-36.9096140" lon="-70.6793770">
    <ele>1239.2</ele>
   </trkpt>
   <trkpt lat="-36.9095600" lon="-70.6795040">
    <ele>1239.0</ele>
   </trkpt>
   <trkpt lat="-36.9095560" lon="-70.6795690">
    <ele>1239.0</ele>
   </trkpt>
   <trkpt lat="-36.9095640" lon="-70.6796340">
    <ele>1239.0</ele>
   </trkpt>
   <trkpt lat="-36.9095830" lon="-70.6796890">
    <ele>1239.4</ele>
   </trkpt>
   <trkpt lat="-36.9096130" lon="-70.6797410">
    <ele>1239.6</ele>
   </trkpt>
   <trkpt lat="-36.9098580" lon="-70.6801190">
    <ele>1240.6</ele>
   </trkpt>
   <trkpt lat="-36.9099950" lon="-70.6802790">
    <ele>1240.6</ele>
   </trkpt>
   <trkpt lat="-36.9100120" lon="-70.6803090">
    <ele>1241.2</ele>
   </trkpt>
   <trkpt lat="-36.9100910" lon="-70.6804200">
    <ele>1242.2</ele>
   </trkpt>
   <trkpt lat="-36.9102730" lon="-70.6806370">
    <ele>1243.2</ele>
   </trkpt>
   <trkpt lat="-36.9102990" lon="-70.6806580">
    <ele>1243.4</ele>
   </trkpt>
   <trkpt lat="-36.9103240" lon="-70.6806830">
    <ele>1243.6</ele>
   </trkpt>
   <trkpt lat="-36.9103700" lon="-70.6807180">
    <ele>1243.8</ele>
   </trkpt>
   <trkpt lat="-36.9103880" lon="-70.6807390">
    <ele>1243.8</ele>
   </trkpt>
   <trkpt lat="-36.9104070" lon="-70.6807540">
    <ele>1244.0</ele>
   </trkpt>
   <trkpt lat="-36.9104250" lon="-70.6807680">
    <ele>1243.8</ele>
   </trkpt>
   <trkpt lat="-36.9104390" lon="-70.6807840">
    <ele>1244.0</ele>
   </trkpt>
   <trkpt lat="-36.9104660" lon="-70.6808120">
    <ele>1244.4</ele>
   </trkpt>
   <trkpt lat="-36.9104770" lon="-70.6808290">
    <ele>1244.6</ele>
   </trkpt>
   <trkpt lat="-36.9104920" lon="-70.6808460">
    <ele>1244.8</ele>
   </trkpt>
   <trkpt lat="-36.9105050" lon="-70.6808560">
    <ele>1244.8</ele>
   </trkpt>
   <trkpt lat="-36.9105420" lon="-70.6808810">
    <ele>1245.4</ele>
   </trkpt>
   <trkpt lat="-36.9105570" lon="-70.6808980">
    <ele>1245.8</ele>
   </trkpt>
   <trkpt lat="-36.9106240" lon="-70.6809700">
    <ele>1247.0</ele>
   </trkpt>
   <trkpt lat="-36.9106390" lon="-70.6809820">
    <ele>1247.2</ele>
   </trkpt>
   <trkpt lat="-36.9106840" lon="-70.6810230">
    <ele>1247.8</ele>
   </trkpt>
   <trkpt lat="-36.9107480" lon="-70.6810920">
    <ele>1249.2</ele>
   </trkpt>
   <trkpt lat="-36.9107600" lon="-70.6811050">
    <ele>1249.6</ele>
   </trkpt>
   <trkpt lat="-36.9107760" lon="-70.6811170">
    <ele>1249.8</ele>
   </trkpt>
   <trkpt lat="-36.9108090" lon="-70.6811390">
    <ele>1250.4</ele>
   </trkpt>
   <trkpt lat="-36.9108250" lon="-70.6811560">
    <ele>1250.8</ele>
   </trkpt>
   <trkpt lat="-36.9108360" lon="-70.6811710">
    <ele>1251.0</ele>
   </trkpt>
   <trkpt lat="-36.9108500" lon="-70.6811870">
    <ele>1251.2</ele>
   </trkpt>
   <trkpt lat="-36.9108660" lon="-70.6811990">
    <ele>1251.4</ele>
   </trkpt>
   <trkpt lat="-36.9108790" lon="-70.6812170">
    <ele>1251.8</ele>
   </trkpt>
   <trkpt lat="-36.9108970" lon="-70.6812310">
    <ele>1252.0</ele>
   </trkpt>
   <trkpt lat="-36.9109430" lon="-70.6812740">
    <ele>1252.6</ele>
   </trkpt>
   <trkpt lat="-36.9110340" lon="-70.6813470">
    <ele>1253.0</ele>
   </trkpt>
   <trkpt lat="-36.9110480" lon="-70.6813670">
    <ele>1253.0</ele>
   </trkpt>
   <trkpt lat="-36.9110640" lon="-70.6813800">
    <ele>1253.2</ele>
   </trkpt>
   <trkpt lat="-36.9110790" lon="-70.6813970">
    <ele>1253.6</ele>
   </trkpt>
   <trkpt lat="-36.9111050" lon="-70.6814300">
    <ele>1254.6</ele>
   </trkpt>
   <trkpt lat="-36.9111200" lon="-70.6814420">
    <ele>1254.6</ele>
   </trkpt>
   <trkpt lat="-36.9111490" lon="-70.6814750">
    <ele>1254.6</ele>
   </trkpt>
   <trkpt lat="-36.9112380" lon="-70.6815720">
    <ele>1255.0</ele>
   </trkpt>
   <trkpt lat="-36.9112490" lon="-70.6815990">
    <ele>1255.4</ele>
   </trkpt>
   <trkpt lat="-36.9112720" lon="-70.6816610">
    <ele>1255.8</ele>
   </trkpt>
   <trkpt lat="-36.9112790" lon="-70.6816940">
    <ele>1256.4</ele>
   </trkpt>
   <trkpt lat="-36.9112850" lon="-70.6817290">
    <ele>1256.8</ele>
   </trkpt>
   <trkpt lat="-36.9112850" lon="-70.6817920">
    <ele>1256.8</ele>
   </trkpt>
   <trkpt lat="-36.9112770" lon="-70.6818270">
    <ele>1256.8</ele>
   </trkpt>
   <trkpt lat="-36.9112670" lon="-70.6818570">
    <ele>1256.8</ele>
   </trkpt>
   <trkpt lat="-36.9112540" lon="-70.6818850">
    <ele>1256.8</ele>
   </trkpt>
   <trkpt lat="-36.9112390" lon="-70.6819070">
    <ele>1257.0</ele>
   </trkpt>
   <trkpt lat="-36.9112260" lon="-70.6819300">
    <ele>1257.2</ele>
   </trkpt>
   <trkpt lat="-36.9112090" lon="-70.6819530">
    <ele>1257.0</ele>
   </trkpt>
   <trkpt lat="-36.9111950" lon="-70.6819800">
    <ele>1257.2</ele>
   </trkpt>
   <trkpt lat="-36.9111450" lon="-70.6820460">
    <ele>1257.4</ele>
   </trkpt>
   <trkpt lat="-36.9111250" lon="-70.6820590">
    <ele>1257.8</ele>
   </trkpt>
   <trkpt lat="-36.9110850" lon="-70.6820890">
    <ele>1258.0</ele>
   </trkpt>
   <trkpt lat="-36.9110600" lon="-70.6821020">
    <ele>1258.2</ele>
   </trkpt>
   <trkpt lat="-36.9110380" lon="-70.6821170">
    <ele>1258.2</ele>
   </trkpt>
   <trkpt lat="-36.9110160" lon="-70.6821240">
    <ele>1258.2</ele>
   </trkpt>
   <trkpt lat="-36.9109960" lon="-70.6821280">
    <ele>1258.4</ele>
   </trkpt>
   <trkpt lat="-36.9109510" lon="-70.6821350">
    <ele>1258.6</ele>
   </trkpt>
   <trkpt lat="-36.9108730" lon="-70.6821330">
    <ele>1259.0</ele>
   </trkpt>
   <trkpt lat="-36.9108430" lon="-70.6821240">
    <ele>1259.2</ele>
   </trkpt>
   <trkpt lat="-36.9108130" lon="-70.6821240">
    <ele>1259.4</ele>
   </trkpt>
   <trkpt lat="-36.9107850" lon="-70.6821240">
    <ele>1259.6</ele>
   </trkpt>
   <trkpt lat="-36.9106070" lon="-70.6821090">
    <ele>1260.8</ele>
   </trkpt>
   <trkpt lat="-36.9103690" lon="-70.6820700">
    <ele>1261.2</ele>
   </trkpt>
   <trkpt lat="-36.9103090" lon="-70.6820500">
    <ele>1261.4</ele>
   </trkpt>
   <trkpt lat="-36.9102780" lon="-70.6820350">
    <ele>1261.4</ele>
   </trkpt>
   <trkpt lat="-36.9102410" lon="-70.6820260">
    <ele>1261.4</ele>
   </trkpt>
   <trkpt lat="-36.9101190" lon="-70.6820120">
    <ele>1261.4</ele>
   </trkpt>
   <trkpt lat="-36.9100790" lon="-70.6820000">
    <ele>1261.4</ele>
   </trkpt>
   <trkpt lat="-36.9097060" lon="-70.6819370">
    <ele>1261.4</ele>
   </trkpt>
   <trkpt lat="-36.9093470" lon="-70.6819000">
    <ele>1261.6</ele>
   </trkpt>
   <trkpt lat="-36.9089470" lon="-70.6818720">
    <ele>1261.8</ele>
   </trkpt>
   <trkpt lat="-36.9085760" lon="-70.6819520">
    <ele>1261.8</ele>
   </trkpt>
   <trkpt lat="-36.9084760" lon="-70.6819770">
    <ele>1261.8</ele>
   </trkpt>
   <trkpt lat="-36.9084290" lon="-70.6820080">
    <ele>1261.4</ele>
   </trkpt>
   <trkpt lat="-36.9080770" lon="-70.6822040">
    <ele>1259.4</ele>
   </trkpt>
   <trkpt lat="-36.9080030" lon="-70.6822360">
    <ele>1259.2</ele>
   </trkpt>
   <trkpt lat="-36.9076600" lon="-70.6824010">
    <ele>1257.8</ele>
   </trkpt>
   <trkpt lat="-36.9073060" lon="-70.6826760">
    <ele>1256.8</ele>
   </trkpt>
   <trkpt lat="-36.9070240" lon="-70.6829850">
    <ele>1256.8</ele>
   </trkpt>
   <trkpt lat="-36.9069540" lon="-70.6830910">
    <ele>1256.6</ele>
   </trkpt>
   <trkpt lat="-36.9069190" lon="-70.6831310">
    <ele>1256.6</ele>
   </trkpt>
   <trkpt lat="-36.9067900" lon="-70.6833030">
    <ele>1256.2</ele>
   </trkpt>
   <trkpt lat="-36.9067160" lon="-70.6834360">
    <ele>1256.4</ele>
   </trkpt>
   <trkpt lat="-36.9064860" lon="-70.6838650">
    <ele>1258.0</ele>
   </trkpt>
   <trkpt lat="-36.9064520" lon="-70.6839080">
    <ele>1258.0</ele>
   </trkpt>
   <trkpt lat="-36.9063320" lon="-70.6840060">
    <ele>1257.6</ele>
   </trkpt>
   <trkpt lat="-36.9062450" lon="-70.6840520">
    <ele>1257.4</ele>
   </trkpt>
   <trkpt lat="-36.9061970" lon="-70.6840610">
    <ele>1257.4</ele>
   </trkpt>
   <trkpt lat="-36.9058050" lon="-70.6839980">
    <ele>1256.8</ele>
   </trkpt>
   <trkpt lat="-36.9054740" lon="-70.6838050">
    <ele>1256.2</ele>
   </trkpt>
   <trkpt lat="-36.9050930" lon="-70.6836010">
    <ele>1255.2</ele>
   </trkpt>
   <trkpt lat="-36.9047350" lon="-70.6834070">
    <ele>1254.4</ele>
   </trkpt>
   <trkpt lat="-36.9043480" lon="-70.6831960">
    <ele>1253.0</ele>
   </trkpt>
   <trkpt lat="-36.9039670" lon="-70.6829910">
    <ele>1251.8</ele>
   </trkpt>
   <trkpt lat="-36.9035680" lon="-70.6827910">
    <ele>1250.4</ele>
   </trkpt>
   <trkpt lat="-36.9032030" lon="-70.6825900">
    <ele>1249.0</ele>
   </trkpt>
   <trkpt lat="-36.9028470" lon="-70.6824080">
    <ele>1249.0</ele>
   </trkpt>
   <trkpt lat="-36.9026440" lon="-70.6823120">
    <ele>1249.6</ele>
   </trkpt>
   <trkpt lat="-36.9022800" lon="-70.6821070">
    <ele>1249.6</ele>
   </trkpt>
   <trkpt lat="-36.9020820" lon="-70.6820100">
    <ele>1249.4</ele>
   </trkpt>
   <trkpt lat="-36.9019010" lon="-70.6819770">
    <ele>1249.4</ele>
   </trkpt>
   <trkpt lat="-36.9018500" lon="-70.6819960">
    <ele>1248.8</ele>
   </trkpt>
   <trkpt lat="-36.9016290" lon="-70.6821050">
    <ele>1250.2</ele>
   </trkpt>
   <trkpt lat="-36.9012770" lon="-70.6822740">
    <ele>1250.6</ele>
   </trkpt>
   <trkpt lat="-36.9009260" lon="-70.6824300">
    <ele>1250.2</ele>
   </trkpt>
   <trkpt lat="-36.9005880" lon="-70.6825920">
    <ele>1249.6</ele>
   </trkpt>
   <trkpt lat="-36.9002190" lon="-70.6827590">
    <ele>1248.6</ele>
   </trkpt>
   <trkpt lat="-36.8998430" lon="-70.6829350">
    <ele>1248.6</ele>
   </trkpt>
   <trkpt lat="-36.8994610" lon="-70.6831080">
    <ele>1248.8</ele>
   </trkpt>
   <trkpt lat="-36.8991130" lon="-70.6832620">
    <ele>1248.0</ele>
   </trkpt>
   <trkpt lat="-36.8987310" lon="-70.6833880">
    <ele>1247.2</ele>
   </trkpt>
   <trkpt lat="-36.8983340" lon="-70.6833820">
    <ele>1246.2</ele>
   </trkpt>
   <trkpt lat="-36.8979340" lon="-70.6833290">
    <ele>1244.2</ele>
   </trkpt>
   <trkpt lat="-36.8975090" lon="-70.6832520">
    <ele>1241.8</ele>
   </trkpt>
   <trkpt lat="-36.8971130" lon="-70.6831870">
    <ele>1241.0</ele>
   </trkpt>
   <trkpt lat="-36.8967190" lon="-70.6831320">
    <ele>1240.8</ele>
   </trkpt>
   <trkpt lat="-36.8966390" lon="-70.6831470">
    <ele>1240.2</ele>
   </trkpt>
   <trkpt lat="-36.8965630" lon="-70.6831910">
    <ele>1240.2</ele>
   </trkpt>
   <trkpt lat="-36.8964980" lon="-70.6832440">
    <ele>1239.6</ele>
   </trkpt>
   <trkpt lat="-36.8964360" lon="-70.6833180">
    <ele>1239.2</ele>
   </trkpt>
   <trkpt lat="-36.8962340" lon="-70.6837110">
    <ele>1236.8</ele>
   </trkpt>
   <trkpt lat="-36.8962030" lon="-70.6838210">
    <ele>1236.4</ele>
   </trkpt>
   <trkpt lat="-36.8961900" lon="-70.6839370">
    <ele>1235.4</ele>
   </trkpt>
   <trkpt lat="-36.8961950" lon="-70.6840560">
    <ele>1234.4</ele>
   </trkpt>
   <trkpt lat="-36.8962600" lon="-70.6845610">
    <ele>1230.0</ele>
   </trkpt>
   <trkpt lat="-36.8962560" lon="-70.6847890">
    <ele>1227.0</ele>
   </trkpt>
   <trkpt lat="-36.8962330" lon="-70.6849000">
    <ele>1225.4</ele>
   </trkpt>
   <trkpt lat="-36.8961920" lon="-70.6850040">
    <ele>1224.4</ele>
   </trkpt>
   <trkpt lat="-36.8961320" lon="-70.6850930">
    <ele>1223.6</ele>
   </trkpt>
   <trkpt lat="-36.8960490" lon="-70.6851730">
    <ele>1222.2</ele>
   </trkpt>
   <trkpt lat="-36.8959460" lon="-70.6852310">
    <ele>1220.4</ele>
   </trkpt>
   <trkpt lat="-36.8958330" lon="-70.6852620">
    <ele>1218.0</ele>
   </trkpt>
   <trkpt lat="-36.8953850" lon="-70.6853420">
    <ele>1214.2</ele>
   </trkpt>
   <trkpt lat="-36.8950040" lon="-70.6854650">
    <ele>1211.4</ele>
   </trkpt>
   <trkpt lat="-36.8947000" lon="-70.6856490">
    <ele>1210.6</ele>
   </trkpt>
   <trkpt lat="-36.8946520" lon="-70.6857010">
    <ele>1210.6</ele>
   </trkpt>
   <trkpt lat="-36.8945670" lon="-70.6857710">
    <ele>1210.2</ele>
   </trkpt>
   <trkpt lat="-36.8944880" lon="-70.6858310">
    <ele>1210.4</ele>
   </trkpt>
   <trkpt lat="-36.8944520" lon="-70.6858700">
    <ele>1210.4</ele>
   </trkpt>
   <trkpt lat="-36.8942660" lon="-70.6860760">
    <ele>1210.4</ele>
   </trkpt>
   <trkpt lat="-36.8940520" lon="-70.6863860">
    <ele>1212.4</ele>
   </trkpt>
   <trkpt lat="-36.8940360" lon="-70.6864150">
    <ele>1212.6</ele>
   </trkpt>
   <trkpt lat="-36.8939120" lon="-70.6866220">
    <ele>1215.4</ele>
   </trkpt>
   <trkpt lat="-36.8938900" lon="-70.6866390">
    <ele>1215.4</ele>
   </trkpt>
   <trkpt lat="-36.8938710" lon="-70.6866540">
    <ele>1215.8</ele>
   </trkpt>
   <trkpt lat="-36.8938530" lon="-70.6866760">
    <ele>1216.0</ele>
   </trkpt>
   <trkpt lat="-36.8938290" lon="-70.6866970">
    <ele>1216.4</ele>
   </trkpt>
   <trkpt lat="-36.8938030" lon="-70.6867150">
    <ele>1216.8</ele>
   </trkpt>
   <trkpt lat="-36.8937800" lon="-70.6867260">
    <ele>1217.2</ele>
   </trkpt>
   <trkpt lat="-36.8937580" lon="-70.6867390">
    <ele>1217.6</ele>
   </trkpt>
   <trkpt lat="-36.8937350" lon="-70.6867450">
    <ele>1217.8</ele>
   </trkpt>
   <trkpt lat="-36.8937100" lon="-70.6867540">
    <ele>1218.0</ele>
   </trkpt>
   <trkpt lat="-36.8936860" lon="-70.6867580">
    <ele>1218.2</ele>
   </trkpt>
   <trkpt lat="-36.8936670" lon="-70.6867570">
    <ele>1218.2</ele>
   </trkpt>
   <trkpt lat="-36.8936020" lon="-70.6867460">
    <ele>1219.4</ele>
   </trkpt>
   <trkpt lat="-36.8935850" lon="-70.6867330">
    <ele>1219.8</ele>
   </trkpt>
   <trkpt lat="-36.8935640" lon="-70.6867240">
    <ele>1220.2</ele>
   </trkpt>
   <trkpt lat="-36.8935470" lon="-70.6867170">
    <ele>1220.4</ele>
   </trkpt>
   <trkpt lat="-36.8935240" lon="-70.6867150">
    <ele>1220.6</ele>
   </trkpt>
   <trkpt lat="-36.8934760" lon="-70.6867050">
    <ele>1220.8</ele>
   </trkpt>
   <trkpt lat="-36.8934570" lon="-70.6866870">
    <ele>1221.0</ele>
   </trkpt>
   <trkpt lat="-36.8934270" lon="-70.6866520">
    <ele>1221.6</ele>
   </trkpt>
   <trkpt lat="-36.8933950" lon="-70.6866240">
    <ele>1222.4</ele>
   </trkpt>
   <trkpt lat="-36.8933760" lon="-70.6866170">
    <ele>1222.8</ele>
   </trkpt>
   <trkpt lat="-36.8933410" lon="-70.6866050">
    <ele>1223.0</ele>
   </trkpt>
   <trkpt lat="-36.8933230" lon="-70.6865980">
    <ele>1223.4</ele>
   </trkpt>
   <trkpt lat="-36.8932150" lon="-70.6865620">
    <ele>1224.4</ele>
   </trkpt>
   <trkpt lat="-36.8931990" lon="-70.6865520">
    <ele>1224.6</ele>
   </trkpt>
   <trkpt lat="-36.8931810" lon="-70.6865480">
    <ele>1224.6</ele>
   </trkpt>
   <trkpt lat="-36.8931660" lon="-70.6865390">
    <ele>1224.8</ele>
   </trkpt>
   <trkpt lat="-36.8931490" lon="-70.6865350">
    <ele>1225.2</ele>
   </trkpt>
   <trkpt lat="-36.8931160" lon="-70.6865310">
    <ele>1225.6</ele>
   </trkpt>
   <trkpt lat="-36.8931000" lon="-70.6865300">
    <ele>1225.8</ele>
   </trkpt>
   <trkpt lat="-36.8930850" lon="-70.6865250">
    <ele>1225.8</ele>
   </trkpt>
   <trkpt lat="-36.8930670" lon="-70.6865250">
    <ele>1226.2</ele>
   </trkpt>
   <trkpt lat="-36.8930540" lon="-70.6865200">
    <ele>1226.4</ele>
   </trkpt>
   <trkpt lat="-36.8930280" lon="-70.6865110">
    <ele>1226.8</ele>
   </trkpt>
   <trkpt lat="-36.8930160" lon="-70.6865080">
    <ele>1226.8</ele>
   </trkpt>
   <trkpt lat="-36.8930010" lon="-70.6865130">
    <ele>1227.0</ele>
   </trkpt>
   <trkpt lat="-36.8929880" lon="-70.6865130">
    <ele>1227.2</ele>
   </trkpt>
   <trkpt lat="-36.8929720" lon="-70.6865170">
    <ele>1227.4</ele>
   </trkpt>
   <trkpt lat="-36.8929580" lon="-70.6865170">
    <ele>1227.6</ele>
   </trkpt>
   <trkpt lat="-36.8929440" lon="-70.6865230">
    <ele>1227.8</ele>
   </trkpt>
   <trkpt lat="-36.8929290" lon="-70.6865220">
    <ele>1228.0</ele>
   </trkpt>
   <trkpt lat="-36.8929130" lon="-70.6865300">
    <ele>1228.2</ele>
   </trkpt>
   <trkpt lat="-36.8928270" lon="-70.6865530">
    <ele>1229.2</ele>
   </trkpt>
   <trkpt lat="-36.8927190" lon="-70.6865760">
    <ele>1230.8</ele>
   </trkpt>
   <trkpt lat="-36.8926890" lon="-70.6865750">
    <ele>1231.2</ele>
   </trkpt>
   <trkpt lat="-36.8926430" lon="-70.6865730">
    <ele>1231.6</ele>
   </trkpt>
   <trkpt lat="-36.8926280" lon="-70.6865680">
    <ele>1231.6</ele>
   </trkpt>
   <trkpt lat="-36.8926130" lon="-70.6865620">
    <ele>1231.6</ele>
   </trkpt>
   <trkpt lat="-36.8925980" lon="-70.6865590">
    <ele>1231.8</ele>
   </trkpt>
   <trkpt lat="-36.8925210" lon="-70.6865430">
    <ele>1232.0</ele>
   </trkpt>
   <trkpt lat="-36.8924950" lon="-70.6865340">
    <ele>1232.4</ele>
   </trkpt>
   <trkpt lat="-36.8924610" lon="-70.6865070">
    <ele>1232.6</ele>
   </trkpt>
   <trkpt lat="-36.8924420" lon="-70.6865030">
    <ele>1232.8</ele>
   </trkpt>
   <trkpt lat="-36.8924230" lon="-70.6864980">
    <ele>1233.2</ele>
   </trkpt>
   <trkpt lat="-36.8924060" lon="-70.6864880">
    <ele>1233.4</ele>
   </trkpt>
   <trkpt lat="-36.8923850" lon="-70.6864810">
    <ele>1233.6</ele>
   </trkpt>
   <trkpt lat="-36.8923660" lon="-70.6864780">
    <ele>1233.8</ele>
   </trkpt>
   <trkpt lat="-36.8922970" lon="-70.6864760">
    <ele>1234.2</ele>
   </trkpt>
   <trkpt lat="-36.8922810" lon="-70.6864710">
    <ele>1234.4</ele>
   </trkpt>
   <trkpt lat="-36.8921970" lon="-70.6864610">
    <ele>1235.4</ele>
   </trkpt>
   <trkpt lat="-36.8921780" lon="-70.6864650">
    <ele>1235.8</ele>
   </trkpt>
   <trkpt lat="-36.8921620" lon="-70.6864630">
    <ele>1236.2</ele>
   </trkpt>
   <trkpt lat="-36.8921460" lon="-70.6864550">
    <ele>1236.4</ele>
   </trkpt>
   <trkpt lat="-36.8921300" lon="-70.6864520">
    <ele>1236.6</ele>
   </trkpt>
   <trkpt lat="-36.8920820" lon="-70.6864440">
    <ele>1237.2</ele>
   </trkpt>
   <trkpt lat="-36.8920670" lon="-70.6864340">
    <ele>1237.4</ele>
   </trkpt>
   <trkpt lat="-36.8920510" lon="-70.6864280">
    <ele>1237.6</ele>
   </trkpt>
   <trkpt lat="-36.8920350" lon="-70.6864300">
    <ele>1237.8</ele>
   </trkpt>
   <trkpt lat="-36.8920210" lon="-70.6864270">
    <ele>1238.0</ele>
   </trkpt>
   <trkpt lat="-36.8920060" lon="-70.6864180">
    <ele>1238.2</ele>
   </trkpt>
   <trkpt lat="-36.8919870" lon="-70.6864140">
    <ele>1238.6</ele>
   </trkpt>
   <trkpt lat="-36.8919690" lon="-70.6864080">
    <ele>1238.8</ele>
   </trkpt>
   <trkpt lat="-36.8919510" lon="-70.6864080">
    <ele>1239.0</ele>
   </trkpt>
   <trkpt lat="-36.8919330" lon="-70.6864080">
    <ele>1239.2</ele>
   </trkpt>
   <trkpt lat="-36.8919150" lon="-70.6864020">
    <ele>1239.4</ele>
   </trkpt>
   <trkpt lat="-36.8918760" lon="-70.6863940">
    <ele>1239.8</ele>
   </trkpt>
   <trkpt lat="-36.8918570" lon="-70.6863890">
    <ele>1240.0</ele>
   </trkpt>
   <trkpt lat="-36.8917830" lon="-70.6863720">
    <ele>1241.0</ele>
   </trkpt>
   <trkpt lat="-36.8917650" lon="-70.6863680">
    <ele>1241.0</ele>
   </trkpt>
   <trkpt lat="-36.8917460" lon="-70.6863610">
    <ele>1241.2</ele>
   </trkpt>
   <trkpt lat="-36.8917280" lon="-70.6863600">
    <ele>1241.6</ele>
   </trkpt>
   <trkpt lat="-36.8917080" lon="-70.6863580">
    <ele>1242.0</ele>
   </trkpt>
   <trkpt lat="-36.8916820" lon="-70.6863520">
    <ele>1242.2</ele>
   </trkpt>
   <trkpt lat="-36.8916370" lon="-70.6863380">
    <ele>1242.6</ele>
   </trkpt>
   <trkpt lat="-36.8915940" lon="-70.6863120">
    <ele>1242.8</ele>
   </trkpt>
   <trkpt lat="-36.8915710" lon="-70.6863050">
    <ele>1243.0</ele>
   </trkpt>
   <trkpt lat="-36.8915480" lon="-70.6863010">
    <ele>1243.0</ele>
   </trkpt>
   <trkpt lat="-36.8915270" lon="-70.6862890">
    <ele>1243.2</ele>
   </trkpt>
   <trkpt lat="-36.8914860" lon="-70.6862670">
    <ele>1243.4</ele>
   </trkpt>
   <trkpt lat="-36.8914630" lon="-70.6862580">
    <ele>1243.6</ele>
   </trkpt>
   <trkpt lat="-36.8914440" lon="-70.6862480">
    <ele>1243.6</ele>
   </trkpt>
   <trkpt lat="-36.8914000" lon="-70.6862210">
    <ele>1244.0</ele>
   </trkpt>
   <trkpt lat="-36.8913050" lon="-70.6861700">
    <ele>1244.2</ele>
   </trkpt>
   <trkpt lat="-36.8912810" lon="-70.6861570">
    <ele>1244.4</ele>
   </trkpt>
   <trkpt lat="-36.8912600" lon="-70.6861420">
    <ele>1244.4</ele>
   </trkpt>
   <trkpt lat="-36.8912330" lon="-70.6861280">
    <ele>1244.6</ele>
   </trkpt>
   <trkpt lat="-36.8911340" lon="-70.6860670">
    <ele>1244.8</ele>
   </trkpt>
   <trkpt lat="-36.8910800" lon="-70.6860420">
    <ele>1244.6</ele>
   </trkpt>
   <trkpt lat="-36.8908650" lon="-70.6859190">
    <ele>1244.6</ele>
   </trkpt>
   <trkpt lat="-36.8908360" lon="-70.6859070">
    <ele>1244.6</ele>
   </trkpt>
   <trkpt lat="-36.8907290" lon="-70.6858480">
    <ele>1245.0</ele>
   </trkpt>
   <trkpt lat="-36.8907040" lon="-70.6858310">
    <ele>1245.0</ele>
   </trkpt>
   <trkpt lat="-36.8906170" lon="-70.6857960">
    <ele>1245.2</ele>
   </trkpt>
   <trkpt lat="-36.8905570" lon="-70.6857760">
    <ele>1245.2</ele>
   </trkpt>
   <trkpt lat="-36.8903760" lon="-70.6856540">
    <ele>1247.0</ele>
   </trkpt>
   <trkpt lat="-36.8901380" lon="-70.6855330">
    <ele>1246.6</ele>
   </trkpt>
   <trkpt lat="-36.8898650" lon="-70.6853970">
    <ele>1247.6</ele>
   </trkpt>
   <trkpt lat="-36.8897290" lon="-70.6853250">
    <ele>1247.8</ele>
   </trkpt>
   <trkpt lat="-36.8896950" lon="-70.6853120">
    <ele>1247.8</ele>
   </trkpt>
   <trkpt lat="-36.8896620" lon="-70.6852910">
    <ele>1247.8</ele>
   </trkpt>
   <trkpt lat="-36.8895940" lon="-70.6852610">
    <ele>1247.8</ele>
   </trkpt>
   <trkpt lat="-36.8895570" lon="-70.6852410">
    <ele>1248.0</ele>
   </trkpt>
   <trkpt lat="-36.8892100" lon="-70.6850390">
    <ele>1248.4</ele>
   </trkpt>
   <trkpt lat="-36.8888730" lon="-70.6848590">
    <ele>1249.0</ele>
   </trkpt>
   <trkpt lat="-36.8885010" lon="-70.6846760">
    <ele>1249.8</ele>
   </trkpt>
   <trkpt lat="-36.8882550" lon="-70.6845560">
    <ele>1250.0</ele>
   </trkpt>
   <trkpt lat="-36.8882140" lon="-70.6845440">
    <ele>1250.2</ele>
   </trkpt>
   <trkpt lat="-36.8881740" lon="-70.6845270">
    <ele>1250.2</ele>
   </trkpt>
   <trkpt lat="-36.8878770" lon="-70.6843540">
    <ele>1250.2</ele>
   </trkpt>
   <trkpt lat="-36.8878370" lon="-70.6843250">
    <ele>1250.0</ele>
   </trkpt>
   <trkpt lat="-36.8877950" lon="-70.6843050">
    <ele>1250.2</ele>
   </trkpt>
   <trkpt lat="-36.8874380" lon="-70.6841570">
    <ele>1250.6</ele>
   </trkpt>
   <trkpt lat="-36.8870840" lon="-70.6839700">
    <ele>1251.4</ele>
   </trkpt>
   <trkpt lat="-36.8867220" lon="-70.6837730">
    <ele>1250.8</ele>
   </trkpt>
   <trkpt lat="-36.8863930" lon="-70.6835700">
    <ele>1249.8</ele>
   </trkpt>
   <trkpt lat="-36.8860870" lon="-70.6832710">
    <ele>1251.8</ele>
   </trkpt>
   <trkpt lat="-36.8858060" lon="-70.6829230">
    <ele>1251.6</ele>
   </trkpt>
   <trkpt lat="-36.8855550" lon="-70.6825870">
    <ele>1251.6</ele>
   </trkpt>
   <trkpt lat="-36.8852890" lon="-70.6822200">
    <ele>1252.4</ele>
   </trkpt>
   <trkpt lat="-36.8851360" lon="-70.6820420">
    <ele>1253.6</ele>
   </trkpt>
   <trkpt lat="-36.8851020" lon="-70.6820130">
    <ele>1253.8</ele>
   </trkpt>
   <trkpt lat="-36.8850400" lon="-70.6819610">
    <ele>1254.6</ele>
   </trkpt>
   <trkpt lat="-36.8849680" lon="-70.6819140">
    <ele>1254.8</ele>
   </trkpt>
   <trkpt lat="-36.8846000" lon="-70.6817690">
    <ele>1254.4</ele>
   </trkpt>
   <trkpt lat="-36.8843300" lon="-70.6817210">
    <ele>1254.4</ele>
   </trkpt>
   <trkpt lat="-36.8842980" lon="-70.6817120">
    <ele>1254.6</ele>
   </trkpt>
   <trkpt lat="-36.8842700" lon="-70.6817100">
    <ele>1254.8</ele>
   </trkpt>
   <trkpt lat="-36.8842150" lon="-70.6816930">
    <ele>1255.2</ele>
   </trkpt>
   <trkpt lat="-36.8841920" lon="-70.6816890">
    <ele>1255.4</ele>
   </trkpt>
   <trkpt lat="-36.8841700" lon="-70.6816800">
    <ele>1255.8</ele>
   </trkpt>
   <trkpt lat="-36.8841500" lon="-70.6816620">
    <ele>1256.0</ele>
   </trkpt>
   <trkpt lat="-36.8841260" lon="-70.6816590">
    <ele>1256.2</ele>
   </trkpt>
   <trkpt lat="-36.8839760" lon="-70.6816290">
    <ele>1256.8</ele>
   </trkpt>
   <trkpt lat="-36.8838790" lon="-70.6816150">
    <ele>1257.2</ele>
   </trkpt>
   <trkpt lat="-36.8838580" lon="-70.6816120">
    <ele>1257.4</ele>
   </trkpt>
   <trkpt lat="-36.8838410" lon="-70.6816050">
    <ele>1257.8</ele>
   </trkpt>
   <trkpt lat="-36.8838270" lon="-70.6815940">
    <ele>1258.0</ele>
   </trkpt>
   <trkpt lat="-36.8838080" lon="-70.6815810">
    <ele>1258.2</ele>
   </trkpt>
   <trkpt lat="-36.8837890" lon="-70.6815660">
    <ele>1258.2</ele>
   </trkpt>
   <trkpt lat="-36.8837680" lon="-70.6815570">
    <ele>1258.6</ele>
   </trkpt>
   <trkpt lat="-36.8835640" lon="-70.6814660">
    <ele>1259.8</ele>
   </trkpt>
   <trkpt lat="-36.8835330" lon="-70.6814580">
    <ele>1260.2</ele>
   </trkpt>
   <trkpt lat="-36.8835030" lon="-70.6814440">
    <ele>1260.2</ele>
   </trkpt>
   <trkpt lat="-36.8833280" lon="-70.6813470">
    <ele>1260.6</ele>
   </trkpt>
   <trkpt lat="-36.8830890" lon="-70.6811720">
    <ele>1261.6</ele>
   </trkpt>
   <trkpt lat="-36.8827670" lon="-70.6808900">
    <ele>1262.6</ele>
   </trkpt>
   <trkpt lat="-36.8826550" lon="-70.6808100">
    <ele>1262.8</ele>
   </trkpt>
   <trkpt lat="-36.8826160" lon="-70.6807940">
    <ele>1262.8</ele>
   </trkpt>
   <trkpt lat="-36.8825790" lon="-70.6807770">
    <ele>1263.0</ele>
   </trkpt>
   <trkpt lat="-36.8824760" lon="-70.6807470">
    <ele>1263.2</ele>
   </trkpt>
   <trkpt lat="-36.8824420" lon="-70.6807350">
    <ele>1263.2</ele>
   </trkpt>
   <trkpt lat="-36.8823710" lon="-70.6807190">
    <ele>1263.8</ele>
   </trkpt>
   <trkpt lat="-36.8823340" lon="-70.6807170">
    <ele>1264.0</ele>
   </trkpt>
   <trkpt lat="-36.8822520" lon="-70.6807020">
    <ele>1264.2</ele>
   </trkpt>
   <trkpt lat="-36.8819950" lon="-70.6806940">
    <ele>1264.6</ele>
   </trkpt>
   <trkpt lat="-36.8819570" lon="-70.6806840">
    <ele>1264.8</ele>
   </trkpt>
   <trkpt lat="-36.8815940" lon="-70.6805840">
    <ele>1265.4</ele>
   </trkpt>
   <trkpt lat="-36.8813790" lon="-70.6804860">
    <ele>1265.6</ele>
   </trkpt>
   <trkpt lat="-36.8813480" lon="-70.6804730">
    <ele>1265.8</ele>
   </trkpt>
   <trkpt lat="-36.8813210" lon="-70.6804550">
    <ele>1266.0</ele>
   </trkpt>
   <trkpt lat="-36.8812370" lon="-70.6803880">
    <ele>1265.8</ele>
   </trkpt>
   <trkpt lat="-36.8812130" lon="-70.6803580">
    <ele>1266.0</ele>
   </trkpt>
   <trkpt lat="-36.8810690" lon="-70.6801950">
    <ele>1266.2</ele>
   </trkpt>
   <trkpt lat="-36.8809010" lon="-70.6800210">
    <ele>1267.6</ele>
   </trkpt>
   <trkpt lat="-36.8808730" lon="-70.6800070">
    <ele>1267.6</ele>
   </trkpt>
   <trkpt lat="-36.8808160" lon="-70.6799720">
    <ele>1267.8</ele>
   </trkpt>
   <trkpt lat="-36.8807630" lon="-70.6799280">
    <ele>1268.2</ele>
   </trkpt>
   <trkpt lat="-36.8805630" lon="-70.6797690">
    <ele>1268.8</ele>
   </trkpt>
   <trkpt lat="-36.8803070" lon="-70.6794870">
    <ele>1268.8</ele>
   </trkpt>
   <trkpt lat="-36.8802600" lon="-70.6794100">
    <ele>1269.0</ele>
   </trkpt>
   <trkpt lat="-36.8799800" lon="-70.6791070">
    <ele>1268.8</ele>
   </trkpt>
   <trkpt lat="-36.8798390" lon="-70.6790050">
    <ele>1268.8</ele>
   </trkpt>
   <trkpt lat="-36.8794950" lon="-70.6788800">
    <ele>1269.8</ele>
   </trkpt>
   <trkpt lat="-36.8791190" lon="-70.6787910">
    <ele>1269.8</ele>
   </trkpt>
   <trkpt lat="-36.8789410" lon="-70.6787510">
    <ele>1270.4</ele>
   </trkpt>
   <trkpt lat="-36.8785850" lon="-70.6786310">
    <ele>1271.8</ele>
   </trkpt>
   <trkpt lat="-36.8782360" lon="-70.6784940">
    <ele>1272.4</ele>
   </trkpt>
   <trkpt lat="-36.8779850" lon="-70.6783760">
    <ele>1273.6</ele>
   </trkpt>
   <trkpt lat="-36.8776120" lon="-70.6782270">
    <ele>1273.2</ele>
   </trkpt>
   <trkpt lat="-36.8772580" lon="-70.6780960">
    <ele>1273.2</ele>
   </trkpt>
   <trkpt lat="-36.8771090" lon="-70.6780270">
    <ele>1273.4</ele>
   </trkpt>
   <trkpt lat="-36.8767290" lon="-70.6778730">
    <ele>1274.0</ele>
   </trkpt>
   <trkpt lat="-36.8763810" lon="-70.6777280">
    <ele>1273.2</ele>
   </trkpt>
   <trkpt lat="-36.8760350" lon="-70.6776060">
    <ele>1275.4</ele>
   </trkpt>
   <trkpt lat="-36.8756420" lon="-70.6774610">
    <ele>1274.8</ele>
   </trkpt>
   <trkpt lat="-36.8752550" lon="-70.6773050">
    <ele>1274.0</ele>
   </trkpt>
   <trkpt lat="-36.8748950" lon="-70.6771770">
    <ele>1274.0</ele>
   </trkpt>
   <trkpt lat="-36.8745420" lon="-70.6770300">
    <ele>1274.4</ele>
   </trkpt>
   <trkpt lat="-36.8741570" lon="-70.6768330">
    <ele>1272.4</ele>
   </trkpt>
   <trkpt lat="-36.8738490" lon="-70.6765640">
    <ele>1270.4</ele>
   </trkpt>
   <trkpt lat="-36.8735590" lon="-70.6762110">
    <ele>1267.8</ele>
   </trkpt>
   <trkpt lat="-36.8734250" lon="-70.6759590">
    <ele>1264.4</ele>
   </trkpt>
   <trkpt lat="-36.8733700" lon="-70.6759070">
    <ele>1263.6</ele>
   </trkpt>
   <trkpt lat="-36.8733130" lon="-70.6758860">
    <ele>1264.0</ele>
   </trkpt>
   <trkpt lat="-36.8732500" lon="-70.6758900">
    <ele>1264.2</ele>
   </trkpt>
   <trkpt lat="-36.8728440" lon="-70.6759910">
    <ele>1263.2</ele>
   </trkpt>
   <trkpt lat="-36.8724690" lon="-70.6759980">
    <ele>1261.6</ele>
   </trkpt>
   <trkpt lat="-36.8720410" lon="-70.6760060">
    <ele>1259.6</ele>
   </trkpt>
   <trkpt lat="-36.8716070" lon="-70.6759970">
    <ele>1257.6</ele>
   </trkpt>
   <trkpt lat="-36.8711980" lon="-70.6759630">
    <ele>1257.0</ele>
   </trkpt>
   <trkpt lat="-36.8707950" lon="-70.6759250">
    <ele>1255.6</ele>
   </trkpt>
   <trkpt lat="-36.8704350" lon="-70.6758820">
    <ele>1254.6</ele>
   </trkpt>
   <trkpt lat="-36.8700590" lon="-70.6757970">
    <ele>1253.0</ele>
   </trkpt>
   <trkpt lat="-36.8696710" lon="-70.6757160">
    <ele>1250.4</ele>
   </trkpt>
   <trkpt lat="-36.8693020" lon="-70.6755520">
    <ele>1250.0</ele>
   </trkpt>
   <trkpt lat="-36.8689370" lon="-70.6753760">
    <ele>1246.4</ele>
   </trkpt>
   <trkpt lat="-36.8685280" lon="-70.6752530">
    <ele>1244.4</ele>
   </trkpt>
   <trkpt lat="-36.8681450" lon="-70.6749910">
    <ele>1241.2</ele>
   </trkpt>
   <trkpt lat="-36.8679830" lon="-70.6748990">
    <ele>1240.0</ele>
   </trkpt>
   <trkpt lat="-36.8679130" lon="-70.6748310">
    <ele>1239.2</ele>
   </trkpt>
   <trkpt lat="-36.8676750" lon="-70.6746110">
    <ele>1236.4</ele>
   </trkpt>
   <trkpt lat="-36.8675460" lon="-70.6745220">
    <ele>1234.2</ele>
   </trkpt>
   <trkpt lat="-36.8674830" lon="-70.6744870">
    <ele>1233.0</ele>
   </trkpt>
   <trkpt lat="-36.8674130" lon="-70.6744780">
    <ele>1232.0</ele>
   </trkpt>
   <trkpt lat="-36.8673450" lon="-70.6744820">
    <ele>1231.0</ele>
   </trkpt>
   <trkpt lat="-36.8672120" lon="-70.6745030">
    <ele>1228.6</ele>
   </trkpt>
   <trkpt lat="-36.8671440" lon="-70.6744950">
    <ele>1227.6</ele>
   </trkpt>
   <trkpt lat="-36.8669960" lon="-70.6744330">
    <ele>1224.8</ele>
   </trkpt>
   <trkpt lat="-36.8665900" lon="-70.6742600">
    <ele>1220.8</ele>
   </trkpt>
   <trkpt lat="-36.8661640" lon="-70.6741920">
    <ele>1215.8</ele>
   </trkpt>
   <trkpt lat="-36.8660720" lon="-70.6741800">
    <ele>1214.6</ele>
   </trkpt>
   <trkpt lat="-36.8659800" lon="-70.6741470">
    <ele>1213.6</ele>
   </trkpt>
   <trkpt lat="-36.8655910" lon="-70.6740120">
    <ele>1209.8</ele>
   </trkpt>
   <trkpt lat="-36.8652400" lon="-70.6739170">
    <ele>1208.2</ele>
   </trkpt>
   <trkpt lat="-36.8648870" lon="-70.6738130">
    <ele>1208.0</ele>
   </trkpt>
   <trkpt lat="-36.8648200" lon="-70.6737740">
    <ele>1208.0</ele>
   </trkpt>
   <trkpt lat="-36.8647540" lon="-70.6737560">
    <ele>1208.0</ele>
   </trkpt>
   <trkpt lat="-36.8646900" lon="-70.6737300">
    <ele>1208.0</ele>
   </trkpt>
   <trkpt lat="-36.8646310" lon="-70.6737260">
    <ele>1207.8</ele>
   </trkpt>
   <trkpt lat="-36.8643470" lon="-70.6737210">
    <ele>1207.6</ele>
   </trkpt>
   <trkpt lat="-36.8640200" lon="-70.6736250">
    <ele>1207.0</ele>
   </trkpt>
   <trkpt lat="-36.8639640" lon="-70.6736110">
    <ele>1206.8</ele>
   </trkpt>
   <trkpt lat="-36.8637270" lon="-70.6735650">
    <ele>1205.2</ele>
   </trkpt>
   <trkpt lat="-36.8636650" lon="-70.6735700">
    <ele>1205.2</ele>
   </trkpt>
   <trkpt lat="-36.8632770" lon="-70.6735240">
    <ele>1204.4</ele>
   </trkpt>
   <trkpt lat="-36.8632230" lon="-70.6735020">
    <ele>1204.6</ele>
   </trkpt>
   <trkpt lat="-36.8631670" lon="-70.6734910">
    <ele>1204.2</ele>
   </trkpt>
   <trkpt lat="-36.8631180" lon="-70.6734710">
    <ele>1204.8</ele>
   </trkpt>
   <trkpt lat="-36.8630320" lon="-70.6734450">
    <ele>1205.2</ele>
   </trkpt>
   <trkpt lat="-36.8629470" lon="-70.6734280">
    <ele>1205.6</ele>
   </trkpt>
   <trkpt lat="-36.8627600" lon="-70.6733930">
    <ele>1205.8</ele>
   </trkpt>
   <trkpt lat="-36.8624030" lon="-70.6733540">
    <ele>1205.8</ele>
   </trkpt>
   <trkpt lat="-36.8622380" lon="-70.6733380">
    <ele>1206.4</ele>
   </trkpt>
   <trkpt lat="-36.8621810" lon="-70.6733390">
    <ele>1206.6</ele>
   </trkpt>
   <trkpt lat="-36.8618360" lon="-70.6733260">
    <ele>1206.6</ele>
   </trkpt>
   <trkpt lat="-36.8615910" lon="-70.6733170">
    <ele>1206.6</ele>
   </trkpt>
   <trkpt lat="-36.8615360" lon="-70.6733220">
    <ele>1206.4</ele>
   </trkpt>
   <trkpt lat="-36.8614860" lon="-70.6733360">
    <ele>1206.4</ele>
   </trkpt>
   <trkpt lat="-36.8614370" lon="-70.6733650">
    <ele>1206.4</ele>
   </trkpt>
   <trkpt lat="-36.8613100" lon="-70.6734480">
    <ele>1206.4</ele>
   </trkpt>
   <trkpt lat="-36.8612670" lon="-70.6734630">
    <ele>1206.0</ele>
   </trkpt>
   <trkpt lat="-36.8611660" lon="-70.6734920">
    <ele>1206.4</ele>
   </trkpt>
   <trkpt lat="-36.8608650" lon="-70.6735290">
    <ele>1204.6</ele>
   </trkpt>
   <trkpt lat="-36.8606060" lon="-70.6735520">
    <ele>1204.8</ele>
   </trkpt>
   <trkpt lat="-36.8605530" lon="-70.6735800">
    <ele>1205.0</ele>
   </trkpt>
   <trkpt lat="-36.8605040" lon="-70.6736030">
    <ele>1205.0</ele>
   </trkpt>
   <trkpt lat="-36.8604570" lon="-70.6736390">
    <ele>1204.8</ele>
   </trkpt>
   <trkpt lat="-36.8604100" lon="-70.6736930">
    <ele>1204.6</ele>
   </trkpt>
   <trkpt lat="-36.8601390" lon="-70.6739950">
    <ele>1203.4</ele>
   </trkpt>
   <trkpt lat="-36.8598890" lon="-70.6743060">
    <ele>1203.8</ele>
   </trkpt>
   <trkpt lat="-36.8598210" lon="-70.6744090">
    <ele>1204.4</ele>
   </trkpt>
   <trkpt lat="-36.8597940" lon="-70.6744450">
    <ele>1204.6</ele>
   </trkpt>
   <trkpt lat="-36.8597740" lon="-70.6744870">
    <ele>1205.0</ele>
   </trkpt>
   <trkpt lat="-36.8596780" lon="-70.6746550">
    <ele>1205.6</ele>
   </trkpt>
   <trkpt lat="-36.8596660" lon="-70.6746920">
    <ele>1205.8</ele>
   </trkpt>
   <trkpt lat="-36.8596070" lon="-70.6748440">
    <ele>1206.6</ele>
   </trkpt>
   <trkpt lat="-36.8595010" lon="-70.6751230">
    <ele>1207.4</ele>
   </trkpt>
   <trkpt lat="-36.8594840" lon="-70.6751620">
    <ele>1207.6</ele>
   </trkpt>
   <trkpt lat="-36.8594260" lon="-70.6753170">
    <ele>1208.4</ele>
   </trkpt>
   <trkpt lat="-36.8594120" lon="-70.6753590">
    <ele>1208.6</ele>
   </trkpt>
   <trkpt lat="-36.8593880" lon="-70.6754450">
    <ele>1209.0</ele>
   </trkpt>
   <trkpt lat="-36.8592440" lon="-70.6757750">
    <ele>1209.4</ele>
   </trkpt>
   <trkpt lat="-36.8592260" lon="-70.6758150">
    <ele>1209.6</ele>
   </trkpt>
   <trkpt lat="-36.8590310" lon="-70.6762080">
    <ele>1211.0</ele>
   </trkpt>
   <trkpt lat="-36.8589800" lon="-70.6763190">
    <ele>1211.2</ele>
   </trkpt>
   <trkpt lat="-36.8589590" lon="-70.6763560">
    <ele>1211.4</ele>
   </trkpt>
   <trkpt lat="-36.8589450" lon="-70.6763970">
    <ele>1211.4</ele>
   </trkpt>
   <trkpt lat="-36.8589220" lon="-70.6764380">
    <ele>1212.0</ele>
   </trkpt>
   <trkpt lat="-36.8589060" lon="-70.6764810">
    <ele>1212.2</ele>
   </trkpt>
   <trkpt lat="-36.8588290" lon="-70.6766810">
    <ele>1212.6</ele>
   </trkpt>
   <trkpt lat="-36.8588030" lon="-70.6767680">
    <ele>1213.4</ele>
   </trkpt>
   <trkpt lat="-36.8587900" lon="-70.6768090">
    <ele>1213.4</ele>
   </trkpt>
   <trkpt lat="-36.8587700" lon="-70.6768460">
    <ele>1213.6</ele>
   </trkpt>
   <trkpt lat="-36.8586710" lon="-70.6771360">
    <ele>1214.6</ele>
   </trkpt>
   <trkpt lat="-36.8585710" lon="-70.6774130">
    <ele>1216.6</ele>
   </trkpt>
   <trkpt lat="-36.8585560" lon="-70.6774450">
    <ele>1216.6</ele>
   </trkpt>
   <trkpt lat="-36.8585420" lon="-70.6774790">
    <ele>1216.8</ele>
   </trkpt>
   <trkpt lat="-36.8585360" lon="-70.6775150">
    <ele>1217.0</ele>
   </trkpt>
   <trkpt lat="-36.8585250" lon="-70.6775500">
    <ele>1217.0</ele>
   </trkpt>
   <trkpt lat="-36.8585090" lon="-70.6775840">
    <ele>1217.2</ele>
   </trkpt>
   <trkpt lat="-36.8584830" lon="-70.6776490">
    <ele>1217.4</ele>
   </trkpt>
   <trkpt lat="-36.8584720" lon="-70.6776830">
    <ele>1217.6</ele>
   </trkpt>
   <trkpt lat="-36.8584200" lon="-70.6778460">
    <ele>1218.8</ele>
   </trkpt>
   <trkpt lat="-36.8584150" lon="-70.6778780">
    <ele>1218.8</ele>
   </trkpt>
   <trkpt lat="-36.8583850" lon="-70.6779870">
    <ele>1219.2</ele>
   </trkpt>
   <trkpt lat="-36.8583780" lon="-70.6780240">
    <ele>1219.4</ele>
   </trkpt>
   <trkpt lat="-36.8583650" lon="-70.6780540">
    <ele>1219.8</ele>
   </trkpt>
   <trkpt lat="-36.8582790" lon="-70.6782180">
    <ele>1221.2</ele>
   </trkpt>
   <trkpt lat="-36.8582610" lon="-70.6782390">
    <ele>1221.2</ele>
   </trkpt>
   <trkpt lat="-36.8582380" lon="-70.6782560">
    <ele>1221.4</ele>
   </trkpt>
   <trkpt lat="-36.8582170" lon="-70.6782640">
    <ele>1221.6</ele>
   </trkpt>
   <trkpt lat="-36.8581970" lon="-70.6782670">
    <ele>1222.0</ele>
   </trkpt>
   <trkpt lat="-36.8581760" lon="-70.6782560">
    <ele>1222.0</ele>
   </trkpt>
   <trkpt lat="-36.8581550" lon="-70.6782370">
    <ele>1222.2</ele>
   </trkpt>
   <trkpt lat="-36.8581420" lon="-70.6782160">
    <ele>1222.4</ele>
   </trkpt>
   <trkpt lat="-36.8581360" lon="-70.6781910">
    <ele>1222.6</ele>
   </trkpt>
   <trkpt lat="-36.8581280" lon="-70.6781680">
    <ele>1223.2</ele>
   </trkpt>
   <trkpt lat="-36.8581220" lon="-70.6781450">
    <ele>1223.4</ele>
   </trkpt>
   <trkpt lat="-36.8581220" lon="-70.6781280">
    <ele>1223.8</ele>
   </trkpt>
   <trkpt lat="-36.8581200" lon="-70.6781160">
    <ele>1224.2</ele>
   </trkpt>
   <trkpt lat="-36.8581220" lon="-70.6780900">
    <ele>1224.4</ele>
   </trkpt>
   <trkpt lat="-36.8581190" lon="-70.6780600">
    <ele>1224.8</ele>
   </trkpt>
   <trkpt lat="-36.8581150" lon="-70.6780370">
    <ele>1225.2</ele>
   </trkpt>
   <trkpt lat="-36.8581070" lon="-70.6780160">
    <ele>1225.4</ele>
   </trkpt>
   <trkpt lat="-36.8581040" lon="-70.6779940">
    <ele>1225.8</ele>
   </trkpt>
   <trkpt lat="-36.8581060" lon="-70.6779720">
    <ele>1226.0</ele>
   </trkpt>
   <trkpt lat="-36.8581100" lon="-70.6779510">
    <ele>1226.4</ele>
   </trkpt>
   <trkpt lat="-36.8581100" lon="-70.6779260">
    <ele>1226.4</ele>
   </trkpt>
   <trkpt lat="-36.8581030" lon="-70.6778540">
    <ele>1227.4</ele>
   </trkpt>
   <trkpt lat="-36.8581060" lon="-70.6778300">
    <ele>1227.6</ele>
   </trkpt>
   <trkpt lat="-36.8581070" lon="-70.6777860">
    <ele>1228.2</ele>
   </trkpt>
   <trkpt lat="-36.8581060" lon="-70.6777650">
    <ele>1228.6</ele>
   </trkpt>
   <trkpt lat="-36.8581120" lon="-70.6777420">
    <ele>1228.8</ele>
   </trkpt>
   <trkpt lat="-36.8581340" lon="-70.6776480">
    <ele>1229.6</ele>
   </trkpt>
   <trkpt lat="-36.8581290" lon="-70.6775540">
    <ele>1230.6</ele>
   </trkpt>
   <trkpt lat="-36.8581280" lon="-70.6774850">
    <ele>1231.0</ele>
   </trkpt>
   <trkpt lat="-36.8581200" lon="-70.6774400">
    <ele>1231.4</ele>
   </trkpt>
   <trkpt lat="-36.8581100" lon="-70.6773930">
    <ele>1231.8</ele>
   </trkpt>
   <trkpt lat="-36.8581030" lon="-70.6773140">
    <ele>1232.6</ele>
   </trkpt>
   <trkpt lat="-36.8580960" lon="-70.6772430">
    <ele>1233.2</ele>
   </trkpt>
   <trkpt lat="-36.8580950" lon="-70.6772180">
    <ele>1233.4</ele>
   </trkpt>
   <trkpt lat="-36.8580910" lon="-70.6771960">
    <ele>1233.8</ele>
   </trkpt>
   <trkpt lat="-36.8580920" lon="-70.6771720">
    <ele>1234.0</ele>
   </trkpt>
   <trkpt lat="-36.8580870" lon="-70.6771480">
    <ele>1234.2</ele>
   </trkpt>
   <trkpt lat="-36.8580780" lon="-70.6771250">
    <ele>1234.4</ele>
   </trkpt>
   <trkpt lat="-36.8580700" lon="-70.6771020">
    <ele>1234.6</ele>
   </trkpt>
   <trkpt lat="-36.8580700" lon="-70.6770760">
    <ele>1234.8</ele>
   </trkpt>
   <trkpt lat="-36.8580690" lon="-70.6770510">
    <ele>1234.8</ele>
   </trkpt>
   <trkpt lat="-36.8580630" lon="-70.6770250">
    <ele>1235.2</ele>
   </trkpt>
   <trkpt lat="-36.8580520" lon="-70.6769820">
    <ele>1235.6</ele>
   </trkpt>
   <trkpt lat="-36.8580460" lon="-70.6769560">
    <ele>1235.8</ele>
   </trkpt>
   <trkpt lat="-36.8580410" lon="-70.6769360">
    <ele>1236.0</ele>
   </trkpt>
   <trkpt lat="-36.8580340" lon="-70.6769130">
    <ele>1236.2</ele>
   </trkpt>
   <trkpt lat="-36.8580320" lon="-70.6768870">
    <ele>1236.6</ele>
   </trkpt>
   <trkpt lat="-36.8580310" lon="-70.6768610">
    <ele>1236.8</ele>
   </trkpt>
   <trkpt lat="-36.8580190" lon="-70.6767960">
    <ele>1237.4</ele>
   </trkpt>
   <trkpt lat="-36.8580170" lon="-70.6767790">
    <ele>1237.6</ele>
   </trkpt>
   <trkpt lat="-36.8580120" lon="-70.6767630">
    <ele>1237.8</ele>
   </trkpt>
   <trkpt lat="-36.8579980" lon="-70.6767200">
    <ele>1238.2</ele>
   </trkpt>
   <trkpt lat="-36.8579870" lon="-70.6767000">
    <ele>1238.4</ele>
   </trkpt>
   <trkpt lat="-36.8579810" lon="-70.6766810">
    <ele>1238.8</ele>
   </trkpt>
   <trkpt lat="-36.8579700" lon="-70.6766630">
    <ele>1239.0</ele>
   </trkpt>
   <trkpt lat="-36.8579600" lon="-70.6766480">
    <ele>1239.4</ele>
   </trkpt>
   <trkpt lat="-36.8579380" lon="-70.6766140">
    <ele>1239.8</ele>
   </trkpt>
   <trkpt lat="-36.8579330" lon="-70.6765990">
    <ele>1240.0</ele>
   </trkpt>
   <trkpt lat="-36.8579310" lon="-70.6765780">
    <ele>1240.2</ele>
   </trkpt>
   <trkpt lat="-36.8579220" lon="-70.6765600">
    <ele>1240.2</ele>
   </trkpt>
   <trkpt lat="-36.8579220" lon="-70.6765450">
    <ele>1240.6</ele>
   </trkpt>
   <trkpt lat="-36.8579110" lon="-70.6765300">
    <ele>1240.8</ele>
   </trkpt>
   <trkpt lat="-36.8579020" lon="-70.6765120">
    <ele>1241.0</ele>
   </trkpt>
   <trkpt lat="-36.8578950" lon="-70.6764930">
    <ele>1241.2</ele>
   </trkpt>
   <trkpt lat="-36.8578940" lon="-70.6764780">
    <ele>1241.2</ele>
   </trkpt>
   <trkpt lat="-36.8578950" lon="-70.6764670">
    <ele>1241.4</ele>
   </trkpt>
   <trkpt lat="-36.8578980" lon="-70.6764510">
    <ele>1241.6</ele>
   </trkpt>
   <trkpt lat="-36.8578890" lon="-70.6764390">
    <ele>1241.8</ele>
   </trkpt>
   <trkpt lat="-36.8578760" lon="-70.6764350">
    <ele>1241.8</ele>
   </trkpt>
   <trkpt lat="-36.8578680" lon="-70.6764360">
    <ele>1242.0</ele>
   </trkpt>
   <trkpt lat="-36.8578540" lon="-70.6764250">
    <ele>1242.0</ele>
   </trkpt>
   <trkpt lat="-36.8578460" lon="-70.6764020">
    <ele>1242.2</ele>
   </trkpt>
   <trkpt lat="-36.8578110" lon="-70.6763200">
    <ele>1242.6</ele>
   </trkpt>
   <trkpt lat="-36.8578000" lon="-70.6763090">
    <ele>1242.8</ele>
   </trkpt>
   <trkpt lat="-36.8577770" lon="-70.6762830">
    <ele>1243.2</ele>
   </trkpt>
   <trkpt lat="-36.8577640" lon="-70.6762720">
    <ele>1243.4</ele>
   </trkpt>
   <trkpt lat="-36.8577290" lon="-70.6762370">
    <ele>1244.0</ele>
   </trkpt>
   <trkpt lat="-36.8576850" lon="-70.6761840">
    <ele>1244.6</ele>
   </trkpt>
   <trkpt lat="-36.8576610" lon="-70.6761690">
    <ele>1245.2</ele>
   </trkpt>
   <trkpt lat="-36.8576190" lon="-70.6761480">
    <ele>1245.8</ele>
   </trkpt>
   <trkpt lat="-36.8576100" lon="-70.6761360">
    <ele>1246.0</ele>
   </trkpt>
   <trkpt lat="-36.8576000" lon="-70.6761210">
    <ele>1246.0</ele>
   </trkpt>
   <trkpt lat="-36.8575910" lon="-70.6761150">
    <ele>1246.2</ele>
   </trkpt>
   <trkpt lat="-36.8575760" lon="-70.6761090">
    <ele>1246.4</ele>
   </trkpt>
   <trkpt lat="-36.8575310" lon="-70.6760890">
    <ele>1247.2</ele>
   </trkpt>
   <trkpt lat="-36.8575160" lon="-70.6760880">
    <ele>1247.2</ele>
   </trkpt>
   <trkpt lat="-36.8574800" lon="-70.6760830">
    <ele>1247.6</ele>
   </trkpt>
   <trkpt lat="-36.8574660" lon="-70.6760850">
    <ele>1247.6</ele>
   </trkpt>
   <trkpt lat="-36.8574560" lon="-70.6760800">
    <ele>1247.8</ele>
   </trkpt>
   <trkpt lat="-36.8574460" lon="-70.6760760">
    <ele>1248.0</ele>
   </trkpt>
   <trkpt lat="-36.8574350" lon="-70.6760730">
    <ele>1248.2</ele>
   </trkpt>
   <trkpt lat="-36.8573960" lon="-70.6760670">
    <ele>1248.8</ele>
   </trkpt>
   <trkpt lat="-36.8573730" lon="-70.6760640">
    <ele>1249.2</ele>
   </trkpt>
   <trkpt lat="-36.8573130" lon="-70.6760420">
    <ele>1250.0</ele>
   </trkpt>
   <trkpt lat="-36.8573020" lon="-70.6760410">
    <ele>1250.2</ele>
   </trkpt>
   <trkpt lat="-36.8572910" lon="-70.6760390">
    <ele>1250.6</ele>
   </trkpt>
   <trkpt lat="-36.8572820" lon="-70.6760280">
    <ele>1250.6</ele>
   </trkpt>
   <trkpt lat="-36.8572670" lon="-70.6760210">
    <ele>1251.0</ele>
   </trkpt>
   <trkpt lat="-36.8572370" lon="-70.6760150">
    <ele>1251.4</ele>
   </trkpt>
   <trkpt lat="-36.8572210" lon="-70.6760190">
    <ele>1251.6</ele>
   </trkpt>
   <trkpt lat="-36.8572100" lon="-70.6760210">
    <ele>1251.8</ele>
   </trkpt>
   <trkpt lat="-36.8572000" lon="-70.6760240">
    <ele>1251.8</ele>
   </trkpt>
   <trkpt lat="-36.8571870" lon="-70.6760240">
    <ele>1251.8</ele>
   </trkpt>
   <trkpt lat="-36.8570990" lon="-70.6760160">
    <ele>1252.6</ele>
   </trkpt>
   <trkpt lat="-36.8570880" lon="-70.6760220">
    <ele>1252.8</ele>
   </trkpt>
   <trkpt lat="-36.8570330" lon="-70.6760460">
    <ele>1253.4</ele>
   </trkpt>
   <trkpt lat="-36.8570210" lon="-70.6760500">
    <ele>1253.4</ele>
   </trkpt>
   <trkpt lat="-36.8569770" lon="-70.6760650">
    <ele>1254.2</ele>
   </trkpt>
   <trkpt lat="-36.8569640" lon="-70.6760660">
    <ele>1254.2</ele>
   </trkpt>
   <trkpt lat="-36.8569020" lon="-70.6760710">
    <ele>1255.6</ele>
   </trkpt>
   <trkpt lat="-36.8568860" lon="-70.6760770">
    <ele>1255.8</ele>
   </trkpt>
   <trkpt lat="-36.8568710" lon="-70.6760790">
    <ele>1256.0</ele>
   </trkpt>
   <trkpt lat="-36.8568580" lon="-70.6760870">
    <ele>1256.2</ele>
   </trkpt>
   <trkpt lat="-36.8568450" lon="-70.6760940">
    <ele>1256.4</ele>
   </trkpt>
   <trkpt lat="-36.8568370" lon="-70.6761030">
    <ele>1256.6</ele>
   </trkpt>
   <trkpt lat="-36.8568280" lon="-70.6761160">
    <ele>1257.0</ele>
   </trkpt>
   <trkpt lat="-36.8568180" lon="-70.6761340">
    <ele>1257.2</ele>
   </trkpt>
   <trkpt lat="-36.8568050" lon="-70.6761510">
    <ele>1257.4</ele>
   </trkpt>
   <trkpt lat="-36.8567940" lon="-70.6761670">
    <ele>1257.6</ele>
   </trkpt>
   <trkpt lat="-36.8567810" lon="-70.6761750">
    <ele>1257.6</ele>
   </trkpt>
   <trkpt lat="-36.8567670" lon="-70.6761850">
    <ele>1257.6</ele>
   </trkpt>
   <trkpt lat="-36.8567570" lon="-70.6762030">
    <ele>1257.6</ele>
   </trkpt>
   <trkpt lat="-36.8567440" lon="-70.6762200">
    <ele>1257.8</ele>
   </trkpt>
   <trkpt lat="-36.8567270" lon="-70.6762360">
    <ele>1258.0</ele>
   </trkpt>
   <trkpt lat="-36.8567110" lon="-70.6762460">
    <ele>1258.4</ele>
   </trkpt>
   <trkpt lat="-36.8567050" lon="-70.6762610">
    <ele>1258.6</ele>
   </trkpt>
   <trkpt lat="-36.8566970" lon="-70.6762680">
    <ele>1258.8</ele>
   </trkpt>
   <trkpt lat="-36.8566880" lon="-70.6762820">
    <ele>1259.0</ele>
   </trkpt>
   <trkpt lat="-36.8566700" lon="-70.6763060">
    <ele>1259.4</ele>
   </trkpt>
   <trkpt lat="-36.8566610" lon="-70.6763160">
    <ele>1259.4</ele>
   </trkpt>
   <trkpt lat="-36.8566560" lon="-70.6763270">
    <ele>1259.6</ele>
   </trkpt>
   <trkpt lat="-36.8566500" lon="-70.6763390">
    <ele>1259.8</ele>
   </trkpt>
   <trkpt lat="-36.8566360" lon="-70.6763520">
    <ele>1260.0</ele>
   </trkpt>
   <trkpt lat="-36.8566260" lon="-70.6763650">
    <ele>1260.2</ele>
   </trkpt>
   <trkpt lat="-36.8566190" lon="-70.6763820">
    <ele>1260.2</ele>
   </trkpt>
   <trkpt lat="-36.8566170" lon="-70.6764020">
    <ele>1260.4</ele>
   </trkpt>
   <trkpt lat="-36.8566090" lon="-70.6764220">
    <ele>1260.4</ele>
   </trkpt>
   <trkpt lat="-36.8566090" lon="-70.6764420">
    <ele>1260.6</ele>
   </trkpt>
   <trkpt lat="-36.8565980" lon="-70.6764760">
    <ele>1260.8</ele>
   </trkpt>
   <trkpt lat="-36.8565830" lon="-70.6765350">
    <ele>1261.2</ele>
   </trkpt>
   <trkpt lat="-36.8565720" lon="-70.6765510">
    <ele>1261.6</ele>
   </trkpt>
   <trkpt lat="-36.8565610" lon="-70.6765640">
    <ele>1262.0</ele>
   </trkpt>
   <trkpt lat="-36.8565000" lon="-70.6766650">
    <ele>1262.6</ele>
   </trkpt>
   <trkpt lat="-36.8564840" lon="-70.6767040">
    <ele>1262.6</ele>
   </trkpt>
   <trkpt lat="-36.8564790" lon="-70.6767310">
    <ele>1262.6</ele>
   </trkpt>
   <trkpt lat="-36.8564190" lon="-70.6769130">
    <ele>1263.0</ele>
   </trkpt>
   <trkpt lat="-36.8564130" lon="-70.6769580">
    <ele>1263.2</ele>
   </trkpt>
   <trkpt lat="-36.8562940" lon="-70.6773740">
    <ele>1265.0</ele>
   </trkpt>
   <trkpt lat="-36.8562470" lon="-70.6774880">
    <ele>1265.2</ele>
   </trkpt>
   <trkpt lat="-36.8560210" lon="-70.6778710">
    <ele>1264.2</ele>
   </trkpt>
   <trkpt lat="-36.8558950" lon="-70.6779910">
    <ele>1263.6</ele>
   </trkpt>
   <trkpt lat="-36.8558530" lon="-70.6780290">
    <ele>1263.4</ele>
   </trkpt>
   <trkpt lat="-36.8557270" lon="-70.6781450">
    <ele>1263.4</ele>
   </trkpt>
   <trkpt lat="-36.8555160" lon="-70.6782640">
    <ele>1262.8</ele>
   </trkpt>
   <trkpt lat="-36.8551540" lon="-70.6782980">
    <ele>1263.0</ele>
   </trkpt>
   <trkpt lat="-36.8549790" lon="-70.6782540">
    <ele>1263.2</ele>
   </trkpt>
   <trkpt lat="-36.8545890" lon="-70.6781900">
    <ele>1263.8</ele>
   </trkpt>
   <trkpt lat="-36.8545520" lon="-70.6781750">
    <ele>1264.0</ele>
   </trkpt>
   <trkpt lat="-36.8545170" lon="-70.6781750">
    <ele>1264.0</ele>
   </trkpt>
   <trkpt lat="-36.8544360" lon="-70.6781740">
    <ele>1264.2</ele>
   </trkpt>
   <trkpt lat="-36.8543970" lon="-70.6781690">
    <ele>1264.6</ele>
   </trkpt>
   <trkpt lat="-36.8543580" lon="-70.6781530">
    <ele>1264.4</ele>
   </trkpt>
   <trkpt lat="-36.8543240" lon="-70.6781470">
    <ele>1264.6</ele>
   </trkpt>
   <trkpt lat="-36.8539460" lon="-70.6780830">
    <ele>1264.8</ele>
   </trkpt>
   <trkpt lat="-36.8538610" lon="-70.6780670">
    <ele>1265.0</ele>
   </trkpt>
   <trkpt lat="-36.8534820" lon="-70.6779920">
    <ele>1265.6</ele>
   </trkpt>
   <trkpt lat="-36.8531050" lon="-70.6779110">
    <ele>1266.2</ele>
   </trkpt>
   <trkpt lat="-36.8527220" lon="-70.6778580">
    <ele>1266.0</ele>
   </trkpt>
   <trkpt lat="-36.8523420" lon="-70.6777820">
    <ele>1266.6</ele>
   </trkpt>
   <trkpt lat="-36.8521010" lon="-70.6777280">
    <ele>1266.8</ele>
   </trkpt>
   <trkpt lat="-36.8517350" lon="-70.6776740">
    <ele>1267.0</ele>
   </trkpt>
   <trkpt lat="-36.8515800" lon="-70.6776370">
    <ele>1267.0</ele>
   </trkpt>
   <trkpt lat="-36.8515260" lon="-70.6776310">
    <ele>1267.0</ele>
   </trkpt>
   <trkpt lat="-36.8511300" lon="-70.6775580">
    <ele>1267.4</ele>
   </trkpt>
   <trkpt lat="-36.8510820" lon="-70.6775420">
    <ele>1267.6</ele>
   </trkpt>
   <trkpt lat="-36.8506960" lon="-70.6774560">
    <ele>1268.0</ele>
   </trkpt>
   <trkpt lat="-36.8503160" lon="-70.6773830">
    <ele>1267.8</ele>
   </trkpt>
  </trkseg>
 </trk>
</gpx>
